id,date,created_utc,title,selftext,text,score,num_comments,subreddit,url
1s6i69c,2026-03-29,2026-03-29T01:35:55+00:00,The Index Podcast - Building the Future of Travel on Solana | Ivan Maltsev (Nomadz),,The Index Podcast - Building the Future of Travel on Solana | Ivan Maltsev (Nomadz),1,1,Solana,https://reddit.com/r/solana/comments/1s6i69c/the_index_podcast_building_the_future_of_travel/
1s6hnhv,2026-03-29,2026-03-29T01:11:21+00:00,"For years, crypto built in the gap between innovation and interpretation.",,"For years, crypto built in the gap between innovation and interpretation.",3,1,Solana,https://reddit.com/r/solana/comments/1s6hnhv/for_years_crypto_built_in_the_gap_between/
1s5xpiq,2026-03-28,2026-03-28T11:20:30+00:00,"Catherine Gu, Head Of Product & Digital Assets On Solana, Shares How Solana Is Looking At Privacy","**Source:** [https://x.com/SolanaFndn/status/2037848684109443385](https://x.com/SolanaFndn/status/2037848684109443385)

[@catgu\_](https://x.com/catgu_) shares how Solana is looking at privacy

https://reddit.com/link/1s5xpiq/video/myqy891lsrrg1/player

  
Privacy onchain isn't one thing. It's a spectrum.  
Our new report maps the full range, from pseudonymity to fully private computing.   
Download it here: [https://solana.com/fi/reports/privacy-2026](https://t.co/bv4AaXSqSI)

https://preview.redd.it/tymr8ougsrrg1.png?width=680&format=png&auto=webp&s=10c6ab2a1ee0b2ca56ad468424bb0896890df8ca

","Catherine Gu, Head Of Product & Digital Assets On Solana, Shares How Solana Is Looking At Privacy **Source:** [https://x.com/SolanaFndn/status/2037848684109443385](https://x.com/SolanaFndn/status/2037848684109443385)

[@catgu\_](https://x.com/catgu_) shares how Solana is looking at privacy

https://reddit.com/link/1s5xpiq/video/myqy891lsrrg1/player

  
Privacy onchain isn't one thing. It's a spectrum.  
Our new report maps the full range, from pseudonymity to fully private computing.   
Download it here: [https://solana.com/fi/reports/privacy-2026](https://t.co/bv4AaXSqSI)

https://preview.redd.it/tymr8ougsrrg1.png?width=680&format=png&auto=webp&s=10c6ab2a1ee0b2ca56ad468424bb0896890df8ca",5,1,Solana,https://reddit.com/r/solana/comments/1s5xpiq/catherine_gu_head_of_product_digital_assets_on/
1s5xmcu,2026-03-28,2026-03-28T11:15:43+00:00,THIS WEEK IN MEDIA - 3/20-3/27,"**Source:** [https://x.com/solana/status/2037843253089746957](https://x.com/solana/status/2037843253089746957)

https://preview.redd.it/btvmun0wrrrg1.png?width=680&format=png&auto=webp&s=49bef6a9364176530d67bcab0b15dfa459a7b073

**Read**

* Solana Developer Platform (SDP) went live, with 20+ infrastructure partners and Mastercard, Western Union and Worldpay as early users. Read about it  [This Week in Fintech](https://www.thisweekinfintech.com/p/solana-lands-mastercard-western-union-worldpay-for-new-stablecoin-platform) ,  [PYMNTS.com](https://www.pymnts.com/blockchain/2026/solana-simplifies-blockchain-for-enterprises-and-financial-institutions/) ,  [The Block](https://www.theblock.co/post/394756/mastercard-western-union-tap-solana-foundations-new-enterprise-developer-toolbox) ,  [The Street](https://www.thestreet.com/crypto/innovation/solana-debuts-solana-developer-platform)  and many others!
* Vibhu Norby, CPO, Solana Foundation, spoke at Blockworks DAS about Solana’s AI strategy - read the summary in CoinDesk:  [Foundation says network is becoming core infrastructure for ‘agentic’ internet](https://www.coindesk.com/business/2026/03/25/solana-bets-on-ai-agents-foundation-says-network-is-becoming-core-infrastructure-for-agentic-internet)
* Rishin Sharma, Head of AI Growth, Solana Foundation, spoke with Forbes about the rise in agentic payments and the intersection of crypto + AI:  [Why Crypto Is Obsessed With AI Agents](https://www.forbes.com/sites/ninabambysheva/2026/03/25/why-crypto-is-obsessed-with-ai-agents/)
* Solana Foundation published its  [privacy report](https://solana.com/reports/privacy-2026) , covered in CoinDesk:  [Solana Foundation targets institutions with new privacy framework](https://www.coindesk.com/tech/2026/03/23/solana-foundation-targets-institutions-with-new-privacy-framework)
* Backpack leveraged Sunrise for their TGE:  [Backpack Leverages Sunrise’s Distribution To Launch $BP Token Directly Into Solana DeFi Ecosystem](https://solanafloor.com/news/backpack-leverages-sunrise-s-distribution-to-launch-bp-token)

**Watch**

* Devin McGranahan, CEO of Western Union, joined Fox Business to talk about launching their stablecoin, USDPT, on Solana:  [Western Union launches stablecoin on Solana to revolutionize money transfers ](https://www.foxbusiness.com/video/6391560244112)
* Catherine Gu, Head of Product, Digital Assets, Solana Foundation, discusses the launch of SDP on FintechTV:  [Solana Launches New Developer Platform for Banks, Payments & Stablecoins](https://fintech.tv/solana-launches-new-developer-platform-for-banks-payments-stablecoins/)
* Solana Policy Institute’s Founder and CEO, Miller Whitehouse Levine, discussed tax season and crypto at DAS:  [Tax Season Challenges for Crypto Traders: De Minimis Exemption and Staking Tax Treatment](https://fintech.tv/tax-season-challenges-for-crypto-traders-de-minimis-exemption-and-staking-tax-treatment/)
* ICYMI, the  [Solana Ecosystem Call](https://x.com/solana/status/2037169157314085282)  is back!

**Listen**

* Kash Dhanda from Jupiter on Milk Road:  [Solana Just Hit 2 Billion Transactions… Here’s What It Means w/ Kash Dhanda](https://www.youtube.com/watch?v=N4UCmjh14qo)
* Michael Chan from Zand Bank on  [Solana is Global](https://solana.com/fi/podcasts/solana-is-global-with-alex-scott/episodes/michael-chan-zand-bank-e3grp0i)  with Alex Scott
* Chase Barker from Solana Foundation on  [The Stack](https://solana.com/fi/podcasts/the-stack-with-ilan-gitter/episodes/chase-barker-solana-foundation-e3gv7qj)  with Ilan Gitter

","THIS WEEK IN MEDIA - 3/20-3/27 **Source:** [https://x.com/solana/status/2037843253089746957](https://x.com/solana/status/2037843253089746957)

https://preview.redd.it/btvmun0wrrrg1.png?width=680&format=png&auto=webp&s=49bef6a9364176530d67bcab0b15dfa459a7b073

**Read**

* Solana Developer Platform (SDP) went live, with 20+ infrastructure partners and Mastercard, Western Union and Worldpay as early users. Read about it  [This Week in Fintech](https://www.thisweekinfintech.com/p/solana-lands-mastercard-western-union-worldpay-for-new-stablecoin-platform) ,  [PYMNTS.com](https://www.pymnts.com/blockchain/2026/solana-simplifies-blockchain-for-enterprises-and-financial-institutions/) ,  [The Block](https://www.theblock.co/post/394756/mastercard-western-union-tap-solana-foundations-new-enterprise-developer-toolbox) ,  [The Street](https://www.thestreet.com/crypto/innovation/solana-debuts-solana-developer-platform)  and many others!
* Vibhu Norby, CPO, Solana Foundation, spoke at Blockworks DAS about Solana’s AI strategy - read the summary in CoinDesk:  [Foundation says network is becoming core infrastructure for ‘agentic’ internet](https://www.coindesk.com/business/2026/03/25/solana-bets-on-ai-agents-foundation-says-network-is-becoming-core-infrastructure-for-agentic-internet)
* Rishin Sharma, Head of AI Growth, Solana Foundation, spoke with Forbes about the rise in agentic payments and the intersection of crypto + AI:  [Why Crypto Is Obsessed With AI Agents](https://www.forbes.com/sites/ninabambysheva/2026/03/25/why-crypto-is-obsessed-with-ai-agents/)
* Solana Foundation published its  [privacy report](https://solana.com/reports/privacy-2026) , covered in CoinDesk:  [Solana Foundation targets institutions with new privacy framework](https://www.coindesk.com/tech/2026/03/23/solana-foundation-targets-institutions-with-new-privacy-framework)
* Backpack leveraged Sunrise for their TGE:  [Backpack Leverages Sunrise’s Distribution To Launch $BP Token Directly Into Solana DeFi Ecosystem](https://solanafloor.com/news/backpack-leverages-sunrise-s-distribution-to-launch-bp-token)

**Watch**

* Devin McGranahan, CEO of Western Union, joined Fox Business to talk about launching their stablecoin, USDPT, on Solana:  [Western Union launches stablecoin on Solana to revolutionize money transfers ](https://www.foxbusiness.com/video/6391560244112)
* Catherine Gu, Head of Product, Digital Assets, Solana Foundation, discusses the launch of SDP on FintechTV:  [Solana Launches New Developer Platform for Banks, Payments & Stablecoins](https://fintech.tv/solana-launches-new-developer-platform-for-banks-payments-stablecoins/)
* Solana Policy Institute’s Founder and CEO, Miller Whitehouse Levine, discussed tax season and crypto at DAS:  [Tax Season Challenges for Crypto Traders: De Minimis Exemption and Staking Tax Treatment](https://fintech.tv/tax-season-challenges-for-crypto-traders-de-minimis-exemption-and-staking-tax-treatment/)
* ICYMI, the  [Solana Ecosystem Call](https://x.com/solana/status/2037169157314085282)  is back!

**Listen**

* Kash Dhanda from Jupiter on Milk Road:  [Solana Just Hit 2 Billion Transactions… Here’s What It Means w/ Kash Dhanda](https://www.youtube.com/watch?v=N4UCmjh14qo)
* Michael Chan from Zand Bank on  [Solana is Global](https://solana.com/fi/podcasts/solana-is-global-with-alex-scott/episodes/michael-chan-zand-bank-e3grp0i)  with Alex Scott
* Chase Barker from Solana Foundation on  [The Stack](https://solana.com/fi/podcasts/the-stack-with-ilan-gitter/episodes/chase-barker-solana-foundation-e3gv7qj)  with Ilan Gitter",7,2,Solana,https://reddit.com/r/solana/comments/1s5xmcu/this_week_in_media_320327/
1s5vzjr,2026-03-28,2026-03-28T09:39:04+00:00,"SpaceX could file for IPO as soon as this week, as reported by The Information.",,"SpaceX could file for IPO as soon as this week, as reported by The Information.",5,6,Solana,https://reddit.com/r/solana/comments/1s5vzjr/spacex_could_file_for_ipo_as_soon_as_this_week_as/
1s5o3k8,2026-03-28,2026-03-28T02:19:54+00:00,Stuff I Didn't Know Till This Week | Solana Feature Activations (@micaiah_txtx),"**Source:** [https://x.com/micaiah\_txtx/status/2037584742036709885](https://x.com/micaiah_txtx/status/2037584742036709885)

# Stuff I Didn't Know Till This Week | Solana Feature Activations

https://preview.redd.it/ag7k0bj83prg1.png?width=680&format=png&auto=webp&s=6662cd77c66a5db31d392518152a87efbf4e2615

  
Last week I had to dive into the world of Solana Feature Gates for a project I was working on, so I wanted to summarize some of my learnings in case it's useful or interesting to anyone else.

Solana's feature gate mechanism allows the network of validators to update the behavior of the Solana runtime without causing a hardfork of the network. On Ethereum, changes to a validator client requires huge amounts of coordination. This means a higher fixed cost for an upgrade, which incentivizes more changes being added to a hardfork, which leads to more delays in shipping.

Comparing the steps for a Solana feature activation and an Ethereum hardfork is really cool to see; it shows how IBRL is not just ""Solana culture"". It's baked into the protocol itself.

Solana is continuous integration, Ethereum is large versioned releases.

# Ethereum Hardforks

From a high-level, an Ethereum hardfork requires:

* A set of approved  [EIPs](https://github.com/ethereum/EIPs)  to be agreed upon to be included in the hardfork
* All Ethereum clients to implement these new EIPs\*
* An activation day to be chosen and that timestamp to be HARDCODED into the protocol activation
* All validator runners to update their clients by the time the fork is due
* When the chain reaches the activation timestamp, the behavior is changed and any clients that haven't updated are creating invalid blocks (thus, a hard fork of the network)

This process requires coordination among all client implementations, a quorum of validator runners to upgrade in time, and leads to huge changes to the network that are irreversible without another hardfork.

If Ethereum were a developer, he's the guy that doesn't submit his PR until it's ""just right"" and leaves you with 50k lines of code to review 🤬😅

\* I will note that Ethereum has more client implementations to coordinate, which is arguably better for decentralization - leading to less single points of failure in the software supply chain, but increased coordination costs

# Solana Feature Activations

Compare that to Solana Feature Activations: each 

[SIMD](https://github.com/solana-foundation/solana-improvement-documents)

 gets its own feature activation that can go live semi-automatically as enough clients adopt the new version.

Generally, the steps for a feature activation are:

* A SIMD is written and debated over, and possibly approved
* A pubkey for that SIMD activation is generated, and added to the list of features in the Solana clients, starting off as inactive
* The post-activation implementation of that feature is added to the clients
* Validators update their client to support the new feature
* Once a quorum of validators (95% of stake) have updated, the feature account is initialized by a core dev of the feature with a CLI command, marking the feature as ""pending""
* At the next epoch change, validators check for pending activations, find the new feature, and mark it as active internally.

This architecture means that features can be implemented and shipped in small batches, bringing a consistent flow of incremental changes to the network. Each network upgrade can be felt on its own, rather than being a part of a huge package of changes.

Another beautiful thing about the Solana features is that with the introduction of 

[SIMD-0089](https://github.com/solana-foundation/solana-improvement-documents/blob/main/proposals/0089-programify-feature-gate-program.md)

, pending feature activations can be revoked.

Now that we've seen how these activations work at a high level, let's look at some code.

# The Feature Account

A feature activation account is a simple account that is owned by the feature account Feature111111111111111111111111111111111111 and represented by the struct:

    pub struct Feature {
        pub activated_at: Option<u64>,
    }

  
**Code** [**here**](https://github.com/anza-xyz/solana-sdk/blob/aeeb6e3c5ca056736f183c04bdc85201f9ca2953/feature-gate-interface/src/state.rs#L14-L16)  
If there's a feature being activated at myFEATURE11111111111111111111111, it can have three relevant states: Inactive  
When the account does not exist or is not owned by the Feature111111111111111111111111111111111111 account, it's considered inactive - at any epoch change the validators will ignore this account, and any of the runtime code paths for this feature are inactive. Pending  
Once the feature account is owned by Feature111111111111111111111111111111111111, if the account data is empty or the first bit is 0 (i.e., activated\_at: None), it's in a ""pending"" state. Once an epoch boundary is crossed, all validators will find this pending feature and set its activated\_at field to the current slot. Active  
Once the feature account is owned by Feature111111111111111111111111111111111111 and the activated\_at field is filled, the feature is active and the new behavior is live. These three states beg a few questions. How do the validators know to check for the new feature myFEATURE11111111111111111111111 at epoch boundary? How is the new behavior actually implemented at the client level. Feature Sets When a feature author is implementing a feature, they first generate the feature's pubkey (e.g. myFEATURE11111111111111111111111). Then they also add it to the agave client's feature-set crate. They provide the pubkey for the new feature, add it to a list of all  FEATURE\_NAMES, and add it to a  FeatureSnapshot of features that are not active on all clusters:



    pub mod my_new_feature_does_great_things_i_promise {
        solana_pubkey::declare_id!(""myFEATURE11111111111111111111111"");
    }
    
    ...
    
    pub static FEATURE_NAMES: LazyLock<AHashMap<Pubkey, &'static str>> = LazyLock::new(|| {
        [
        ...
            (
              my_new_feature_does_great_things_i_promise::id(),
              ""SIMD_XXXX: GREAT THINGS""
            )
        ]
        .iter()
        .cloned()
        .collect()
    });
    
    ...
    
    
    pub struct FeatureSnapshot {
     ...
     pub my_new_feature_does_great_things_i_promise_enabled: bool
    }
    
    
    Internally, the validator maintains a FeatureSet struct:

    pub struct FeatureSet {
        active: AHashMap<Pubkey, u64>,
        inactive: AHashSet<Pubkey>,
        snapshot: FeatureSnapshot,
    }

  
With this information, the validator client knows about all of the feature accounts. On startup, it can treat all features as inactive. Then it can fetch the account state for each account in FEATURE\_NAMES to determine if it's active, and activate it if so.

When a new epoch is being processed, these accounts can once again be iterated to find features that are pending activation:

    fn compute_active_feature_set(&self, include_pending: bool) -> (FeatureSet, AHashSet<Pubkey>) {
        let mut active = self.feature_set.active().clone();
        let mut inactive = AHashSet::new();
        let mut pending = AHashSet::new();
        let slot = self.slot();
    
        for feature_id in self.feature_set.inactive() {
            let mut activated = None;
            if let Some(account) = self.get_account_with_fixed_root(feature_id) {
                if let Some(feature) = feature::state::from_account(&account) {
                    match feature.activated_at {
                        None if include_pending => {
                            // Feature activation is pending
                            pending.insert(*feature_id);
                            activated = Some(slot);
                        }
                        Some(activation_slot) if slot >= activation_slot => {
                            // Feature has been activated already
                            activated = Some(activation_slot);
                        }
                        _ => {}
                    }
                }
            }
            if let Some(slot) = activated {
                active.insert(*feature_id, slot);
            } else {
                inactive.insert(*feature_id);
            }
        }
    
        (FeatureSet::new(active, inactive), pending)
    }

**Code** [**here**](https://github.com/anza-xyz/agave/blob/a7cd820c3fa0acd8f6ac19e8952ca3b005b8a014/runtime/src/bank.rs#L5805-L5837)

Each inactive feature account is fetched again to check if there are new features to be activated. This allows the validator to both treat the feature as active from here on out, but it also provides a list of ""new feature activations"", so that any one-time code paths that need to be executed for the feature to function properly can be run.

This leads us to the actual feature implementations. For that, we'll look at a couple of examples.

# SIMD-0194

[@deanmlittle](https://x.com/@deanmlittle) recently got [SIMD-0194](https://github.com/solana-foundation/solana-improvement-documents/blob/63c4c5cf4da08b07b8e1efa3ed79348a34f57919/proposals/0194-deprecate-rent-exemption-threshold.md) activated in mainnet. The SIMD is [beautifully simple](https://github.com/anza-xyz/agave/pull/7373/changes). This change showcases the epoch-boundary changes that a newly activated feature can implement:

    if new_feature_activations.contains(&feature_set::deprecate_rent_exemption_threshold::id())
    {
        self.rent_collector.rent.lamports_per_byte_year =
            (self.rent_collector.rent.lamports_per_byte_year as f64
                * self.rent_collector.rent.exemption_threshold) as u64;
        self.rent_collector.rent.exemption_threshold = 1.0;
        self.update_rent();
    }

If this feature is newly activated, set a few values. The internals of this if statement will be executed once and voila, feature implemented.

# SIMD-0266

[SIMD-0266](https://github.com/solana-foundation/solana-improvement-documents/blob/63c4c5cf4da08b07b8e1efa3ed79348a34f57919/proposals/0266-efficient-token-program.md?plain=1#L3) by [@0x\_febo](https://x.com/@0x_febo) introduces p-token, significantly improving the CU-efficiency of SPL token instructions. Knowing the 

[massive scale and impact](https://x.com/micaiah_txtx/status/2035193313880387977?s=20)

 of this change makes seeing the actual feature activation change's simplicity almost comical to see:

    if new_feature_activations.contains(&feature_set::replace_spl_token_with_p_token::id()) {
        if let Err(e) = self.upgrade_loader_v2_program_with_loader_v3_program(
            &feature_set::replace_spl_token_with_p_token::SPL_TOKEN_PROGRAM_ID,
            &feature_set::replace_spl_token_with_p_token::PTOKEN_PROGRAM_BUFFER,
            self.feature_set
                .snapshot()
                .relax_programdata_account_check_migration,
            ""replace_spl_token_with_p_token"",
        ) {
            warn!(
                ""Failed to replace SPL Token with p-token buffer '{}': {e}"",
                feature_set::replace_spl_token_with_p_token::PTOKEN_PROGRAM_BUFFER,
            );
        }
    }

**Code** [**here**](https://github.com/anza-xyz/agave/blob/a7cd820c3fa0acd8f6ac19e8952ca3b005b8a014/runtime/src/bank.rs#L5698-L5712)

It's as simple as ""if we're activating this feature, upgrade our SPL-token program to point a new program"". The actual new token program can be written, tested, and deployed (to the PTOKEN\_PROGRAM\_BUFFER account) completely independently. When the feature is ready to be activated, it's a simple swap out and the whole network benefits from CU reduction. Incredible!

# SIMD Checker

I started diving into the world of Solana feature activations because I was building a simple tool to be able to verify that each SIMD activation is actually doing what we expect it to do: the  [simd-checker](https://github.com/solana-foundation/simd-checker) Inspired by [@deanmlittle](https://x.com/@deanmlittle)'s [simd-0194-checker](https://github.com/deanmlittle/simd-194-checker), with this project I want to compile a set of simple on-chain programs that showcase the runtime behavior of each SIMD.

While only a few SIMDs are implemented currently, each test will be composed of:

* an entry in the  [manifest](https://github.com/solana-foundation/simd-checker/blob/main/manifest.yaml)  showing the SIMDs activation status on each network, the deployment status of the test program, and its relationship to other SIMDs, if any
* an on-chain program that  [detects if the expected feature is in the expected activation status](https://github.com/solana-foundation/simd-checker/blob/main/crates/program-common/src/lib.rs#L41)  and allows  [verifying](https://github.com/solana-foundation/simd-checker/blob/af90804327bd2cd2a243d3fe5fc4b17053d6ee0f/programs/simd_0194/src/lib.rs#L40-L50) runtime values for a feature
* an RPC-layer component that allows writing some ""non-runtime"" checks

When a feature is tested locally using [surfpool](https://www.surfpool.run/), each feature is tested twice: one surfnet is started with the feature inactive(but all other previous features active), to verify the runtime behaves as expected when the feature is not yet active, and another is started with the feature active, verifying the enabled state.

Like I said, only a few SIMDs are currently implemented. So if you're interested in learning more about a specific SIMD, open up a PR to add a test to this tool! Who knows, you may discover a runtime bug before a feature is activated!","Stuff I Didn't Know Till This Week | Solana Feature Activations (@micaiah_txtx) **Source:** [https://x.com/micaiah\_txtx/status/2037584742036709885](https://x.com/micaiah_txtx/status/2037584742036709885)

# Stuff I Didn't Know Till This Week | Solana Feature Activations

https://preview.redd.it/ag7k0bj83prg1.png?width=680&format=png&auto=webp&s=6662cd77c66a5db31d392518152a87efbf4e2615

  
Last week I had to dive into the world of Solana Feature Gates for a project I was working on, so I wanted to summarize some of my learnings in case it's useful or interesting to anyone else.

Solana's feature gate mechanism allows the network of validators to update the behavior of the Solana runtime without causing a hardfork of the network. On Ethereum, changes to a validator client requires huge amounts of coordination. This means a higher fixed cost for an upgrade, which incentivizes more changes being added to a hardfork, which leads to more delays in shipping.

Comparing the steps for a Solana feature activation and an Ethereum hardfork is really cool to see; it shows how IBRL is not just ""Solana culture"". It's baked into the protocol itself.

Solana is continuous integration, Ethereum is large versioned releases.

# Ethereum Hardforks

From a high-level, an Ethereum hardfork requires:

* A set of approved  [EIPs](https://github.com/ethereum/EIPs)  to be agreed upon to be included in the hardfork
* All Ethereum clients to implement these new EIPs\*
* An activation day to be chosen and that timestamp to be HARDCODED into the protocol activation
* All validator runners to update their clients by the time the fork is due
* When the chain reaches the activation timestamp, the behavior is changed and any clients that haven't updated are creating invalid blocks (thus, a hard fork of the network)

This process requires coordination among all client implementations, a quorum of validator runners to upgrade in time, and leads to huge changes to the network that are irreversible without another hardfork.

If Ethereum were a developer, he's the guy that doesn't submit his PR until it's ""just right"" and leaves you with 50k lines of code to review 🤬😅

\* I will note that Ethereum has more client implementations to coordinate, which is arguably better for decentralization - leading to less single points of failure in the software supply chain, but increased coordination costs

# Solana Feature Activations

Compare that to Solana Feature Activations: each 

[SIMD](https://github.com/solana-foundation/solana-improvement-documents)

 gets its own feature activation that can go live semi-automatically as enough clients adopt the new version.

Generally, the steps for a feature activation are:

* A SIMD is written and debated over, and possibly approved
* A pubkey for that SIMD activation is generated, and added to the list of features in the Solana clients, starting off as inactive
* The post-activation implementation of that feature is added to the clients
* Validators update their client to support the new feature
* Once a quorum of validators (95% of stake) have updated, the feature account is initialized by a core dev of the feature with a CLI command, marking the feature as ""pending""
* At the next epoch change, validators check for pending activations, find the new feature, and mark it as active internally.

This architecture means that features can be implemented and shipped in small batches, bringing a consistent flow of incremental changes to the network. Each network upgrade can be felt on its own, rather than being a part of a huge package of changes.

Another beautiful thing about the Solana features is that with the introduction of 

[SIMD-0089](https://github.com/solana-foundation/solana-improvement-documents/blob/main/proposals/0089-programify-feature-gate-program.md)

, pending feature activations can be revoked.

Now that we've seen how these activations work at a high level, let's look at some code.

# The Feature Account

A feature activation account is a simple account that is owned by the feature account Feature111111111111111111111111111111111111 and represented by the struct:

    pub struct Feature {
        pub activated_at: Option<u64>,
    }

  
**Code** [**here**](https://github.com/anza-xyz/solana-sdk/blob/aeeb6e3c5ca056736f183c04bdc85201f9ca2953/feature-gate-interface/src/state.rs#L14-L16)  
If there's a feature being activated at myFEATURE11111111111111111111111, it can have three relevant states: Inactive  
When the account does not exist or is not owned by the Feature111111111111111111111111111111111111 account, it's considered inactive - at any epoch change the validators will ignore this account, and any of the runtime code paths for this feature are inactive. Pending  
Once the feature account is owned by Feature111111111111111111111111111111111111, if the account data is empty or the first bit is 0 (i.e., activated\_at: None), it's in a ""pending"" state. Once an epoch boundary is crossed, all validators will find this pending feature and set its activated\_at field to the current slot. Active  
Once the feature account is owned by Feature111111111111111111111111111111111111 and the activated\_at field is filled, the feature is active and the new behavior is live. These three states beg a few questions. How do the validators know to check for the new feature myFEATURE11111111111111111111111 at epoch boundary? How is the new behavior actually implemented at the client level. Feature Sets When a feature author is implementing a feature, they first generate the feature's pubkey (e.g. myFEATURE11111111111111111111111). Then they also add it to the agave client's feature-set crate. They provide the pubkey for the new feature, add it to a list of all  FEATURE\_NAMES, and add it to a  FeatureSnapshot of features that are not active on all clusters:



    pub mod my_new_feature_does_great_things_i_promise {
        solana_pubkey::declare_id!(""myFEATURE11111111111111111111111"");
    }
    
    ...
    
    pub static FEATURE_NAMES: LazyLock<AHashMap<Pubkey, &'static str>> = LazyLock::new(|| {
        [
        ...
            (
              my_new_feature_does_great_things_i_promise::id(),
              ""SIMD_XXXX: GREAT THINGS""
            )
        ]
        .iter()
        .cloned()
        .collect()
    });
    
    ...
    
    
    pub struct FeatureSnapshot {
     ...
     pub my_new_feature_does_great_things_i_promise_enabled: bool
    }
    
    
    Internally, the validator maintains a FeatureSet struct:

    pub struct FeatureSet {
        active: AHashMap<Pubkey, u64>,
        inactive: AHashSet<Pubkey>,
        snapshot: FeatureSnapshot,
    }

  
With this information, the validator client knows about all of the feature accounts. On startup, it can treat all features as inactive. Then it can fetch the account state for each account in FEATURE\_NAMES to determine if it's active, and activate it if so.

When a new epoch is being processed, these accounts can once again be iterated to find features that are pending activation:

    fn compute_active_feature_set(&self, include_pending: bool) -> (FeatureSet, AHashSet<Pubkey>) {
        let mut active = self.feature_set.active().clone();
        let mut inactive = AHashSet::new();
        let mut pending = AHashSet::new();
        let slot = self.slot();
    
        for feature_id in self.feature_set.inactive() {
            let mut activated = None;
            if let Some(account) = self.get_account_with_fixed_root(feature_id) {
                if let Some(feature) = feature::state::from_account(&account) {
                    match feature.activated_at {
                        None if include_pending => {
                            // Feature activation is pending
                            pending.insert(*feature_id);
                            activated = Some(slot);
                        }
                        Some(activation_slot) if slot >= activation_slot => {
                            // Feature has been activated already
                            activated = Some(activation_slot);
                        }
                        _ => {}
                    }
                }
            }
            if let Some(slot) = activated {
                active.insert(*feature_id, slot);
            } else {
                inactive.insert(*feature_id);
            }
        }
    
        (FeatureSet::new(active, inactive), pending)
    }

**Code** [**here**](https://github.com/anza-xyz/agave/blob/a7cd820c3fa0acd8f6ac19e8952ca3b005b8a014/runtime/src/bank.rs#L5805-L5837)

Each inactive feature account is fetched again to check if there are new features to be activated. This allows the validator to both treat the feature as active from here on out, but it also provides a list of ""new feature activations"", so that any one-time code paths that need to be executed for the feature to function properly can be run.

This leads us to the actual feature implementations. For that, we'll look at a couple of examples.

# SIMD-0194

[@deanmlittle](https://x.com/@deanmlittle) recently got [SIMD-0194](https://github.com/solana-foundation/solana-improvement-documents/blob/63c4c5cf4da08b07b8e1efa3ed79348a34f57919/proposals/0194-deprecate-rent-exemption-threshold.md) activated in mainnet. The SIMD is [beautifully simple](https://github.com/anza-xyz/agave/pull/7373/changes). This change showcases the epoch-boundary changes that a newly activated feature can implement:

    if new_feature_activations.contains(&feature_set::deprecate_rent_exemption_threshold::id())
    {
        self.rent_collector.rent.lamports_per_byte_year =
            (self.rent_collector.rent.lamports_per_byte_year as f64
                * self.rent_collector.rent.exemption_threshold) as u64;
        self.rent_collector.rent.exemption_threshold = 1.0;
        self.update_rent();
    }

If this feature is newly activated, set a few values. The internals of this if statement will be executed once and voila, feature implemented.

# SIMD-0266

[SIMD-0266](https://github.com/solana-foundation/solana-improvement-documents/blob/63c4c5cf4da08b07b8e1efa3ed79348a34f57919/proposals/0266-efficient-token-program.md?plain=1#L3) by [@0x\_febo](https://x.com/@0x_febo) introduces p-token, significantly improving the CU-efficiency of SPL token instructions. Knowing the 

[massive scale and impact](https://x.com/micaiah_txtx/status/2035193313880387977?s=20)

 of this change makes seeing the actual feature activation change's simplicity almost comical to see:

    if new_feature_activations.contains(&feature_set::replace_spl_token_with_p_token::id()) {
        if let Err(e) = self.upgrade_loader_v2_program_with_loader_v3_program(
            &feature_set::replace_spl_token_with_p_token::SPL_TOKEN_PROGRAM_ID,
            &feature_set::replace_spl_token_with_p_token::PTOKEN_PROGRAM_BUFFER,
            self.feature_set
                .snapshot()
                .relax_programdata_account_check_migration,
            ""replace_spl_token_with_p_token"",
        ) {
            warn!(
                ""Failed to replace SPL Token with p-token buffer '{}': {e}"",
                feature_set::replace_spl_token_with_p_token::PTOKEN_PROGRAM_BUFFER,
            );
        }
    }

**Code** [**here**](https://github.com/anza-xyz/agave/blob/a7cd820c3fa0acd8f6ac19e8952ca3b005b8a014/runtime/src/bank.rs#L5698-L5712)

It's as simple as ""if we're activating this feature, upgrade our SPL-token program to point a new program"". The actual new token program can be written, tested, and deployed (to the PTOKEN\_PROGRAM\_BUFFER account) completely independently. When the feature is ready to be activated, it's a simple swap out and the whole network benefits from CU reduction. Incredible!

# SIMD Checker

I started diving into the world of Solana feature activations because I was building a simple tool to be able to verify that each SIMD activation is actually doing what we expect it to do: the  [simd-checker](https://github.com/solana-foundation/simd-checker) Inspired by [@deanmlittle](https://x.com/@deanmlittle)'s [simd-0194-checker](https://github.com/deanmlittle/simd-194-checker), with this project I want to compile a set of simple on-chain programs that showcase the runtime behavior of each SIMD.

While only a few SIMDs are implemented currently, each test will be composed of:

* an entry in the  [manifest](https://github.com/solana-foundation/simd-checker/blob/main/manifest.yaml)  showing the SIMDs activation status on each network, the deployment status of the test program, and its relationship to other SIMDs, if any
* an on-chain program that  [detects if the expected feature is in the expected activation status](https://github.com/solana-foundation/simd-checker/blob/main/crates/program-common/src/lib.rs#L41)  and allows  [verifying](https://github.com/solana-foundation/simd-checker/blob/af90804327bd2cd2a243d3fe5fc4b17053d6ee0f/programs/simd_0194/src/lib.rs#L40-L50) runtime values for a feature
* an RPC-layer component that allows writing some ""non-runtime"" checks

When a feature is tested locally using [surfpool](https://www.surfpool.run/), each feature is tested twice: one surfnet is started with the feature inactive(but all other previous features active), to verify the runtime behaves as expected when the feature is not yet active, and another is started with the feature active, verifying the enabled state.

Like I said, only a few SIMDs are currently implemented. So if you're interested in learning more about a specific SIMD, open up a PR to add a test to this tool! Who knows, you may discover a runtime bug before a feature is activated!",7,3,Solana,https://reddit.com/r/solana/comments/1s5o3k8/stuff_i_didnt_know_till_this_week_solana_feature/
1s5lf15,2026-03-28,2026-03-28T00:17:21+00:00,"Solana Explorer's IDL Tab Now Has ""Generate SDK""","**Source:** [https://x.com/dev\_jodee/status/2037237977282175118](https://x.com/dev_jodee/status/2037237977282175118)

Solana Explorer's IDL tab now has ""Generate SDK""  
  
Find any program's IDL → generate a client in your preferred language.  
  
Now supports Rust, TypeScript, Umi, and Go. More to come. shoutout to [@SolPlay\_jonas](https://x.com/SolPlay_jonas) for the demo 🧵

https://reddit.com/link/1s5lf15/video/7rfcy42biorg1/player

Castaway is an online tool that uses [@lorismatic](https://x.com/lorismatic)'s Codama under the hood to generate typed clients from any program that has published an on-chain IDL.  
Explorer now links straight to it.

  
Try it in Solana Explorer @ [http://explorer.solana.com](https://t.co/6EVA7wyGkN)  
MIT license.  
→ [https://www.castaway.lol/](https://www.castaway.lol/)

https://preview.redd.it/whtaqxaeiorg1.png?width=680&format=png&auto=webp&s=795c0c851ac1c7ff383c32bde7e8f915df62e10f","Solana Explorer's IDL Tab Now Has ""Generate SDK"" **Source:** [https://x.com/dev\_jodee/status/2037237977282175118](https://x.com/dev_jodee/status/2037237977282175118)

Solana Explorer's IDL tab now has ""Generate SDK""  
  
Find any program's IDL → generate a client in your preferred language.  
  
Now supports Rust, TypeScript, Umi, and Go. More to come. shoutout to [@SolPlay\_jonas](https://x.com/SolPlay_jonas) for the demo 🧵

https://reddit.com/link/1s5lf15/video/7rfcy42biorg1/player

Castaway is an online tool that uses [@lorismatic](https://x.com/lorismatic)'s Codama under the hood to generate typed clients from any program that has published an on-chain IDL.  
Explorer now links straight to it.

  
Try it in Solana Explorer @ [http://explorer.solana.com](https://t.co/6EVA7wyGkN)  
MIT license.  
→ [https://www.castaway.lol/](https://www.castaway.lol/)

https://preview.redd.it/whtaqxaeiorg1.png?width=680&format=png&auto=webp&s=795c0c851ac1c7ff383c32bde7e8f915df62e10f",5,4,Solana,https://reddit.com/r/solana/comments/1s5lf15/solana_explorers_idl_tab_now_has_generate_sdk/
1s4xrby,2026-03-27,2026-03-27T07:52:31+00:00,"Hydex Launches hySOL: Stake SOL, Earn Private Zcash Rewards","Hydex, winner of the Zypherpunk Hackathon, introduced hySOL — a non-custodial, fully on-chain staking protocol.  
Users can now stake SOL on Solana and earn Zcash rewards through its secure Zcash-Solana privacy bridge.

[https://x.com/hydex\_io/status/2036808964076417217](https://x.com/hydex_io/status/2036808964076417217)","Hydex Launches hySOL: Stake SOL, Earn Private Zcash Rewards Hydex, winner of the Zypherpunk Hackathon, introduced hySOL — a non-custodial, fully on-chain staking protocol.  
Users can now stake SOL on Solana and earn Zcash rewards through its secure Zcash-Solana privacy bridge.

[https://x.com/hydex\_io/status/2036808964076417217](https://x.com/hydex_io/status/2036808964076417217)",6,3,Solana,https://reddit.com/r/solana/comments/1s4xrby/hydex_launches_hysol_stake_sol_earn_private_zcash/
1s4pags,2026-03-27,2026-03-27T00:40:56+00:00,"BagsApp Introduces ""Stocks On BagsApp"", Now Anyone Can Launch A Company On Chain And Register A Business In Seconds","**Source:** [https://x.com/BagsApp/status/2037317029540065631](https://x.com/BagsApp/status/2037317029540065631)

Introducing Stocks on [@BagsApp](https://x.com/BagsApp)   
Now anyone can launch a company on chain and register a business in seconds with real verified ownership.   
  
When a company is launched, up to 30% of company stock is reserved for holders.   
  
This creates a clear structure for companies to provide shareholder value, including IP rights, ownership, and more.

https://preview.redd.it/jh8xvl1hhhrg1.png?width=680&format=png&auto=webp&s=99c7f48dda8de5397ed97ff656f1b05bec357b2c

We've partnered with [@BedrockFndn](https://x.com/BedrockFndn) to help make this possible on [@BagsApp](https://x.com/BagsApp)  
Learn more about how it works here: [https://bedrockfndn.org/learn](https://bedrockfndn.org/learn)

https://preview.redd.it/twvz0imkhhrg1.png?width=506&format=png&auto=webp&s=62cf53e6df68549190416ed0e7914e13bafa8706

Launch your company here 👇

[https://bags.fm/launch](https://bags.fm/launch)

https://preview.redd.it/7bbrv9nlhhrg1.png?width=680&format=png&auto=webp&s=b09d706057f06b945fed9385c02cd0f3ddaf14fd

","BagsApp Introduces ""Stocks On BagsApp"", Now Anyone Can Launch A Company On Chain And Register A Business In Seconds **Source:** [https://x.com/BagsApp/status/2037317029540065631](https://x.com/BagsApp/status/2037317029540065631)

Introducing Stocks on [@BagsApp](https://x.com/BagsApp)   
Now anyone can launch a company on chain and register a business in seconds with real verified ownership.   
  
When a company is launched, up to 30% of company stock is reserved for holders.   
  
This creates a clear structure for companies to provide shareholder value, including IP rights, ownership, and more.

https://preview.redd.it/jh8xvl1hhhrg1.png?width=680&format=png&auto=webp&s=99c7f48dda8de5397ed97ff656f1b05bec357b2c

We've partnered with [@BedrockFndn](https://x.com/BedrockFndn) to help make this possible on [@BagsApp](https://x.com/BagsApp)  
Learn more about how it works here: [https://bedrockfndn.org/learn](https://bedrockfndn.org/learn)

https://preview.redd.it/twvz0imkhhrg1.png?width=506&format=png&auto=webp&s=62cf53e6df68549190416ed0e7914e13bafa8706

Launch your company here 👇

[https://bags.fm/launch](https://bags.fm/launch)

https://preview.redd.it/7bbrv9nlhhrg1.png?width=680&format=png&auto=webp&s=b09d706057f06b945fed9385c02cd0f3ddaf14fd",8,4,Solana,https://reddit.com/r/solana/comments/1s4pags/bagsapp_introduces_stocks_on_bagsapp_now_anyone/
1s4tuv8,2026-03-27,2026-03-27T04:08:08+00:00,Any advice for staking my sol?, I've  collected 117 sol in the last two years with an average around $135 usd. I'm not going to sell until solana hits around $500. Just curious what do you recommend I should do in regards to staking my sol? I've never staked before so I don't want to make a stupid decision ,Any advice for staking my sol?  I've  collected 117 sol in the last two years with an average around $135 usd. I'm not going to sell until solana hits around $500. Just curious what do you recommend I should do in regards to staking my sol? I've never staked before so I don't want to make a stupid decision,25,39,Solana,https://reddit.com/r/solana/comments/1s4tuv8/any_advice_for_staking_my_sol/
1s4wfqj,2026-03-27,2026-03-27T06:29:21+00:00,What's the most efficient way to monitor 500+ wallet addresses at once?,"Building a whale tracking tool. I need real-time alerts whenever any of \~500 wallets makes a trade, transfer, or interaction. Setting up individual watchers per address doesn't scale and my RPC provider starts throttling around wallet #50.

How are you handling bulk address monitoring without running your own infrastructure?","What's the most efficient way to monitor 500+ wallet addresses at once? Building a whale tracking tool. I need real-time alerts whenever any of \~500 wallets makes a trade, transfer, or interaction. Setting up individual watchers per address doesn't scale and my RPC provider starts throttling around wallet #50.

How are you handling bulk address monitoring without running your own infrastructure?",7,20,Solana,https://reddit.com/r/solana/comments/1s4wfqj/whats_the_most_efficient_way_to_monitor_500/
1s56rde,2026-03-27,2026-03-27T15:07:29+00:00,Stacking for 10 years betting on the net,"Hello beautiful people, i'm planning a 10-year stack as a long-term investment strategy, taking advantage of compound interest and the expected rise in Solana's price. 

I was looking for a financial asset to invest in and I found this. I come from the world of traditional capital markets, but since I'm really into technology and Bitcoin, I started looking into Ethereum and Solana. I think I found the best fixed-income-style instrument because of the 3-day compound interest in Solana's case, plus weekly day-by-day cash conversion, which would make the snowball effect grow significantly, and on top of that, there's the possibility that Solana's price will rise. Perhaps this could be more debatable, but in my opinion, it should definitely be worth at least 2 or 3 times more in 10 years. Anyway, that's what I wanted to tell you. I'll buy a cold wallet here in Argentina and get started! I plan to do liquidity stacking; I need to find the best ways to automate everything so that I only have to buy Solana from a local exchange and fund myself automatically.   
  
Greetings to all, any recommendations are welcome. Blessinggs","Stacking for 10 years betting on the net Hello beautiful people, i'm planning a 10-year stack as a long-term investment strategy, taking advantage of compound interest and the expected rise in Solana's price. 

I was looking for a financial asset to invest in and I found this. I come from the world of traditional capital markets, but since I'm really into technology and Bitcoin, I started looking into Ethereum and Solana. I think I found the best fixed-income-style instrument because of the 3-day compound interest in Solana's case, plus weekly day-by-day cash conversion, which would make the snowball effect grow significantly, and on top of that, there's the possibility that Solana's price will rise. Perhaps this could be more debatable, but in my opinion, it should definitely be worth at least 2 or 3 times more in 10 years. Anyway, that's what I wanted to tell you. I'll buy a cold wallet here in Argentina and get started! I plan to do liquidity stacking; I need to find the best ways to automate everything so that I only have to buy Solana from a local exchange and fund myself automatically.   
  
Greetings to all, any recommendations are welcome. Blessinggs",22,64,Solana,https://reddit.com/r/solana/comments/1s56rde/stacking_for_10_years_betting_on_the_net/
1s5ck2q,2026-03-27,2026-03-27T18:33:33+00:00,"Can ""Multi-Chain Byzantine Fault Tolerance"" Survive Q-Day? My architecture proposal to repel quantum attacks on Web3.","With recent news from Google approaching the date of ""Q-Day"" (when quantum computing manages to break current cryptography), the conversation on Web3 has focused almost exclusively on migrating to Post-Quantum Cryptography (PQC) as Dilithium.

I'm building an ecosystem of Web3 security oracles powered by AI and a data anchor protocol (QEP). As I prepare version 2.0 for testing by connecting to a real quantum computer, I have realized that, mathematically, we could repel a quantum attack today using the blockchain's own topology, without relying solely on new PQC algorithms.

The central idea is based on what I call ""Echoes,"" implementing a Multi-Chain BFT"" (Multi-Chain BFT) Byzantine Fault Tolerance through Cross-Chain Witnessing.

Here's how architecture works to see what you think:

The problem:

If Shor's algorithm breaks the elliptic curves (ECDSAs) of a network like Polygon or Ethereum, a quantum attacker could derive private keys or forge signatures to alter the status of a Smart Contract or an on-chain security record. If an Oracle reads only from that chain, the system is compromised.

The Solution (The Echo Protocol):

When our engine issues a security verdict (a hash), it doesn't anchor it to a single blockchain. The protocol triggers simultaneous ""Ecos"" from that same reportHash to multiple networks (e.g. Polygon, Arbitrum, Optimism, and Ethereum Mainnet).

The Attack and Defense Scenario:

Q-Day is coming. A quantum attacker manages to break Polygon's cryptography and alters the on-chain record to pass off a malicious contract as a secure one.

Before validating the information, our Oracle consults the network.

The system reads the hash in Polygon (modified by the attacker). But thanks to Cross-Chain Witnessing, he also reads the ""Echoes"" in Arbitrum and Optimism.

Mismatch detected. As it is logistically almost impossible for a quantum computer to break and alter the state of 3 different blockchains, with different consensus mechanisms, at the exact same time, the system detects the divergence.

The compromised network (Polygon) is isolated by the consensus of other networks. The attack is repelled at the architectural level.

Basically, we're using the current fragmentation of Layer 2 as a distributed protective shield, assuming that the computational power needed for a simultaneous 51% quantum attack across multiple networks breaks any economic incentives.

I'm collecting data to bring this architecture to quantum simulator testing soon.

What do you think about this approach? Do you see any attack vectors or blind spots in this Multi-Chain BFT model that are slipping away from me? I would love to discuss the limit cases.","Can ""Multi-Chain Byzantine Fault Tolerance"" Survive Q-Day? My architecture proposal to repel quantum attacks on Web3. With recent news from Google approaching the date of ""Q-Day"" (when quantum computing manages to break current cryptography), the conversation on Web3 has focused almost exclusively on migrating to Post-Quantum Cryptography (PQC) as Dilithium.

I'm building an ecosystem of Web3 security oracles powered by AI and a data anchor protocol (QEP). As I prepare version 2.0 for testing by connecting to a real quantum computer, I have realized that, mathematically, we could repel a quantum attack today using the blockchain's own topology, without relying solely on new PQC algorithms.

The central idea is based on what I call ""Echoes,"" implementing a Multi-Chain BFT"" (Multi-Chain BFT) Byzantine Fault Tolerance through Cross-Chain Witnessing.

Here's how architecture works to see what you think:

The problem:

If Shor's algorithm breaks the elliptic curves (ECDSAs) of a network like Polygon or Ethereum, a quantum attacker could derive private keys or forge signatures to alter the status of a Smart Contract or an on-chain security record. If an Oracle reads only from that chain, the system is compromised.

The Solution (The Echo Protocol):

When our engine issues a security verdict (a hash), it doesn't anchor it to a single blockchain. The protocol triggers simultaneous ""Ecos"" from that same reportHash to multiple networks (e.g. Polygon, Arbitrum, Optimism, and Ethereum Mainnet).

The Attack and Defense Scenario:

Q-Day is coming. A quantum attacker manages to break Polygon's cryptography and alters the on-chain record to pass off a malicious contract as a secure one.

Before validating the information, our Oracle consults the network.

The system reads the hash in Polygon (modified by the attacker). But thanks to Cross-Chain Witnessing, he also reads the ""Echoes"" in Arbitrum and Optimism.

Mismatch detected. As it is logistically almost impossible for a quantum computer to break and alter the state of 3 different blockchains, with different consensus mechanisms, at the exact same time, the system detects the divergence.

The compromised network (Polygon) is isolated by the consensus of other networks. The attack is repelled at the architectural level.

Basically, we're using the current fragmentation of Layer 2 as a distributed protective shield, assuming that the computational power needed for a simultaneous 51% quantum attack across multiple networks breaks any economic incentives.

I'm collecting data to bring this architecture to quantum simulator testing soon.

What do you think about this approach? Do you see any attack vectors or blind spots in this Multi-Chain BFT model that are slipping away from me? I would love to discuss the limit cases.",6,3,Solana,https://reddit.com/r/solana/comments/1s5ck2q/can_multichain_byzantine_fault_tolerance_survive/
1s5gku6,2026-03-27,2026-03-27T21:03:45+00:00,This Week in Payments: March 23-27,"**Source:** [https://x.com/solanapayments/status/2037550178480050451](https://x.com/solanapayments/status/2037550178480050451)

https://preview.redd.it/b2cjkn4qjnrg1.png?width=680&format=png&auto=webp&s=9923777726b1813c59239cac0b174e823aeeca9d

Solana Foundation launched Solana Developer Platform this week. SDP bundles 20+ infrastructure providers across custody, compliance, ramps, and nodes into a single API layer so enterprises can build financial products on Solana without stitching together the infrastructure themselves. Mastercard, Western Union, and Worldpay are the first to use it.

The speakers at Accelerate Fintech in NYC continued to show why Solana is the chain for payments: Fiserv, Fireblocks, Paxos, Anchorage, Rain, BVNK, ZeroHash, and Mesh covered everything from stablecoin issuance to merchant settlement. Western Union's Malcolm Clarke laid out their plans for USDPT, MoonPay debuted a headless Apple Pay integration, and Crossmint demoed LobsterCash, a payments solution for AI agents built with Visa and Circle.

Here's what happened over the week:

Payment Networks & Processors

* [u/SolanaFndn](https://x.com/@SolanaFndn)  launched Solana Developer Platform (SDP), an AI-ready API interface bundling 20+ infrastructure providers for enterprises to build financial products on Solana
* [u/moonpay](https://x.com/@moonpay)  leaked a headless Apple Pay integration live at Solana Accelerate Fintech in NYC
* [u/FireblocksHQ](https://x.com/@FireblocksHQ) reported a new milestone: \~$50 billion transferred on Solana using stablecoins issued on Solana in the past 90 days

  
[https://x.com/SolanaFndn/status/2036431272877187166](https://x.com/SolanaFndn/status/2036431272877187166)

https://preview.redd.it/ddkknkcujnrg1.png?width=546&format=png&auto=webp&s=ffff6b36a5c870358482590d3090817ba2abb2e2

Card Issuance

* [u/pudgypenguins](https://x.com/@pudgypenguins)  launched the Pengu Card on Visa, in collaboration with  [u/KASTxyz](https://x.com/@KASTxyz) , now available globally
* [u/sanafionchain](https://x.com/@sanafionchain)  launched Sana Card, a self-custody Visa card issued by  [u/raincards](https://x.com/@raincards)

Payments & Commerce

* [u/coin\_post](https://x.com/@coin_post)  released an article about a recent stablecoin pilot. Japan ran its first in-store USDC payment pilot at Haneda Airport on Solana in January/February. Travelers paid with USDC, merchants received Japanese yen through existing POS terminals.
* [u/SolanaFndn](https://x.com/@SolanaFndn)  teased a Solana Payments Gateway for agents: pay SOL or stablecoins for any digital resource, provider receives fiat, no merchant integration necessary

Lending & Credit

* [u/Loopscale](https://x.com/@Loopscale)  launched the first credit market denominated in the Brazilian Real on Solana

Research

* [u/Solana\_SRI](https://x.com/@Solana_SRI)  (Solana Research Institute) launched as an independent research organization to support the Solana ecosystem's engagement with financial institutions

[https://x.com/solanapayments/status/2036921391082021189](https://x.com/solanapayments/status/2036921391082021189)

https://preview.redd.it/bcz0einxjnrg1.png?width=599&format=png&auto=webp&s=2b768e194500d6f92ca49e8b69dce1d9c5b8bd6a

","This Week in Payments: March 23-27 **Source:** [https://x.com/solanapayments/status/2037550178480050451](https://x.com/solanapayments/status/2037550178480050451)

https://preview.redd.it/b2cjkn4qjnrg1.png?width=680&format=png&auto=webp&s=9923777726b1813c59239cac0b174e823aeeca9d

Solana Foundation launched Solana Developer Platform this week. SDP bundles 20+ infrastructure providers across custody, compliance, ramps, and nodes into a single API layer so enterprises can build financial products on Solana without stitching together the infrastructure themselves. Mastercard, Western Union, and Worldpay are the first to use it.

The speakers at Accelerate Fintech in NYC continued to show why Solana is the chain for payments: Fiserv, Fireblocks, Paxos, Anchorage, Rain, BVNK, ZeroHash, and Mesh covered everything from stablecoin issuance to merchant settlement. Western Union's Malcolm Clarke laid out their plans for USDPT, MoonPay debuted a headless Apple Pay integration, and Crossmint demoed LobsterCash, a payments solution for AI agents built with Visa and Circle.

Here's what happened over the week:

Payment Networks & Processors

* [u/SolanaFndn](https://x.com/@SolanaFndn)  launched Solana Developer Platform (SDP), an AI-ready API interface bundling 20+ infrastructure providers for enterprises to build financial products on Solana
* [u/moonpay](https://x.com/@moonpay)  leaked a headless Apple Pay integration live at Solana Accelerate Fintech in NYC
* [u/FireblocksHQ](https://x.com/@FireblocksHQ) reported a new milestone: \~$50 billion transferred on Solana using stablecoins issued on Solana in the past 90 days

  
[https://x.com/SolanaFndn/status/2036431272877187166](https://x.com/SolanaFndn/status/2036431272877187166)

https://preview.redd.it/ddkknkcujnrg1.png?width=546&format=png&auto=webp&s=ffff6b36a5c870358482590d3090817ba2abb2e2

Card Issuance

* [u/pudgypenguins](https://x.com/@pudgypenguins)  launched the Pengu Card on Visa, in collaboration with  [u/KASTxyz](https://x.com/@KASTxyz) , now available globally
* [u/sanafionchain](https://x.com/@sanafionchain)  launched Sana Card, a self-custody Visa card issued by  [u/raincards](https://x.com/@raincards)

Payments & Commerce

* [u/coin\_post](https://x.com/@coin_post)  released an article about a recent stablecoin pilot. Japan ran its first in-store USDC payment pilot at Haneda Airport on Solana in January/February. Travelers paid with USDC, merchants received Japanese yen through existing POS terminals.
* [u/SolanaFndn](https://x.com/@SolanaFndn)  teased a Solana Payments Gateway for agents: pay SOL or stablecoins for any digital resource, provider receives fiat, no merchant integration necessary

Lending & Credit

* [u/Loopscale](https://x.com/@Loopscale)  launched the first credit market denominated in the Brazilian Real on Solana

Research

* [u/Solana\_SRI](https://x.com/@Solana_SRI)  (Solana Research Institute) launched as an independent research organization to support the Solana ecosystem's engagement with financial institutions

[https://x.com/solanapayments/status/2036921391082021189](https://x.com/solanapayments/status/2036921391082021189)

https://preview.redd.it/bcz0einxjnrg1.png?width=599&format=png&auto=webp&s=2b768e194500d6f92ca49e8b69dce1d9c5b8bd6a",5,1,Solana,https://reddit.com/r/solana/comments/1s5gku6/this_week_in_payments_march_2327/
1s5gm3e,2026-03-27,2026-03-27T21:05:06+00:00,"Solana Ranks #1 In All-time Developers With Over 10,000 Builders","**Source:** [https://x.com/zensei/status/2037530153933549891](https://x.com/zensei/status/2037530153933549891)

solana ranks #1 in all-time developers.  
over 10,000 builders chose to build here.  
if you’re serious about building, this is where you do it.

https://preview.redd.it/m3agdcs4knrg1.png?width=680&format=png&auto=webp&s=d0435548036dc07fe06d73bd4b9b22a1d2881916

","Solana Ranks #1 In All-time Developers With Over 10,000 Builders **Source:** [https://x.com/zensei/status/2037530153933549891](https://x.com/zensei/status/2037530153933549891)

solana ranks #1 in all-time developers.  
over 10,000 builders chose to build here.  
if you’re serious about building, this is where you do it.

https://preview.redd.it/m3agdcs4knrg1.png?width=680&format=png&auto=webp&s=d0435548036dc07fe06d73bd4b9b22a1d2881916",18,5,Solana,https://reddit.com/r/solana/comments/1s5gm3e/solana_ranks_1_in_alltime_developers_with_over/
1s43ix5,2026-03-26,2026-03-26T10:17:09+00:00,Easy Win bounties ending soon!,,Easy Win bounties ending soon!,4,2,Solana,https://reddit.com/r/solana/comments/1s43ix5/easy_win_bounties_ending_soon/
1s3tgr3,2026-03-26,2026-03-26T01:10:54+00:00,Anyone else having issues with Tradewiz?,"I just started trying tradewiz to copy trade some SOL memecoins and I keep running into failed transactions. I’ve set slippage pretty high and lowered trade sizes but it still seems like trades can’t keep up with the wallets I’m copying.

It’s frustrating because I can see the moves happening on chain but my trades never land in time or get rejected. I’m guessing speed is the main issue here.

Has anyone found a reliable alternative or a faster copy trading bot that actually keeps up with active wallets on Solana?","Anyone else having issues with Tradewiz? I just started trying tradewiz to copy trade some SOL memecoins and I keep running into failed transactions. I’ve set slippage pretty high and lowered trade sizes but it still seems like trades can’t keep up with the wallets I’m copying.

It’s frustrating because I can see the moves happening on chain but my trades never land in time or get rejected. I’m guessing speed is the main issue here.

Has anyone found a reliable alternative or a faster copy trading bot that actually keeps up with active wallets on Solana?",16,12,Solana,https://reddit.com/r/solana/comments/1s3tgr3/anyone_else_having_issues_with_tradewiz/
1s3ybys,2026-03-26,2026-03-26T05:02:01+00:00,Solana / Validated PodCasts - Talking Tokens,,Solana / Validated PodCasts - Talking Tokens,5,1,Solana,https://reddit.com/r/solana/comments/1s3ybys/solana_validated_podcasts_talking_tokens/
1s3ze6v,2026-03-26,2026-03-26T06:02:02+00:00,What's the fastest way to stream all Raydium/Jupiter trades on Solana?,"Building a trading dashboard and need a live feed of every swap happening on Raydium and Jupiter. Using geyser plugins with a validator is overkill for what I need, and parsing raw Solana transactions to extract trade details is a nightmare — every DEX has different instruction formats.

Is there an API that gives you a clean stream of parsed DEX trades on Solana with token names, amounts, and USD values?","What's the fastest way to stream all Raydium/Jupiter trades on Solana? Building a trading dashboard and need a live feed of every swap happening on Raydium and Jupiter. Using geyser plugins with a validator is overkill for what I need, and parsing raw Solana transactions to extract trade details is a nightmare — every DEX has different instruction formats.

Is there an API that gives you a clean stream of parsed DEX trades on Solana with token names, amounts, and USD values?",7,7,Solana,https://reddit.com/r/solana/comments/1s3ze6v/whats_the_fastest_way_to_stream_all/
1s40zet,2026-03-26,2026-03-26T07:39:13+00:00,Any good Solana based Prediction Markets platforms?,"Looking for a good solana based prediction market except kalshi on phantom

I have a few concerns that I’m hoping you guys can clear up:  
  
How’s the liquidity of the prediction market platforms being built on solana?  
  
Comparison to Polymarket: Besides the lower fees and faster finality, what’s the actual killer feature on Solana? Is the UI/UX better?

Recommendations: Which platforms are you guys actually using and trusting with your SOL?

https://preview.redd.it/jqcp7kuefcrg1.png?width=1024&format=png&auto=webp&s=e3b981fd4e0ac233d9ded381813ad3fa05f7c908

Curious to hear from anyone who has made the switch or is currently dual-wielding both  
","Any good Solana based Prediction Markets platforms? Looking for a good solana based prediction market except kalshi on phantom

I have a few concerns that I’m hoping you guys can clear up:  
  
How’s the liquidity of the prediction market platforms being built on solana?  
  
Comparison to Polymarket: Besides the lower fees and faster finality, what’s the actual killer feature on Solana? Is the UI/UX better?

Recommendations: Which platforms are you guys actually using and trusting with your SOL?

https://preview.redd.it/jqcp7kuefcrg1.png?width=1024&format=png&auto=webp&s=e3b981fd4e0ac233d9ded381813ad3fa05f7c908

Curious to hear from anyone who has made the switch or is currently dual-wielding both",8,8,Solana,https://reddit.com/r/solana/comments/1s40zet/any_good_solana_based_prediction_markets_platforms/
1s4b2d2,2026-03-26,2026-03-26T15:42:59+00:00,Jupiter Global just made spending a bit more rewarding,,Jupiter Global just made spending a bit more rewarding,9,10,Solana,https://reddit.com/r/solana/comments/1s4b2d2/jupiter_global_just_made_spending_a_bit_more/
1s4a868,2026-03-26,2026-03-26T15:12:59+00:00,📢 Solana Digest (March 23 – March 25),,📢 Solana Digest (March 23 – March 25),8,1,Solana,https://reddit.com/r/solana/comments/1s4a868/solana_digest_march_23_march_25/
1s4khwm,2026-03-26,2026-03-26T21:29:02+00:00,Solana Developer Platform: Cycle Faster | Solana_SRI Explains What SDP Means For Financial Institutions Who Want To Build On Solana,"**Source:** [https://x.com/solanapayments/status/2037214499443224717](https://x.com/solanapayments/status/2037214499443224717)

Most financial institutions spend 18 months getting from POC to MVP. With SDP, you can test and iterate directly in a sandbox with 20+ partner APIs.  
[@Solana\_SRI](https://x.com/Solana_SRI) explains what SDP means for financial institutions who want to build on Solana  
[https://payments.org/solutions/sdp](https://payments.org/solutions/sdp)

  
The Solana Research Institute is an independent  research organisation to support the Solana  ecosystem’s engagement with financial institutions.  
Follow them [@Solana\_SRI](https://x.com/Solana_SRI) to keep up with the latest

https://preview.redd.it/sn6tvfx1jgrg1.png?width=680&format=png&auto=webp&s=eb3dbb9ce6d5f29954f3bdee6229bae8643866b1

Traditional financial institutions have real advantages: scale, trusted brands, and established customer relationships. But those same strengths can become liabilities when speed matters.

Blockchains like Solana are enabling new entrants to build sophisticated financial applications faster than most FIs can move through internal approval cycles. The barriers aren't a lack of understanding — they're structural. Finding a business line sponsor, securing budget, coordinating across organisational silos, and obtaining sign-offs from risk and compliance are overheads that divert focus and sap the energy of innovators who just want to ship great products.

# The Innovation Bottleneck Inside Financial Institutions

The realistic pathway for a bank innovator looks something like this: POCs in the lab in January, a business sponsor recruited by June, a business case written for the September budget cycle, delivery resources allocated the following January, an MVP launched next June — and then back in the queue for enhancements the year after.

It may not be realistic to change the fundamental nature of financial institutions. But a tool that dramatically cut development time and offered a safe environment to test new ideas with real users and customers could start to tip the scales back in the innovator's favour.

# Enter the Solana Developer Platform

The Solana Developer Platform (SDP) is an API-based, AI-ready platform that lets financial institutions build and launch products on Solana with minimal coding. Applications that previously took six to nine months to build can now be deployed to a sandboxed devnet in six to nine days — enabling near-real-time feedback from clients, users, and control functions. This completely changes the product innovation game for even the most conservative institution.

SDP provides access to Solana's full suite of institutional-grade token features via API, plus a curated marketplace of over twenty third-party services at launch — including node infrastructure, custody solutions, on-chain compliance tools, and payment ramps. It also simplifies deployment, initially on the Solana Devnet, making it easy to try out different features and providers before committing to a solution.

# Why Solana for Institutional Use?

Solana is already a proven venue for institutional business. Upcoming upgrades will take this further — final settlement of transactions will soon be achievable within 150ms, approaching the speeds of many centralised transaction processing systems, on a fully decentralised network. Parallel data processing means high activity in one part of the network has no impact on throughput or fees elsewhere, creating a predictable environment for operators and users alike.

# Try Before You Buy: Built-In Features Designed for Financial Services

Solana's native token capabilities go well beyond basic minting and burning. Features relevant to financial services applications include:

Product Demo

[https://www.youtube.com/watch?v=URAJ2kHHDBg](https://www.youtube.com/watch?v=URAJ2kHHDBg)

https://preview.redd.it/6c4r9207jgrg1.png?width=442&format=png&auto=webp&s=131a3c8a7111c6b08d537f043ca4c9181f7a83d8

[Product Demo: On-Chain Payments →](https://youtu.be/URAJ2kHHDBg?si=M8dke6uL90s66Vlx)

* Metadata management: Link tokens to canonical real-world documents such as prospectuses.
* Allow and block lists: Control token distribution programmatically.
* Confidential transactions: Keep transaction details fully private while retaining audit control.
* Freeze & Seize Assets: Enable authorities (e.g. court orders) to freeze or seize token holdings.
* Transfer memos: Pass structured data between counterparties during a transaction.
* Issuer fee collection: Token issuers can collect transaction fees on their own products.
* Automated corporate actions: Interest, dividends, and stock splits built directly into the token.
* Emergency Pause: Pause all interactions with the token in case of emergency.
* Token grouping: Create and manage families of securities tokens efficiently.

SDP makes nearly all these functions available via API. It also provides APIs to a curated market place of 3rd party services, including infrastructure node services, wallet and custody solutions, on-chain compliance tools, and payment ramps. Over twenty such infrastructure services are available today, just after launch.

Finally, SDP simplifies deployment of the application, initially on Solana Devnet. This combination not only minimizes integration effort, it also makes it easy for an FI to try out different features and providers before committing to a solution.

# In Practice: Launching a Tokenised Fund Structure

Consider a fund manager who wants to launch a set of tokens linked to an existing off-chain fund, using an on-chain master-feeder structure. A ""master token"" holds units in the underlying fund and is in turn owned by a set of ""feeder"" tokens, each designed for investors in a particular jurisdiction. Here is how SDP enables this, step by step.

Product Demo

[https://www.youtube.com/watch?v=9R7mRaonVoo](https://www.youtube.com/watch?v=9R7mRaonVoo)

https://preview.redd.it/kkvg2srdjgrg1.png?width=440&format=png&auto=webp&s=294c79c22cad422b9cab6c65cbf0311646307a67

[https://youtu.be/9R7mRaonVoo?si=aZQoZLYWQruAzUdG](https://youtu.be/9R7mRaonVoo?si=aZQoZLYWQruAzUdG)

* Phase 1 — Configure the master token. The manager sets up the mint for the master token, attaching bespoke metadata that includes the fund prospectus and legal documents defining the token's status. A dynamic allow list of eligible token holders, linked to a KYC service in the token's jurisdiction, is also established. The token can be minted in a sandbox ahead of regulatory approval, and its operational, data and control features tested with the underlying fund, potential purchasers, and regulators.
* Phase 2 — Deploy feeder tokens. Using SDP's group structure, the manager creates feeder tokens that inherit shared metadata and classification schemas from the master. Each feeder maintains its own jurisdiction-specific KYC and allow lists, and can be connected to the custodian services most appropriate for its target investor base.
* Phase 3 — Add stablecoin payments. In parallel, the manager deploys a stablecoin-based payments service with on/off ramps that allow users with fiat accounts to send subscriptions or receive distributions — and that automatically convert fiat into the mint's wallet and remit to the fund's operating bank account.

Future enhancements, added based on client and user feedback, could include automated dividend distributions, daily reconciliations between master and feeder tokens and units held in the fund's transfer agent, and jurisdiction-specific tax payments for each feeder token.

While the structure may appear complex, all of the features outlined are available within SDP with minimal coding. By removing application development as a bottleneck, SDP frees innovators to focus on the many other challenges involved in bringing new financial products to market — while making the most of their institutions' established brands and market positions. Large and agile: not something you see very often.

The Solana Research Institute is an applied research forum examining the role of blockchain-based infrastructure in mainstream financial services. Learn more at [solresearch.institute](https://solresearch.institute/).","Solana Developer Platform: Cycle Faster | Solana_SRI Explains What SDP Means For Financial Institutions Who Want To Build On Solana **Source:** [https://x.com/solanapayments/status/2037214499443224717](https://x.com/solanapayments/status/2037214499443224717)

Most financial institutions spend 18 months getting from POC to MVP. With SDP, you can test and iterate directly in a sandbox with 20+ partner APIs.  
[@Solana\_SRI](https://x.com/Solana_SRI) explains what SDP means for financial institutions who want to build on Solana  
[https://payments.org/solutions/sdp](https://payments.org/solutions/sdp)

  
The Solana Research Institute is an independent  research organisation to support the Solana  ecosystem’s engagement with financial institutions.  
Follow them [@Solana\_SRI](https://x.com/Solana_SRI) to keep up with the latest

https://preview.redd.it/sn6tvfx1jgrg1.png?width=680&format=png&auto=webp&s=eb3dbb9ce6d5f29954f3bdee6229bae8643866b1

Traditional financial institutions have real advantages: scale, trusted brands, and established customer relationships. But those same strengths can become liabilities when speed matters.

Blockchains like Solana are enabling new entrants to build sophisticated financial applications faster than most FIs can move through internal approval cycles. The barriers aren't a lack of understanding — they're structural. Finding a business line sponsor, securing budget, coordinating across organisational silos, and obtaining sign-offs from risk and compliance are overheads that divert focus and sap the energy of innovators who just want to ship great products.

# The Innovation Bottleneck Inside Financial Institutions

The realistic pathway for a bank innovator looks something like this: POCs in the lab in January, a business sponsor recruited by June, a business case written for the September budget cycle, delivery resources allocated the following January, an MVP launched next June — and then back in the queue for enhancements the year after.

It may not be realistic to change the fundamental nature of financial institutions. But a tool that dramatically cut development time and offered a safe environment to test new ideas with real users and customers could start to tip the scales back in the innovator's favour.

# Enter the Solana Developer Platform

The Solana Developer Platform (SDP) is an API-based, AI-ready platform that lets financial institutions build and launch products on Solana with minimal coding. Applications that previously took six to nine months to build can now be deployed to a sandboxed devnet in six to nine days — enabling near-real-time feedback from clients, users, and control functions. This completely changes the product innovation game for even the most conservative institution.

SDP provides access to Solana's full suite of institutional-grade token features via API, plus a curated marketplace of over twenty third-party services at launch — including node infrastructure, custody solutions, on-chain compliance tools, and payment ramps. It also simplifies deployment, initially on the Solana Devnet, making it easy to try out different features and providers before committing to a solution.

# Why Solana for Institutional Use?

Solana is already a proven venue for institutional business. Upcoming upgrades will take this further — final settlement of transactions will soon be achievable within 150ms, approaching the speeds of many centralised transaction processing systems, on a fully decentralised network. Parallel data processing means high activity in one part of the network has no impact on throughput or fees elsewhere, creating a predictable environment for operators and users alike.

# Try Before You Buy: Built-In Features Designed for Financial Services

Solana's native token capabilities go well beyond basic minting and burning. Features relevant to financial services applications include:

Product Demo

[https://www.youtube.com/watch?v=URAJ2kHHDBg](https://www.youtube.com/watch?v=URAJ2kHHDBg)

https://preview.redd.it/6c4r9207jgrg1.png?width=442&format=png&auto=webp&s=131a3c8a7111c6b08d537f043ca4c9181f7a83d8

[Product Demo: On-Chain Payments →](https://youtu.be/URAJ2kHHDBg?si=M8dke6uL90s66Vlx)

* Metadata management: Link tokens to canonical real-world documents such as prospectuses.
* Allow and block lists: Control token distribution programmatically.
* Confidential transactions: Keep transaction details fully private while retaining audit control.
* Freeze & Seize Assets: Enable authorities (e.g. court orders) to freeze or seize token holdings.
* Transfer memos: Pass structured data between counterparties during a transaction.
* Issuer fee collection: Token issuers can collect transaction fees on their own products.
* Automated corporate actions: Interest, dividends, and stock splits built directly into the token.
* Emergency Pause: Pause all interactions with the token in case of emergency.
* Token grouping: Create and manage families of securities tokens efficiently.

SDP makes nearly all these functions available via API. It also provides APIs to a curated market place of 3rd party services, including infrastructure node services, wallet and custody solutions, on-chain compliance tools, and payment ramps. Over twenty such infrastructure services are available today, just after launch.

Finally, SDP simplifies deployment of the application, initially on Solana Devnet. This combination not only minimizes integration effort, it also makes it easy for an FI to try out different features and providers before committing to a solution.

# In Practice: Launching a Tokenised Fund Structure

Consider a fund manager who wants to launch a set of tokens linked to an existing off-chain fund, using an on-chain master-feeder structure. A ""master token"" holds units in the underlying fund and is in turn owned by a set of ""feeder"" tokens, each designed for investors in a particular jurisdiction. Here is how SDP enables this, step by step.

Product Demo

[https://www.youtube.com/watch?v=9R7mRaonVoo](https://www.youtube.com/watch?v=9R7mRaonVoo)

https://preview.redd.it/kkvg2srdjgrg1.png?width=440&format=png&auto=webp&s=294c79c22cad422b9cab6c65cbf0311646307a67

[https://youtu.be/9R7mRaonVoo?si=aZQoZLYWQruAzUdG](https://youtu.be/9R7mRaonVoo?si=aZQoZLYWQruAzUdG)

* Phase 1 — Configure the master token. The manager sets up the mint for the master token, attaching bespoke metadata that includes the fund prospectus and legal documents defining the token's status. A dynamic allow list of eligible token holders, linked to a KYC service in the token's jurisdiction, is also established. The token can be minted in a sandbox ahead of regulatory approval, and its operational, data and control features tested with the underlying fund, potential purchasers, and regulators.
* Phase 2 — Deploy feeder tokens. Using SDP's group structure, the manager creates feeder tokens that inherit shared metadata and classification schemas from the master. Each feeder maintains its own jurisdiction-specific KYC and allow lists, and can be connected to the custodian services most appropriate for its target investor base.
* Phase 3 — Add stablecoin payments. In parallel, the manager deploys a stablecoin-based payments service with on/off ramps that allow users with fiat accounts to send subscriptions or receive distributions — and that automatically convert fiat into the mint's wallet and remit to the fund's operating bank account.

Future enhancements, added based on client and user feedback, could include automated dividend distributions, daily reconciliations between master and feeder tokens and units held in the fund's transfer agent, and jurisdiction-specific tax payments for each feeder token.

While the structure may appear complex, all of the features outlined are available within SDP with minimal coding. By removing application development as a bottleneck, SDP frees innovators to focus on the many other challenges involved in bringing new financial products to market — while making the most of their institutions' established brands and market positions. Large and agile: not something you see very often.

The Solana Research Institute is an applied research forum examining the role of blockchain-based infrastructure in mainstream financial services. Learn more at [solresearch.institute](https://solresearch.institute/).",7,1,Solana,https://reddit.com/r/solana/comments/1s4khwm/solana_developer_platform_cycle_faster_solana_sri/
1s4l0m2,2026-03-26,2026-03-26T21:49:07+00:00,Generation Infinity Podcast - Squads Labs Secures $15B On Solana | Now They're Coming For Business Banking,"**Source:** [https://x.com/Genfinity/status/2037185168146870629](https://x.com/Genfinity/status/2037185168146870629)

⚡️ EXCLUSIVE: Squads Labs Secures $15B On Solana | Now They're Coming For Business Banking  
  
500+ teams already onboarded. The Safe of Solana is expanding 

[u/altitude](https://x.com/altitude)

 into full-stack finance.  
  
Fiat at the edges. Stablecoins at the core. Global from day one.  
  
• Corporate cards launch in May  
• Multichain transfers live in 30 days  
• Bill pay, invoicing, QuickBooks integration  
• Policies enforced at the protocol level  
  
All balances held in stablecoins on Solana. Fast. Cheap. Native settlement.  
  
Traditional fintech runs on five disconnected systems. Stablecoin rails put everything on one layer.  
  
""I used to say crypto company. Now I say fintech.""  
  
This is what true fintech looks like when it's natively onchain.  
  
Featuring: [@GarrettHarper\_](https://x.com/GarrettHarper_) [@SquadsLabs](https://x.com/SquadsLabs)

Hosted by [@TateOnChain](https://x.com/TateOnChain)

https://preview.redd.it/biyulf0xmgrg1.png?width=555&format=png&auto=webp&s=a917b6028fed17990cbfc8188e196dda99fa379a","Generation Infinity Podcast - Squads Labs Secures $15B On Solana | Now They're Coming For Business Banking **Source:** [https://x.com/Genfinity/status/2037185168146870629](https://x.com/Genfinity/status/2037185168146870629)

⚡️ EXCLUSIVE: Squads Labs Secures $15B On Solana | Now They're Coming For Business Banking  
  
500+ teams already onboarded. The Safe of Solana is expanding 

[u/altitude](https://x.com/altitude)

 into full-stack finance.  
  
Fiat at the edges. Stablecoins at the core. Global from day one.  
  
• Corporate cards launch in May  
• Multichain transfers live in 30 days  
• Bill pay, invoicing, QuickBooks integration  
• Policies enforced at the protocol level  
  
All balances held in stablecoins on Solana. Fast. Cheap. Native settlement.  
  
Traditional fintech runs on five disconnected systems. Stablecoin rails put everything on one layer.  
  
""I used to say crypto company. Now I say fintech.""  
  
This is what true fintech looks like when it's natively onchain.  
  
Featuring: [@GarrettHarper\_](https://x.com/GarrettHarper_) [@SquadsLabs](https://x.com/SquadsLabs)

Hosted by [@TateOnChain](https://x.com/TateOnChain)

https://preview.redd.it/biyulf0xmgrg1.png?width=555&format=png&auto=webp&s=a917b6028fed17990cbfc8188e196dda99fa379a",4,1,Solana,https://reddit.com/r/solana/comments/1s4l0m2/generation_infinity_podcast_squads_labs_secures/
1s4l4o2,2026-03-26,2026-03-26T21:53:34+00:00,Solana Ecosystem Call Presented By SOL Brothers,,Solana Ecosystem Call Presented By SOL Brothers,5,1,Solana,https://reddit.com/r/solana/comments/1s4l4o2/solana_ecosystem_call_presented_by_sol_brothers/
1s4mfjk,2026-03-26,2026-03-26T22:43:54+00:00,"Colosseum Introduces Copilot, A Skill That Turns Your Coding Agent Into A Crypto Startup Expert.","**Source:** [https://x.com/colosseum/status/2037296633424310513](https://x.com/colosseum/status/2037296633424310513)

1/ Introducing Colosseum Copilot, a skill that turns your coding agent into a crypto startup expert.  
  
We kept seeing builders start hackathons with great energy but no way to know if their idea had already been tried. So we built a tool to fix that.  
  
[http://colosseum.com/copilot](https://t.co/RerQseissQ)

https://preview.redd.it/2o23u8ecwgrg1.png?width=680&format=png&auto=webp&s=3fdb73a4b9e2c902059ef2dc1a75f8cbbd870e68

**2/ Copilot searches across everything Colosseum has seen:**  
5,400+ hackathon submissions from Renaissance, Radar, Breakout, and Cypherpunk  
65+ curated sources: from deep cypherpunk forums to academic research to proven startup advice  
6,300+ live products via [@TheGridData](https://x.com/TheGridData)

  
**3/ What it does:**  
→ Pressure-test a startup idea against everything that’s been built before  
→ Find competitors you didn’t know existed  
→ Map your background to verticals where you have a real edge  
→ Get honest feedback by challenging weak ideas instead of validating them

  
**4/** Install Copilot in 30 seconds:  
npx skills add ColosseumOrg/colosseum-copilot  
Generate your token at [http://arena.colosseum.org/copilot](https://t.co/O8cet7Rn5E)  
  
Docs: [https://docs.colosseum.com/copilot/introduction](https://docs.colosseum.com/copilot/introduction)

https://preview.redd.it/hivufbbhwgrg1.png?width=680&format=png&auto=webp&s=fe3c696155eb91a208e50bfe1a2dd0d715c8f245

**5/** [@Solana](https://x.com/solana)'s Frontier Hackathon starts April 6. Use the Colosseum Copilot to deepen your understanding of the landscape before you build.

[https://colosseum.com/frontier](https://colosseum.com/frontier)

https://preview.redd.it/wqtp9njjwgrg1.png?width=680&format=png&auto=webp&s=f49554c3d55ccf12042668a2f03a778fbe24a16a

  
","Colosseum Introduces Copilot, A Skill That Turns Your Coding Agent Into A Crypto Startup Expert. **Source:** [https://x.com/colosseum/status/2037296633424310513](https://x.com/colosseum/status/2037296633424310513)

1/ Introducing Colosseum Copilot, a skill that turns your coding agent into a crypto startup expert.  
  
We kept seeing builders start hackathons with great energy but no way to know if their idea had already been tried. So we built a tool to fix that.  
  
[http://colosseum.com/copilot](https://t.co/RerQseissQ)

https://preview.redd.it/2o23u8ecwgrg1.png?width=680&format=png&auto=webp&s=3fdb73a4b9e2c902059ef2dc1a75f8cbbd870e68

**2/ Copilot searches across everything Colosseum has seen:**  
5,400+ hackathon submissions from Renaissance, Radar, Breakout, and Cypherpunk  
65+ curated sources: from deep cypherpunk forums to academic research to proven startup advice  
6,300+ live products via [@TheGridData](https://x.com/TheGridData)

  
**3/ What it does:**  
→ Pressure-test a startup idea against everything that’s been built before  
→ Find competitors you didn’t know existed  
→ Map your background to verticals where you have a real edge  
→ Get honest feedback by challenging weak ideas instead of validating them

  
**4/** Install Copilot in 30 seconds:  
npx skills add ColosseumOrg/colosseum-copilot  
Generate your token at [http://arena.colosseum.org/copilot](https://t.co/O8cet7Rn5E)  
  
Docs: [https://docs.colosseum.com/copilot/introduction](https://docs.colosseum.com/copilot/introduction)

https://preview.redd.it/hivufbbhwgrg1.png?width=680&format=png&auto=webp&s=fe3c696155eb91a208e50bfe1a2dd0d715c8f245

**5/** [@Solana](https://x.com/solana)'s Frontier Hackathon starts April 6. Use the Colosseum Copilot to deepen your understanding of the landscape before you build.

[https://colosseum.com/frontier](https://colosseum.com/frontier)

https://preview.redd.it/wqtp9njjwgrg1.png?width=680&format=png&auto=webp&s=f49554c3d55ccf12042668a2f03a778fbe24a16a",7,2,Solana,https://reddit.com/r/solana/comments/1s4mfjk/colosseum_introduces_copilot_a_skill_that_turns/
1s39b0h,2026-03-25,2026-03-25T12:28:01+00:00,Does Solana have a community where all of Solana enthusiasts communicate and share ideas?,"Or is it just here on Reddit? 

Is there a telegram chat?

 Is there a discord general chat (not just the one for devs) 

Is there some sort of Solana decentralized social medium? ","Does Solana have a community where all of Solana enthusiasts communicate and share ideas? Or is it just here on Reddit? 

Is there a telegram chat?

 Is there a discord general chat (not just the one for devs) 

Is there some sort of Solana decentralized social medium?",3,9,Solana,https://reddit.com/r/solana/comments/1s39b0h/does_solana_have_a_community_where_all_of_solana/
1s3n0ol,2026-03-25,2026-03-25T20:54:25+00:00,"Solana Is Global Podcast - Michael Chan, Zand Bank",,"Solana Is Global Podcast - Michael Chan, Zand Bank",2,1,Solana,https://reddit.com/r/solana/comments/1s3n0ol/solana_is_global_podcast_michael_chan_zand_bank/
1s3ma8n,2026-03-25,2026-03-25T20:27:18+00:00,Anza Unveils Constellation: Solana’s Groundbreaking Multi-Proposer Protocol for Unmatched Speed and Fairness.,"Anza today introduced Constellation, a major Solana protocol upgrade featuring multiple concurrent proposers on 50ms cycles.   
Replacing single-leader block production, it delivers the fastest verifiable economic tick rate of any blockchain while enhancing censorship resistance through deterministic, in-protocol transaction ordering and erasure coding.   
Validator economics remain unchanged.

[https://x.com/anza\_xyz/status/2036836554233000044](https://x.com/anza_xyz/status/2036836554233000044)

[https://constellation.anza.xyz](https://constellation.anza.xyz)","Anza Unveils Constellation: Solana’s Groundbreaking Multi-Proposer Protocol for Unmatched Speed and Fairness. Anza today introduced Constellation, a major Solana protocol upgrade featuring multiple concurrent proposers on 50ms cycles.   
Replacing single-leader block production, it delivers the fastest verifiable economic tick rate of any blockchain while enhancing censorship resistance through deterministic, in-protocol transaction ordering and erasure coding.   
Validator economics remain unchanged.

[https://x.com/anza\_xyz/status/2036836554233000044](https://x.com/anza_xyz/status/2036836554233000044)

[https://constellation.anza.xyz](https://constellation.anza.xyz)",6,1,Solana,https://reddit.com/r/solana/comments/1s3ma8n/anza_unveils_constellation_solanas_groundbreaking/
1s3ie5o,2026-03-25,2026-03-25T18:07:23+00:00,Looking for a Job/Work,"Hey everyone,

I was recently laid off due to the current market situation, so I’m now actively looking for new opportunities in the Web3 space.

I have 6+ years of experience in Web3 marketing, focused on growth, community building, and user acquisition. I’ve worked with projects like Binance, Taiko, Mantra ($OM), Reef Chain, Minterest, and others. I’ve also been involved in building and executing GTM strategies for large-scale launches, including work around Binance.

My experience includes working on token benchmarking for multiple projects, running paid campaigns across Meta, X, Telegram Ads, Coinzilla, AdsGram, CoinTraffic and various crypto publications, and collaborating with 50+ Tier 1 KOLs in the space.

I’ve grown communities from 0 to 100K+ across Telegram, X, and Discord, and have consistently delivered CPA campaigns below industry benchmarks through creative strategies and fast execution.

I’m comfortable working in fast-paced environments, handling both strategy and execution, and focusing on real traction rather than vanity metrics.

If anyone is hiring or knows of opportunities, I’d really appreciate a referral or a DM. Happy to share more details or portfolio.

Thanks 🙏","Looking for a Job/Work Hey everyone,

I was recently laid off due to the current market situation, so I’m now actively looking for new opportunities in the Web3 space.

I have 6+ years of experience in Web3 marketing, focused on growth, community building, and user acquisition. I’ve worked with projects like Binance, Taiko, Mantra ($OM), Reef Chain, Minterest, and others. I’ve also been involved in building and executing GTM strategies for large-scale launches, including work around Binance.

My experience includes working on token benchmarking for multiple projects, running paid campaigns across Meta, X, Telegram Ads, Coinzilla, AdsGram, CoinTraffic and various crypto publications, and collaborating with 50+ Tier 1 KOLs in the space.

I’ve grown communities from 0 to 100K+ across Telegram, X, and Discord, and have consistently delivered CPA campaigns below industry benchmarks through creative strategies and fast execution.

I’m comfortable working in fast-paced environments, handling both strategy and execution, and focusing on real traction rather than vanity metrics.

If anyone is hiring or knows of opportunities, I’d really appreciate a referral or a DM. Happy to share more details or portfolio.

Thanks 🙏",4,6,Solana,https://reddit.com/r/solana/comments/1s3ie5o/looking_for_a_jobwork/
1s3drk5,2026-03-25,2026-03-25T15:21:07+00:00,📢  Solana Tech Pulse (March 17 – March 24),,📢  Solana Tech Pulse (March 17 – March 24),4,1,Solana,https://reddit.com/r/solana/comments/1s3drk5/solana_tech_pulse_march_17_march_24/
1s3bi9s,2026-03-25,2026-03-25T13:58:05+00:00,"Nosana Builders' Challenge #4 is on Superteam Earn! Build powerful AI agents and compete in a $3,000 reward pool!",,"Nosana Builders' Challenge #4 is on Superteam Earn! Build powerful AI agents and compete in a $3,000 reward pool!",6,1,Solana,https://reddit.com/r/solana/comments/1s3bi9s/nosana_builders_challenge_4_is_on_superteam_earn/
1s37bip,2026-03-25,2026-03-25T10:49:26+00:00,The Colosseum Hackathon is Back!,,The Colosseum Hackathon is Back!,6,1,Solana,https://reddit.com/r/solana/comments/1s37bip/the_colosseum_hackathon_is_back/
1s38lz4,2026-03-25,2026-03-25T11:56:17+00:00,Solana has a problem. Interoperability. We're fixing this.,"Hey, I'm Tony, community lead at Nolus. We're building IBC Solray — a protocol that implements IBC's full light client architecture on Solana.

But before I get into what we're building, let's talk about the elephant in the room.

---

**This isn't just Solana's problem. It's all of web3.**

Every major ecosystem — Ethereum, Solana, you name it — relies on bridges to talk to each other. And what are most bridges, really? Multisigs. A handful of validators you're told to trust. Wrapped tokens that represent *a promise* rather than the real thing. They market themselves as ""decentralized infrastructure"" and ""cutting-edge tech,"" but strip away the branding and you usually find yet another multisig sitting in the middle.

The entire industry has been papering over this for years.

---

What is IBC?

IBC (Inter-Blockchain Communication) is the interoperability standard that connects 120+ Cosmos chains to each other — and it works differently from anything else out there.

- No multisigs
- No external validator sets
- No wrapped tokens

Solana verifies the other chain's state, and the other chain verifies Solana's state. Both sides independently confirm what's happening before anything moves. It's the closest thing to a *native language* that different blockchains can speak to each other — no intermediaries required.

---

What we're building

Solray brings this architecture to Solana. IBC between Cosmos and Solana is the starting point, but the design is meant to go further — expanding IBC to EVM ecosystems as well. That means a native, trustless connection between Solana and Ethereum becomes possible down the road. Not a bridge. Not a wrapped asset. A (real this time) light-client-verified connection.

---

Why are we building it?

Nolus is an appchain built around asset-backed leverage. We tap into liquidity on other chains — including Solana, where we plan to use Jupiter Ultra to access pretty much every DEX on the network. Rather than deploying the same dApp across multiple chains, we run one appchain with remotely-manageable smart contracts. That model only works if the connection is as native and secure as possible. IBC is the answer.

End users probably won't notice the difference. But Nolus will behave like a smart contract *on* Solana while also complementing it like a native one — generating gas fees and all.

We're also bringing something rare to the market: leverage that actually protects users. Fixed interest fees, algorithms that shield against brutal price spikes, and a genuine commitment to asset-backed positions rather than reckless speculation.

---

What this opens up

- Cosmos chains can use Solana apps remotely, tapping into Solana's liquidity natively — no bridge assumptions
- Solana apps can use Cosmos apps remotely in the same way
- Solana-native USDC becomes IBC-native across the entire Cosmos ecosystem
- USDT, pyUSD, and any Solana-native stablecoin can flow into the full IBC network
- Solana stops being a *destination* for Cosmos users and starts being an *entry point* into the whole IBC network
- And as IBC expands to EVM — Ethereum, Solana, and Cosmos can all communicate natively

---

Where we're at

Solray is in its final development phase. Remaining work is focused on token transfers and application-level logic. It will be fully open source once it's tested enough for anyone to build on.

We're building this because we need it ourselves — but we're rolling it out as a public good.

---

If anyone from the Solana Foundation is watching, we'd love to connect. And if you're a builder or project on Solana who finds this interesting, reach out. Happy to talk.","Solana has a problem. Interoperability. We're fixing this. Hey, I'm Tony, community lead at Nolus. We're building IBC Solray — a protocol that implements IBC's full light client architecture on Solana.

But before I get into what we're building, let's talk about the elephant in the room.

---

**This isn't just Solana's problem. It's all of web3.**

Every major ecosystem — Ethereum, Solana, you name it — relies on bridges to talk to each other. And what are most bridges, really? Multisigs. A handful of validators you're told to trust. Wrapped tokens that represent *a promise* rather than the real thing. They market themselves as ""decentralized infrastructure"" and ""cutting-edge tech,"" but strip away the branding and you usually find yet another multisig sitting in the middle.

The entire industry has been papering over this for years.

---

What is IBC?

IBC (Inter-Blockchain Communication) is the interoperability standard that connects 120+ Cosmos chains to each other — and it works differently from anything else out there.

- No multisigs
- No external validator sets
- No wrapped tokens

Solana verifies the other chain's state, and the other chain verifies Solana's state. Both sides independently confirm what's happening before anything moves. It's the closest thing to a *native language* that different blockchains can speak to each other — no intermediaries required.

---

What we're building

Solray brings this architecture to Solana. IBC between Cosmos and Solana is the starting point, but the design is meant to go further — expanding IBC to EVM ecosystems as well. That means a native, trustless connection between Solana and Ethereum becomes possible down the road. Not a bridge. Not a wrapped asset. A (real this time) light-client-verified connection.

---

Why are we building it?

Nolus is an appchain built around asset-backed leverage. We tap into liquidity on other chains — including Solana, where we plan to use Jupiter Ultra to access pretty much every DEX on the network. Rather than deploying the same dApp across multiple chains, we run one appchain with remotely-manageable smart contracts. That model only works if the connection is as native and secure as possible. IBC is the answer.

End users probably won't notice the difference. But Nolus will behave like a smart contract *on* Solana while also complementing it like a native one — generating gas fees and all.

We're also bringing something rare to the market: leverage that actually protects users. Fixed interest fees, algorithms that shield against brutal price spikes, and a genuine commitment to asset-backed positions rather than reckless speculation.

---

What this opens up

- Cosmos chains can use Solana apps remotely, tapping into Solana's liquidity natively — no bridge assumptions
- Solana apps can use Cosmos apps remotely in the same way
- Solana-native USDC becomes IBC-native across the entire Cosmos ecosystem
- USDT, pyUSD, and any Solana-native stablecoin can flow into the full IBC network
- Solana stops being a *destination* for Cosmos users and starts being an *entry point* into the whole IBC network
- And as IBC expands to EVM — Ethereum, Solana, and Cosmos can all communicate natively

---

Where we're at

Solray is in its final development phase. Remaining work is focused on token transfers and application-level logic. It will be fully open source once it's tested enough for anyone to build on.

We're building this because we need it ourselves — but we're rolling it out as a public good.

---

If anyone from the Solana Foundation is watching, we'd love to connect. And if you're a builder or project on Solana who finds this interesting, reach out. Happy to talk.",52,8,Solana,https://reddit.com/r/solana/comments/1s38lz4/solana_has_a_problem_interoperability_were_fixing/
1s3n96j,2026-03-25,2026-03-25T21:02:55+00:00,Solandy - Which AI is the best Solana Developer? - Mar 13th '26,,Solandy - Which AI is the best Solana Developer? - Mar 13th '26,1,2,Solana,https://reddit.com/r/solana/comments/1s3n96j/solandy_which_ai_is_the_best_solana_developer_mar/
1s36flu,2026-03-25,2026-03-25T09:58:33+00:00,"New listing Asset on Project 0, available for DeFi Strategies [ 7% to 27% APY ]","Project 0 just leveled up with new yield opportunities 

• syrupUSDC (Maple) — institutional lending yield from overcollateralized loans  
• USD\* (Perena) — delta-neutral + private credit yield  
• corvusSOL — 9.15% APY + weekly rewards

All are now live as unified portfolio assets alongside Kamino & Drift (JupLend soon).

One-click access to cross-venue, capital-efficient yield strategies 

check it here : [https://app.0.xyz/strategies](https://app.0.xyz/strategies)

https://preview.redd.it/dp1n6sfaz5rg1.png?width=1549&format=png&auto=webp&s=aeb42898c0c6288e4000c3149920ad25c879e3b6

","New listing Asset on Project 0, available for DeFi Strategies [ 7% to 27% APY ] Project 0 just leveled up with new yield opportunities 

• syrupUSDC (Maple) — institutional lending yield from overcollateralized loans  
• USD\* (Perena) — delta-neutral + private credit yield  
• corvusSOL — 9.15% APY + weekly rewards

All are now live as unified portfolio assets alongside Kamino & Drift (JupLend soon).

One-click access to cross-venue, capital-efficient yield strategies 

check it here : [https://app.0.xyz/strategies](https://app.0.xyz/strategies)

https://preview.redd.it/dp1n6sfaz5rg1.png?width=1549&format=png&auto=webp&s=aeb42898c0c6288e4000c3149920ad25c879e3b6",2,1,Solana,https://reddit.com/r/solana/comments/1s36flu/new_listing_asset_on_project_0_available_for_defi/
1s32zil,2026-03-25,2026-03-25T06:23:32+00:00,"If there’s one network you need to be on, it’s Solana — Armani Ferrante, CEO of Backpack Exchange",,"If there’s one network you need to be on, it’s Solana — Armani Ferrante, CEO of Backpack Exchange",57,8,Solana,https://reddit.com/r/solana/comments/1s32zil/if_theres_one_network_you_need_to_be_on_its/
1s324ke,2026-03-25,2026-03-25T05:34:10+00:00,"Phantom fees are getting ridiculous , anyone else notice?","Been using Phantom for a while and lately the fees feel way higher than they used to be. Even simple moves seem to cost more than expected.

Not sure if it's just me or if others are noticing the same. Is there a better way to manage Solana without getting hit every time? Just curious what people are using instead.","Phantom fees are getting ridiculous , anyone else notice? Been using Phantom for a while and lately the fees feel way higher than they used to be. Even simple moves seem to cost more than expected.

Not sure if it's just me or if others are noticing the same. Is there a better way to manage Solana without getting hit every time? Just curious what people are using instead.",8,40,Solana,https://reddit.com/r/solana/comments/1s324ke/phantom_fees_are_getting_ridiculous_anyone_else/
1s3n6oj,2026-03-25,2026-03-25T21:00:27+00:00,Solana Developer Platform Podcasts,"Solana Developer Platform - MoonPay: [https://www.youtube.com/watch?v=KgjoIlT3UQs](https://www.youtube.com/watch?v=KgjoIlT3UQs)

Solana Developer Platform - Alchemy: [https://www.youtube.com/watch?v=VdjsVXMcvrQ](https://www.youtube.com/watch?v=VdjsVXMcvrQ)

Solana Developer Platform - Para: [https://www.youtube.com/watch?v=RhBQgkSND1A](https://www.youtube.com/watch?v=RhBQgkSND1A)

Solana Developer Platform - Helius [https://www.youtube.com/watch?v=QGRwG0XdTJs](https://www.youtube.com/watch?v=QGRwG0XdTJs)

Solana Developer Platform - Privy: [https://www.youtube.com/watch?v=CQ5uPmKYRJA](https://www.youtube.com/watch?v=CQ5uPmKYRJA)

Solana Developer Platform - BitGo: [https://www.youtube.com/watch?v=U9V2nmGMNUw](https://www.youtube.com/watch?v=U9V2nmGMNUw)

Solana Developer Platform - Turnkey: [https://www.youtube.com/watch?v=Ksrj8xVGV5I](https://www.youtube.com/watch?v=Ksrj8xVGV5I)

","Solana Developer Platform Podcasts Solana Developer Platform - MoonPay: [https://www.youtube.com/watch?v=KgjoIlT3UQs](https://www.youtube.com/watch?v=KgjoIlT3UQs)

Solana Developer Platform - Alchemy: [https://www.youtube.com/watch?v=VdjsVXMcvrQ](https://www.youtube.com/watch?v=VdjsVXMcvrQ)

Solana Developer Platform - Para: [https://www.youtube.com/watch?v=RhBQgkSND1A](https://www.youtube.com/watch?v=RhBQgkSND1A)

Solana Developer Platform - Helius [https://www.youtube.com/watch?v=QGRwG0XdTJs](https://www.youtube.com/watch?v=QGRwG0XdTJs)

Solana Developer Platform - Privy: [https://www.youtube.com/watch?v=CQ5uPmKYRJA](https://www.youtube.com/watch?v=CQ5uPmKYRJA)

Solana Developer Platform - BitGo: [https://www.youtube.com/watch?v=U9V2nmGMNUw](https://www.youtube.com/watch?v=U9V2nmGMNUw)

Solana Developer Platform - Turnkey: [https://www.youtube.com/watch?v=Ksrj8xVGV5I](https://www.youtube.com/watch?v=Ksrj8xVGV5I)",1,1,Solana,https://reddit.com/r/solana/comments/1s3n6oj/solana_developer_platform_podcasts/
1s3au25,2026-03-25,2026-03-25T13:31:52+00:00,How do you monitor a specific wallet's trades in real-time on Solana?,"Trying to build a copy-trading prototype. I need to detect when a target wallet makes a swap on Jupiter/Raydium within seconds of it happening. Using websocket on the RPC to watch for account changes but parsing the actual trade details (token, amount, DEX) from raw transaction data is brutal.

How is everyone else doing wallet monitoring on Solana?","How do you monitor a specific wallet's trades in real-time on Solana? Trying to build a copy-trading prototype. I need to detect when a target wallet makes a swap on Jupiter/Raydium within seconds of it happening. Using websocket on the RPC to watch for account changes but parsing the actual trade details (token, amount, DEX) from raw transaction data is brutal.

How is everyone else doing wallet monitoring on Solana?",3,11,Solana,https://reddit.com/r/solana/comments/1s3au25/how_do_you_monitor_a_specific_wallets_trades_in/
1s3n985,2026-03-25,2026-03-25T21:02:58+00:00,Solandy - Best AI for Solana Development [Summary] - Mar 20th '26,,Solandy - Best AI for Solana Development [Summary] - Mar 20th '26,1,1,Solana,https://reddit.com/r/solana/comments/1s3n985/solandy_best_ai_for_solana_development_summary/
1s3nybe,2026-03-25,2026-03-25T21:28:26+00:00,Superteam Talent Introduces The Superteam Talent Tour 2026,"**Source:** [https://x.com/SuperteamTalent/status/2036820502556148182](https://x.com/SuperteamTalent/status/2036820502556148182)

Scouting rising talent. Recruiting leading experts. At the world's greatest talent hubs.

Introducing the Superteam Talent Tour 2026 🌍

https://reddit.com/link/1s3nybe/video/mv4x5aa4e9rg1/player

The Superteam Talent Tour is a global initiative by the Solana ecosystem to scout talent and help them build a career in Solana.

Powered by [@Solana](https://x.com/Solana) Hosted by [@SuperteamTalent](https://x.com/SuperteamTalent)

Education by [@Blueshift](https://x.com/Blueshift) In collaboration with:  
[@SuperteamDE](https://x.com/SuperteamDE)

[@SuperteamIN](https://x.com/SuperteamIN)

[@SuperteamCAN](https://x.com/SuperteamCAN)

[@SuperteamSG](https://x.com/SuperteamSG)

[@SuperteamAE](https://x.com/SuperteamAE)

[@SolanaSkyline](https://x.com/SolanaSkyline)

[@SuperteamUK](https://x.com/SuperteamUK)

We don't just host events. We open career portals into Solana.  
Every stop includes:  
\-> Dev Education & Fellowship  
\-> Ecosystem Mapping & Entry Points  
\-> Solana Career Workshops  
\-> Internship Challenges  
\-> Local Community Pathways  
Student or professional, there's a path in for you.

First stop: Zurich, Switzerland 🇨🇭  
We're heading to ETH Zurich, one of the world's leading technical universities.  
Two events, one city.

**1/** Solana Student Day at ETH Zurich

A hands-on day for students to discover the Solana ecosystem, explore career paths and connect with the teams building on it.  
Hosted together with [@SuperteamDE](https://x.com/SuperteamDE) and [@ethbclub](https://x.com/ethbclub)  
Register: [https://luma.com/solanazurich](https://luma.com/solanazurich)

https://preview.redd.it/icheye07e9rg1.png?width=680&format=png&auto=webp&s=89d3687ac15d41eedd76e754966579aaf976568d

**2/** Zurich Community Mixer  
An open evening for the Zurich tech community.  
Developers, operators, founders - come meet the teams building on Solana.  
Register: [https://luma.com/zurichmixer](https://luma.com/zurichmixer)

https://preview.redd.it/m9oo06h8e9rg1.png?width=680&format=png&auto=webp&s=b868029dcfad614aa0db4f0518fa52459fe638f8

Next stop: Munich, Germany   
Solana Career Day at TU Munich  
A full-day program to discover the Solana ecosystem, explore career paths and connect with the teams building on it.  
Hosted with [@SuperteamDE](https://x.com/SuperteamDE) and [@TUMBlockchain](https://x.com/TUMBlockchain)  
Register: [https://luma.com/solanamunich](https://luma.com/solanamunich)

https://preview.redd.it/p63phd8de9rg1.png?width=680&format=png&auto=webp&s=58fccbd7efeaf0e66918cc768be83145b496e98d

This marks the start of the global Tour.  
After Europe, we will visit North America next, followed by Asia and the Middle East.  
Each stop will be announced separately with full event details and registration.

  
The Superteam Talent Tour is how the next generation of Solana builders gets scouted.  
Check out the full tour calendar and register here:   
🔗: [https://luma.com/user/usr-sVfO1BxOv5KZM3S](https://luma.com/user/usr-sVfO1BxOv5KZM3S)  
We will see you on Tour!

https://preview.redd.it/hj3xp3mie9rg1.png?width=680&format=png&auto=webp&s=a66fd3f017679b8e865c78d27c14ee8723353b4a



","Superteam Talent Introduces The Superteam Talent Tour 2026 **Source:** [https://x.com/SuperteamTalent/status/2036820502556148182](https://x.com/SuperteamTalent/status/2036820502556148182)

Scouting rising talent. Recruiting leading experts. At the world's greatest talent hubs.

Introducing the Superteam Talent Tour 2026 🌍

https://reddit.com/link/1s3nybe/video/mv4x5aa4e9rg1/player

The Superteam Talent Tour is a global initiative by the Solana ecosystem to scout talent and help them build a career in Solana.

Powered by [@Solana](https://x.com/Solana) Hosted by [@SuperteamTalent](https://x.com/SuperteamTalent)

Education by [@Blueshift](https://x.com/Blueshift) In collaboration with:  
[@SuperteamDE](https://x.com/SuperteamDE)

[@SuperteamIN](https://x.com/SuperteamIN)

[@SuperteamCAN](https://x.com/SuperteamCAN)

[@SuperteamSG](https://x.com/SuperteamSG)

[@SuperteamAE](https://x.com/SuperteamAE)

[@SolanaSkyline](https://x.com/SolanaSkyline)

[@SuperteamUK](https://x.com/SuperteamUK)

We don't just host events. We open career portals into Solana.  
Every stop includes:  
\-> Dev Education & Fellowship  
\-> Ecosystem Mapping & Entry Points  
\-> Solana Career Workshops  
\-> Internship Challenges  
\-> Local Community Pathways  
Student or professional, there's a path in for you.

First stop: Zurich, Switzerland 🇨🇭  
We're heading to ETH Zurich, one of the world's leading technical universities.  
Two events, one city.

**1/** Solana Student Day at ETH Zurich

A hands-on day for students to discover the Solana ecosystem, explore career paths and connect with the teams building on it.  
Hosted together with [@SuperteamDE](https://x.com/SuperteamDE) and [@ethbclub](https://x.com/ethbclub)  
Register: [https://luma.com/solanazurich](https://luma.com/solanazurich)

https://preview.redd.it/icheye07e9rg1.png?width=680&format=png&auto=webp&s=89d3687ac15d41eedd76e754966579aaf976568d

**2/** Zurich Community Mixer  
An open evening for the Zurich tech community.  
Developers, operators, founders - come meet the teams building on Solana.  
Register: [https://luma.com/zurichmixer](https://luma.com/zurichmixer)

https://preview.redd.it/m9oo06h8e9rg1.png?width=680&format=png&auto=webp&s=b868029dcfad614aa0db4f0518fa52459fe638f8

Next stop: Munich, Germany   
Solana Career Day at TU Munich  
A full-day program to discover the Solana ecosystem, explore career paths and connect with the teams building on it.  
Hosted with [@SuperteamDE](https://x.com/SuperteamDE) and [@TUMBlockchain](https://x.com/TUMBlockchain)  
Register: [https://luma.com/solanamunich](https://luma.com/solanamunich)

https://preview.redd.it/p63phd8de9rg1.png?width=680&format=png&auto=webp&s=58fccbd7efeaf0e66918cc768be83145b496e98d

This marks the start of the global Tour.  
After Europe, we will visit North America next, followed by Asia and the Middle East.  
Each stop will be announced separately with full event details and registration.

  
The Superteam Talent Tour is how the next generation of Solana builders gets scouted.  
Check out the full tour calendar and register here:   
🔗: [https://luma.com/user/usr-sVfO1BxOv5KZM3S](https://luma.com/user/usr-sVfO1BxOv5KZM3S)  
We will see you on Tour!

https://preview.redd.it/hj3xp3mie9rg1.png?width=680&format=png&auto=webp&s=a66fd3f017679b8e865c78d27c14ee8723353b4a",1,1,Solana,https://reddit.com/r/solana/comments/1s3nybe/superteam_talent_introduces_the_superteam_talent/
1s3pcce,2026-03-25,2026-03-25T22:21:05+00:00,The Solana Foundation Delegation Program Helps Active Developers And Contributors Within The Solana Ecosystem Become Network Validators,"**Source:** [https://x.com/SolanaFndn/status/2036830345144758683](https://x.com/SolanaFndn/status/2036830345144758683)

The goal of the Solana Foundation Delegation Program (SFDP) is to deliver the best possible experience for users and validators alike.  
  
As block building and scheduler competition continue to evolve on the network, we are introducing updated criteria to stay aligned with network health and performance. The goal is to support continued innovation while ensuring validators and users benefit from a well-functioning network. We’ll also be working with [@0xGhostLogs](https://x.com/0xGhostLogs)

to monitor network health and publish results publicly.  
Full details: [http://solana.org/delegation-program](https://t.co/QmoDh3NErk)



Link to the Discord announcement: [https://discord.com/channels/428295358100013066/895740485140906054/1486387888722677874](https://t.co/vNA20jti0M)

  
[](https://x.com/SolanaFndn/status/2036830345144758683)","The Solana Foundation Delegation Program Helps Active Developers And Contributors Within The Solana Ecosystem Become Network Validators **Source:** [https://x.com/SolanaFndn/status/2036830345144758683](https://x.com/SolanaFndn/status/2036830345144758683)

The goal of the Solana Foundation Delegation Program (SFDP) is to deliver the best possible experience for users and validators alike.  
  
As block building and scheduler competition continue to evolve on the network, we are introducing updated criteria to stay aligned with network health and performance. The goal is to support continued innovation while ensuring validators and users benefit from a well-functioning network. We’ll also be working with [@0xGhostLogs](https://x.com/0xGhostLogs)

to monitor network health and publish results publicly.  
Full details: [http://solana.org/delegation-program](https://t.co/QmoDh3NErk)



Link to the Discord announcement: [https://discord.com/channels/428295358100013066/895740485140906054/1486387888722677874](https://t.co/vNA20jti0M)

  
[](https://x.com/SolanaFndn/status/2036830345144758683)",4,1,Solana,https://reddit.com/r/solana/comments/1s3pcce/the_solana_foundation_delegation_program_helps/
1s3o5vs,2026-03-25,2026-03-25T21:35:59+00:00,Introducing Wui - A Solana Wallet For The Terminal,"**Source:** [https://x.com/chambaz/status/2036807024583831678](https://x.com/chambaz/status/2036807024583831678)

introducing wui - a [@solana](https://x.com/solana) wallet for the terminal  
[https://wui.solanaui.dev](https://t.co/PyeVPphv2M)

https://reddit.com/link/1s3o5vs/video/wluyrq98f9rg1/player

track token balances, live prices, and 24h changes across your entire wallet

https://reddit.com/link/1s3o5vs/video/fmcds7scf9rg1/player

swap any token via [@JupiterExchange](https://x.com/JupiterExchange)

https://reddit.com/link/1s3o5vs/video/ujqt72mff9rg1/player

send sol and spl tokens to any address

https://reddit.com/link/1s3o5vs/video/o7k3n8jif9rg1/player

stake sol with any validator or via liquid staking protocols like [@project0](https://x.com/project0) and [@jito\_sol](https://x.com/jito_sol)

https://reddit.com/link/1s3o5vs/video/zrob6dulf9rg1/player

    all fully open source, contributions welcome!
    
    get started today with npm
    
    npm install -g u/chambaz/walletui

https://preview.redd.it/yvjh2einf9rg1.png?width=680&format=png&auto=webp&s=39bdfa35c89a2987a6c15fe51556d3128e7f47b3

shout out [@cavemanloverboy](https://x.com/cavemanloverboy) for the inspiration. gave me something fun to hack on during my week off 🫡

https://preview.redd.it/rx410rquf9rg1.png?width=585&format=png&auto=webp&s=ac6770d79dea695ae1af54d7354f22336f01a18e

","Introducing Wui - A Solana Wallet For The Terminal **Source:** [https://x.com/chambaz/status/2036807024583831678](https://x.com/chambaz/status/2036807024583831678)

introducing wui - a [@solana](https://x.com/solana) wallet for the terminal  
[https://wui.solanaui.dev](https://t.co/PyeVPphv2M)

https://reddit.com/link/1s3o5vs/video/wluyrq98f9rg1/player

track token balances, live prices, and 24h changes across your entire wallet

https://reddit.com/link/1s3o5vs/video/fmcds7scf9rg1/player

swap any token via [@JupiterExchange](https://x.com/JupiterExchange)

https://reddit.com/link/1s3o5vs/video/ujqt72mff9rg1/player

send sol and spl tokens to any address

https://reddit.com/link/1s3o5vs/video/o7k3n8jif9rg1/player

stake sol with any validator or via liquid staking protocols like [@project0](https://x.com/project0) and [@jito\_sol](https://x.com/jito_sol)

https://reddit.com/link/1s3o5vs/video/zrob6dulf9rg1/player

    all fully open source, contributions welcome!
    
    get started today with npm
    
    npm install -g u/chambaz/walletui

https://preview.redd.it/yvjh2einf9rg1.png?width=680&format=png&auto=webp&s=39bdfa35c89a2987a6c15fe51556d3128e7f47b3

shout out [@cavemanloverboy](https://x.com/cavemanloverboy) for the inspiration. gave me something fun to hack on during my week off 🫡

https://preview.redd.it/rx410rquf9rg1.png?width=585&format=png&auto=webp&s=ac6770d79dea695ae1af54d7354f22336f01a18e",3,1,Solana,https://reddit.com/r/solana/comments/1s3o5vs/introducing_wui_a_solana_wallet_for_the_terminal/
1s3o15t,2026-03-25,2026-03-25T21:31:17+00:00,"Solana Events - Solana Accelerate USA | Tuesday, May 5, 9:00 AM - 8:00 PM EDT - Miami Beach Convention Center, Miami Beach, Florida","**Source:** [https://x.com/SolanaEvents/status/2036805398926176533](https://x.com/SolanaEvents/status/2036805398926176533)

Speaker Announcement  
  
Let's huddle up in Miami and welcome [@pudgypenguins](https://x.com/pudgypenguins) CEO [@LucaNetz](https://x.com/LucaNetz) as he takes the stage for Solana Accelerate USA 

https://preview.redd.it/7aobx05te9rg1.png?width=680&format=png&auto=webp&s=8b48a076660b12ed9b55a74b73d6024cbf556158

Accelerate USA takes place alongside [@consensus2026](https://x.com/consensus2026) on May 5th.  
Reserve your spot today: [https://luma.com/accelerate-miami](https://luma.com/accelerate-miami)

  
About Event

# ​Solana Accelerate | Miami, United States Finance 2.0 Comes Home

​Solana Accelerate returns to America. Join us as we land in Miami to turn up the heat on financial innovation.

​Miami is no longer just a leisure destination - it's America 2.0: a convergence point for the future of capital and culture. Its dynamic rise makes it the perfect place to showcase Solana’s role in powering the proliferation of Internet Capital Markets. 

​Solana’s unmatched speed will meet American innovation to set a new global standard for capital formation and deployment. Miami’s rise to meet this moment is driven by two structural advantages:

* ​**Regulatory and policy openness:** State and city leadership are actively courting crypto, capital markets, and founder-led innovation.
* ​**A unique capital and talent flywheel:** International wealth, US institutional capital and global operators converge to create a physical center of gravity.

​While legacy hubs remain bound by institutional inertia, Miami has embraced its role as a modern proving ground for Finance 2.0.

​Alongside [Consensus](https://consensus.coindesk.com/?utm_term=consensus%20miami&utm_campaign=DBL-C26HK-Search-HK&utm_source=adwords&utm_medium=ppc&hsa_acc=5934875544&hsa_cam=23099363749&hsa_grp=186816754059&hsa_ad=791472846132&hsa_src=g&hsa_tgt=kwd-2445153765085&hsa_kw=consensus%20miami&hsa_mt=p&hsa_net=adwords&hsa_ver=3&gad_source=1&gad_campaignid=23099363749&gbraid=0AAAAAC2kvuAP2L4LKGK-SvyOhZhb--BNp&gclid=Cj0KCQiAhOfLBhCCARIsAJPiopNSMo4xeCeWIlH0UvHJyGaSoUsuyT_uasU-tqM88ZquDc_UftVtdIIaAvYoEALw_wcB), Solana Accelerate will showcase our best founders, apps, and assets in the hottest market for American innovation.

​​**For Sponsorship opportunities**, please complete [this form](https://solanafoundation.typeform.com/acc26-sponsor?utm_source=luma).  
**For Speaker Applications**, please complete [this form](https://airtable.com/apph4y5MDXBxJ2uZy/pagRLZbQJSUsyz3Tn/form?utm_source=luma).

​See you in Miami!

Location

https://preview.redd.it/wlkk0n72f9rg1.png?width=572&format=png&auto=webp&s=ac4f7f7536791d6f484db3f0ddcfedb8e1db5aea

","Solana Events - Solana Accelerate USA | Tuesday, May 5, 9:00 AM - 8:00 PM EDT - Miami Beach Convention Center, Miami Beach, Florida **Source:** [https://x.com/SolanaEvents/status/2036805398926176533](https://x.com/SolanaEvents/status/2036805398926176533)

Speaker Announcement  
  
Let's huddle up in Miami and welcome [@pudgypenguins](https://x.com/pudgypenguins) CEO [@LucaNetz](https://x.com/LucaNetz) as he takes the stage for Solana Accelerate USA 

https://preview.redd.it/7aobx05te9rg1.png?width=680&format=png&auto=webp&s=8b48a076660b12ed9b55a74b73d6024cbf556158

Accelerate USA takes place alongside [@consensus2026](https://x.com/consensus2026) on May 5th.  
Reserve your spot today: [https://luma.com/accelerate-miami](https://luma.com/accelerate-miami)

  
About Event

# ​Solana Accelerate | Miami, United States Finance 2.0 Comes Home

​Solana Accelerate returns to America. Join us as we land in Miami to turn up the heat on financial innovation.

​Miami is no longer just a leisure destination - it's America 2.0: a convergence point for the future of capital and culture. Its dynamic rise makes it the perfect place to showcase Solana’s role in powering the proliferation of Internet Capital Markets. 

​Solana’s unmatched speed will meet American innovation to set a new global standard for capital formation and deployment. Miami’s rise to meet this moment is driven by two structural advantages:

* ​**Regulatory and policy openness:** State and city leadership are actively courting crypto, capital markets, and founder-led innovation.
* ​**A unique capital and talent flywheel:** International wealth, US institutional capital and global operators converge to create a physical center of gravity.

​While legacy hubs remain bound by institutional inertia, Miami has embraced its role as a modern proving ground for Finance 2.0.

​Alongside [Consensus](https://consensus.coindesk.com/?utm_term=consensus%20miami&utm_campaign=DBL-C26HK-Search-HK&utm_source=adwords&utm_medium=ppc&hsa_acc=5934875544&hsa_cam=23099363749&hsa_grp=186816754059&hsa_ad=791472846132&hsa_src=g&hsa_tgt=kwd-2445153765085&hsa_kw=consensus%20miami&hsa_mt=p&hsa_net=adwords&hsa_ver=3&gad_source=1&gad_campaignid=23099363749&gbraid=0AAAAAC2kvuAP2L4LKGK-SvyOhZhb--BNp&gclid=Cj0KCQiAhOfLBhCCARIsAJPiopNSMo4xeCeWIlH0UvHJyGaSoUsuyT_uasU-tqM88ZquDc_UftVtdIIaAvYoEALw_wcB), Solana Accelerate will showcase our best founders, apps, and assets in the hottest market for American innovation.

​​**For Sponsorship opportunities**, please complete [this form](https://solanafoundation.typeform.com/acc26-sponsor?utm_source=luma).  
**For Speaker Applications**, please complete [this form](https://airtable.com/apph4y5MDXBxJ2uZy/pagRLZbQJSUsyz3Tn/form?utm_source=luma).

​See you in Miami!

Location

https://preview.redd.it/wlkk0n72f9rg1.png?width=572&format=png&auto=webp&s=ac4f7f7536791d6f484db3f0ddcfedb8e1db5aea",5,1,Solana,https://reddit.com/r/solana/comments/1s3o15t/solana_events_solana_accelerate_usa_tuesday_may_5/
1s3o0s7,2026-03-25,2026-03-25T21:30:55+00:00,Say hello to a new Solana DeX. Perpetual fees that match or beat central exchanges. You're welcome.,"https://preview.redd.it/1b92vbive9rg1.png?width=1170&format=png&auto=webp&s=f0850907b4a48e7f9bdc57c7f9fb96160b8c5eab

Their V2 exchanged just launch and fully supports Solana 😎","Say hello to a new Solana DeX. Perpetual fees that match or beat central exchanges. You're welcome. https://preview.redd.it/1b92vbive9rg1.png?width=1170&format=png&auto=webp&s=f0850907b4a48e7f9bdc57c7f9fb96160b8c5eab

Their V2 exchanged just launch and fully supports Solana 😎",4,17,Solana,https://reddit.com/r/solana/comments/1s3o0s7/say_hello_to_a_new_solana_dex_perpetual_fees_that/
1s3pndw,2026-03-25,2026-03-25T22:32:51+00:00,"The Stack With Ilan Gitter Podcast - With Chase Barker, Solana Foundation",,"The Stack With Ilan Gitter Podcast - With Chase Barker, Solana Foundation",2,1,Solana,https://reddit.com/r/solana/comments/1s3pndw/the_stack_with_ilan_gitter_podcast_with_chase/
1s3ppik,2026-03-25,2026-03-25T22:35:13+00:00,Blockworks - Solana Accounts For ~98% Of All Tokenized Onchain Spot Equity Volume,"**Source:** [https://x.com/tokens/status/2036915645208809625](https://x.com/tokens/status/2036915645208809625)

Solana accounts for \~98% of all tokenized onchain spot equity volume, per Blockworks

https://preview.redd.it/w2auv2weq9rg1.png?width=679&format=png&auto=webp&s=49c656b90b7d7d9a13fdfaed40434e6bca262df5

","Blockworks - Solana Accounts For ~98% Of All Tokenized Onchain Spot Equity Volume **Source:** [https://x.com/tokens/status/2036915645208809625](https://x.com/tokens/status/2036915645208809625)

Solana accounts for \~98% of all tokenized onchain spot equity volume, per Blockworks

https://preview.redd.it/w2auv2weq9rg1.png?width=679&format=png&auto=webp&s=49c656b90b7d7d9a13fdfaed40434e6bca262df5",8,1,Solana,https://reddit.com/r/solana/comments/1s3ppik/blockworks_solana_accounts_for_98_of_all/
1s3nbg5,2026-03-25,2026-03-25T21:05:06+00:00,Lightspeed Podcast - Making Privacy the Default | Kru & Cal,,Lightspeed Podcast - Making Privacy the Default | Kru & Cal,0,1,Solana,https://reddit.com/r/solana/comments/1s3nbg5/lightspeed_podcast_making_privacy_the_default_kru/
1s3njxw,2026-03-25,2026-03-25T21:13:37+00:00,BREAKING: Franklin Templeton ETFs Are Now Available On Solana Via @OndoFinance Global Markets,"**Source:** [https://x.com/solana/status/2036879099700908082](https://x.com/solana/status/2036879099700908082)

BREAKING: Franklin Templeton ETFs are now available on Solana via [@OndoFinance](https://x.com/OndoFinance) Global Markets



**Source:** [https://x.com/tokens/status/2036878358257295596](https://x.com/tokens/status/2036878358257295596)

JUST IN: Ondo Finance tokenizes five Franklin Templeton ETFs, putting a $1.7 trillion asset manager's funds on-chain for the first time.  
  
1. Franklin Focused Growth ETF  
2. Franklin Income Equity Focus ETF  
3. Franklin High Yield Corporate ETF  
4. Franklin Responsibly Sourced Gold ETF  
5. Franklin U.S. Large Cap Multifactor Index ETF  
  
This marks the first time these tokenized FT-managed products are onchain.","BREAKING: Franklin Templeton ETFs Are Now Available On Solana Via @OndoFinance Global Markets **Source:** [https://x.com/solana/status/2036879099700908082](https://x.com/solana/status/2036879099700908082)

BREAKING: Franklin Templeton ETFs are now available on Solana via [@OndoFinance](https://x.com/OndoFinance) Global Markets



**Source:** [https://x.com/tokens/status/2036878358257295596](https://x.com/tokens/status/2036878358257295596)

JUST IN: Ondo Finance tokenizes five Franklin Templeton ETFs, putting a $1.7 trillion asset manager's funds on-chain for the first time.  
  
1. Franklin Focused Growth ETF  
2. Franklin Income Equity Focus ETF  
3. Franklin High Yield Corporate ETF  
4. Franklin Responsibly Sourced Gold ETF  
5. Franklin U.S. Large Cap Multifactor Index ETF  
  
This marks the first time these tokenized FT-managed products are onchain.",3,1,Solana,https://reddit.com/r/solana/comments/1s3njxw/breaking_franklin_templeton_etfs_are_now/
1s3n99w,2026-03-25,2026-03-25T21:03:01+00:00,Solandy - What changes with Anchor v1.0.0? [Solana Tutorial] - Mar 16th '26,,Solandy - What changes with Anchor v1.0.0? [Solana Tutorial] - Mar 16th '26,1,1,Solana,https://reddit.com/r/solana/comments/1s3n99w/solandy_what_changes_with_anchor_v100_solana/
1s3nd9q,2026-03-25,2026-03-25T21:06:55+00:00,"The Index Podcast - Alex Svanevik (Nansen) on AI Agents, Agentic Trading & Running 75 Claude Bots Inside One Company",,"The Index Podcast - Alex Svanevik (Nansen) on AI Agents, Agentic Trading & Running 75 Claude Bots Inside One Company",2,1,Solana,https://reddit.com/r/solana/comments/1s3nd9q/the_index_podcast_alex_svanevik_nansen_on_ai/
1s3ne4g,2026-03-25,2026-03-25T21:07:48+00:00,The Index Podcast - The Future of Solana's Wallet Stack | Filip Dragoslavić (Solflare),,The Index Podcast - The Future of Solana's Wallet Stack | Filip Dragoslavić (Solflare),1,1,Solana,https://reddit.com/r/solana/comments/1s3ne4g/the_index_podcast_the_future_of_solanas_wallet/
1s2p65w,2026-03-24,2026-03-24T20:19:10+00:00,Brianna Migliaccio - On-chain Payments | Solana Developer Platform,,Brianna Migliaccio - On-chain Payments | Solana Developer Platform,3,1,Solana,https://reddit.com/r/solana/comments/1s2p65w/brianna_migliaccio_onchain_payments_solana/
1s26vl1,2026-03-24,2026-03-24T07:13:46+00:00,went back to native staking after 6 months on liquid. here's my thinking,"Had about 30 SOL split between jitoSOL and marinade. The MEV yield bump looked good on paper but a few things wore me down over time:

Smart contract risk bothered me more than I expected. I know Jito and Marinade have been audited and battle tested etc. I'm not saying they're unsafe. But with liquid staking protocols your SOL gets locked inside a smart contract and you hold a derivative token that represents your position. If something goes wrong with that contract your SOL is at risk. For my bag size the extra percent or two just didn't feel like enough upside to justify that.

The complexity got old. Tracking rewards across different LST tokens, figuring out when to rebalance, keeping up with governance stuff. For what, a couple extra SOL a year?

And the depeg thing. Yeah it's rare and it recovers. But seeing your position at 0.97 when it should be 1.0 is not a great feeling even if you know intellectually it's fine.

So I moved back to native. Pick a decent validator, delegate, don't think about it. The returns are small but at least my SOL is delegated directly to a validator on the network and not sitting inside someone's smart contract.

I've been reading about Tramplin recently and it seems to address the thing I didn't like about native staking (tiny returns) without bringing back the thing I didn't like about liquid staking (smart contract custody of my tokens). From what I understand, Tramplin stakes your SOL through standard Solana validator delegation, same as Phantom. Your SOL is never deposited into a protocol smart contract and never converted to a derivative token. The difference is just in how the staking rewards are distributed after they're earned. Haven't tried it yet but might be worth a look.

Anyone else gone through this arc? Liquid staking seemed so obviously better when I started but the peace of mind of knowing exactly where your SOL is sitting is worth something.","went back to native staking after 6 months on liquid. here's my thinking Had about 30 SOL split between jitoSOL and marinade. The MEV yield bump looked good on paper but a few things wore me down over time:

Smart contract risk bothered me more than I expected. I know Jito and Marinade have been audited and battle tested etc. I'm not saying they're unsafe. But with liquid staking protocols your SOL gets locked inside a smart contract and you hold a derivative token that represents your position. If something goes wrong with that contract your SOL is at risk. For my bag size the extra percent or two just didn't feel like enough upside to justify that.

The complexity got old. Tracking rewards across different LST tokens, figuring out when to rebalance, keeping up with governance stuff. For what, a couple extra SOL a year?

And the depeg thing. Yeah it's rare and it recovers. But seeing your position at 0.97 when it should be 1.0 is not a great feeling even if you know intellectually it's fine.

So I moved back to native. Pick a decent validator, delegate, don't think about it. The returns are small but at least my SOL is delegated directly to a validator on the network and not sitting inside someone's smart contract.

I've been reading about Tramplin recently and it seems to address the thing I didn't like about native staking (tiny returns) without bringing back the thing I didn't like about liquid staking (smart contract custody of my tokens). From what I understand, Tramplin stakes your SOL through standard Solana validator delegation, same as Phantom. Your SOL is never deposited into a protocol smart contract and never converted to a derivative token. The difference is just in how the staking rewards are distributed after they're earned. Haven't tried it yet but might be worth a look.

Anyone else gone through this arc? Liquid staking seemed so obviously better when I started but the peace of mind of knowing exactly where your SOL is sitting is worth something.",30,39,Solana,https://reddit.com/r/solana/comments/1s26vl1/went_back_to_native_staking_after_6_months_on/
1s2828w,2026-03-24,2026-03-24T08:29:25+00:00,How are you actually handling wallet transaction history in 2026? RPC is killing me,"Building a simple portfolio tracker. Need to show a user their full transaction history across tokens. Sounds easy. It is not easy.

`getSignaturesForAddress` is paginated, rate limited, and returns signatures not transactions. Then you call `getParsedTransaction` per signature and now you've made 200 RPC calls for one wallet. Add five wallets and you've got a small infrastructure problem just for a feature that should be table stakes.

There has to be a better pattern here. What are people actually doing in production for this? Indexing everything yourself, using a third party, something else entirely? Not looking for a perfect answer, just curious what's working for real teams.","How are you actually handling wallet transaction history in 2026? RPC is killing me Building a simple portfolio tracker. Need to show a user their full transaction history across tokens. Sounds easy. It is not easy.

`getSignaturesForAddress` is paginated, rate limited, and returns signatures not transactions. Then you call `getParsedTransaction` per signature and now you've made 200 RPC calls for one wallet. Add five wallets and you've got a small infrastructure problem just for a feature that should be table stakes.

There has to be a better pattern here. What are people actually doing in production for this? Indexing everything yourself, using a third party, something else entirely? Not looking for a perfect answer, just curious what's working for real teams.",4,4,Solana,https://reddit.com/r/solana/comments/1s2828w/how_are_you_actually_handling_wallet_transaction/
1s28cjn,2026-03-24,2026-03-24T08:48:32+00:00,Pumpfun Trading Bot Strategy,"Hi, I'm developing the PumpFun trading bot.

My strategy involves collecting historical data on a creator's initial token amounts and their trading activity over a specific period. I’ve noticed that some creators have token creations with identical amounts and trading timestamps.

The most important factor is the buy/sell transaction latency after token creation.

I'm looking for the most effective free or open-source ways to test my gRPC bot without paying for premium licenses or subscriptions.

Do you have any insights or thoughts on this? Any suggestions would be greatly appreciated—thanks in advance for your advice.","Pumpfun Trading Bot Strategy Hi, I'm developing the PumpFun trading bot.

My strategy involves collecting historical data on a creator's initial token amounts and their trading activity over a specific period. I’ve noticed that some creators have token creations with identical amounts and trading timestamps.

The most important factor is the buy/sell transaction latency after token creation.

I'm looking for the most effective free or open-source ways to test my gRPC bot without paying for premium licenses or subscriptions.

Do you have any insights or thoughts on this? Any suggestions would be greatly appreciated—thanks in advance for your advice.",3,5,Solana,https://reddit.com/r/solana/comments/1s28cjn/pumpfun_trading_bot_strategy/
1s2f8d1,2026-03-24,2026-03-24T14:24:10+00:00,Polychain backs VeryAI’s $10M raise to build palm-scan identity system on Solana,,Polychain backs VeryAI’s $10M raise to build palm-scan identity system on Solana,18,6,Solana,https://reddit.com/r/solana/comments/1s2f8d1/polychain_backs_veryais_10m_raise_to_build/
1s2fdw1,2026-03-24,2026-03-24T14:30:15+00:00,Why does Bitvavo give you a higher APY than other big validators?,,Why does Bitvavo give you a higher APY than other big validators?,2,5,Solana,https://reddit.com/r/solana/comments/1s2fdw1/why_does_bitvavo_give_you_a_higher_apy_than_other/
1s2ff9k,2026-03-24,2026-03-24T14:31:40+00:00,Mayan 2.0 is open today,"Cross-chain movement, now 5x faster.

Mayan 2.0 makes moving between chains faster, more efficient, and invisible to the user.

A new financial system is being built onchain.  Moving tokens, stablecoins, 

and real-world assets must be instant. 

Try it now at [swap.mayan.finance](http://swap.mayan.finance)



What this means for users: 

Swap any asset across chains with sub-second routing.

Keep more of what you send with 2x lower execution costs. 

Move size without hesitation.



What this means for builders:

Turn a single swap into any onchain action with Zaps. Deposit, stake, lend—all in one single flow.

Onboard users from any ecosystem faster.

Add gas abstraction, gas sponsorship, and custom fees.","Mayan 2.0 is open today Cross-chain movement, now 5x faster.

Mayan 2.0 makes moving between chains faster, more efficient, and invisible to the user.

A new financial system is being built onchain.  Moving tokens, stablecoins, 

and real-world assets must be instant. 

Try it now at [swap.mayan.finance](http://swap.mayan.finance)



What this means for users: 

Swap any asset across chains with sub-second routing.

Keep more of what you send with 2x lower execution costs. 

Move size without hesitation.



What this means for builders:

Turn a single swap into any onchain action with Zaps. Deposit, stake, lend—all in one single flow.

Onboard users from any ecosystem faster.

Add gas abstraction, gas sponsorship, and custom fees.",5,1,Solana,https://reddit.com/r/solana/comments/1s2ff9k/mayan_20_is_open_today/
1s2gjzi,2026-03-24,2026-03-24T15:13:22+00:00,Solana Launches Developer Platform to Accelerate Enterprise Crypto Adoption,"Solana Foundation today introduced the Solana Developer Platform (SDP), an AI-ready unified API that bundles over 20 infrastructure providers.   
Enterprises can now launch stablecoins, tokenize RWAs, and orchestrate payments in weeks, not months.   
Early adopters include Mastercard, Western Union, and Worldpay.   
SDP is live on devnet with issuance and payments modules.

[https://x.com/SolanaFndn/status/2036431272877187166](https://x.com/SolanaFndn/status/2036431272877187166)","Solana Launches Developer Platform to Accelerate Enterprise Crypto Adoption Solana Foundation today introduced the Solana Developer Platform (SDP), an AI-ready unified API that bundles over 20 infrastructure providers.   
Enterprises can now launch stablecoins, tokenize RWAs, and orchestrate payments in weeks, not months.   
Early adopters include Mastercard, Western Union, and Worldpay.   
SDP is live on devnet with issuance and payments modules.

[https://x.com/SolanaFndn/status/2036431272877187166](https://x.com/SolanaFndn/status/2036431272877187166)",13,1,Solana,https://reddit.com/r/solana/comments/1s2gjzi/solana_launches_developer_platform_to_accelerate/
1s2n4l2,2026-03-24,2026-03-24T19:05:24+00:00,Peer-to-peer stablecoin salaries are increasing on Solana,Weekly peer to peer stablecoin volume in the $1K to $20K range has now grown for five consecutive weeks and remains above typical levels,Peer-to-peer stablecoin salaries are increasing on Solana Weekly peer to peer stablecoin volume in the $1K to $20K range has now grown for five consecutive weeks and remains above typical levels,12,1,Solana,https://reddit.com/r/solana/comments/1s2n4l2/peertopeer_stablecoin_salaries_are_increasing_on/
1s2oo5p,2026-03-24,2026-03-24T20:00:44+00:00,22 out of 26 trending coins on CB are of SOL origin,"Solana be like Mykonos 5-10 years ago

Everybody wana be there","22 out of 26 trending coins on CB are of SOL origin Solana be like Mykonos 5-10 years ago

Everybody wana be there",19,23,Solana,https://reddit.com/r/solana/comments/1s2oo5p/22_out_of_26_trending_coins_on_cb_are_of_sol/
1s2p5zr,2026-03-24,2026-03-24T20:19:00+00:00,Brianna Migliaccio - Creating a Wallet and API keys | Solana Developer Platform,,Brianna Migliaccio - Creating a Wallet and API keys | Solana Developer Platform,3,1,Solana,https://reddit.com/r/solana/comments/1s2p5zr/brianna_migliaccio_creating_a_wallet_and_api_keys/
1s2c2n2,2026-03-24,2026-03-24T12:15:16+00:00,We Didn't Wait for the Rulebook. We Wrote Our Own.,,We Didn't Wait for the Rulebook. We Wrote Our Own.,4,1,Solana,https://reddit.com/r/solana/comments/1s2c2n2/we_didnt_wait_for_the_rulebook_we_wrote_our_own/
1s2p636,2026-03-24,2026-03-24T20:19:06+00:00,Brianna Migliaccio - Creating a Token | Solana Developer Platform,,Brianna Migliaccio - Creating a Token | Solana Developer Platform,3,1,Solana,https://reddit.com/r/solana/comments/1s2p636/brianna_migliaccio_creating_a_token_solana/
1s2p7qd,2026-03-24,2026-03-24T20:20:45+00:00,"Nansen Podcast ) Power-Hour Session #15 With Solana’s CMO, Vibhu Norby. Solana, AI Agents, and Smart Money",,"Nansen Podcast ) Power-Hour Session #15 With Solana’s CMO, Vibhu Norby. Solana, AI Agents, and Smart Money",2,1,Solana,https://reddit.com/r/solana/comments/1s2p7qd/nansen_podcast_powerhour_session_15_with_solanas/
1s2rml6,2026-03-24,2026-03-24T21:50:01+00:00,Solana Now Supports The Machine Payments Protocol Mpp By Stripe And Tempo,"**Source:** [https://x.com/solana/status/2036507994381492326](https://x.com/solana/status/2036507994381492326)

Solana now supports the Machine Payments Protocol [@mpp](https://x.com/mpp) by [@stripe](https://x.com/stripe) and [@tempo](https://x.com/tempo).  
  
If you're building an API that needs to accept payments, u/solana/mpp SDK handles any stablecoin on Solana (Spl, Token2022).  
  
If you’re already building with MPP, Solana is now a supported payment rail.  
  
Solana is built for agentic payments.

https://preview.redd.it/p1akaewbd2rg1.png?width=665&format=png&auto=webp&s=5c0c1aabf25298d2ed245674d67b36b1e040e515

Solana’s MPP spec supports:   
\- Split payouts and richer settlement flows  
\- Native fee payer support so servers can sponsor network fees  
\- Delegated signer options including Ed25519 and passkey-friendly secp256r1 flows

  
Build with it:  
[http://github.com/solana-foundation/mpp-sdk](https://t.co/52bcUFPNE4)  
Check out the docs: [https://mpp.dev/payment-methods/solana](https://mpp.dev/payment-methods/solana)

https://preview.redd.it/h1n5111fd2rg1.png?width=679&format=png&auto=webp&s=9368b4a70c432dc9e7560197a61b254f7e94cb18

","Solana Now Supports The Machine Payments Protocol Mpp By Stripe And Tempo **Source:** [https://x.com/solana/status/2036507994381492326](https://x.com/solana/status/2036507994381492326)

Solana now supports the Machine Payments Protocol [@mpp](https://x.com/mpp) by [@stripe](https://x.com/stripe) and [@tempo](https://x.com/tempo).  
  
If you're building an API that needs to accept payments, u/solana/mpp SDK handles any stablecoin on Solana (Spl, Token2022).  
  
If you’re already building with MPP, Solana is now a supported payment rail.  
  
Solana is built for agentic payments.

https://preview.redd.it/p1akaewbd2rg1.png?width=665&format=png&auto=webp&s=5c0c1aabf25298d2ed245674d67b36b1e040e515

Solana’s MPP spec supports:   
\- Split payouts and richer settlement flows  
\- Native fee payer support so servers can sponsor network fees  
\- Delegated signer options including Ed25519 and passkey-friendly secp256r1 flows

  
Build with it:  
[http://github.com/solana-foundation/mpp-sdk](https://t.co/52bcUFPNE4)  
Check out the docs: [https://mpp.dev/payment-methods/solana](https://mpp.dev/payment-methods/solana)

https://preview.redd.it/h1n5111fd2rg1.png?width=679&format=png&auto=webp&s=9368b4a70c432dc9e7560197a61b254f7e94cb18",1,1,Solana,https://reddit.com/r/solana/comments/1s2rml6/solana_now_supports_the_machine_payments_protocol/
1s2pd34,2026-03-24,2026-03-24T20:26:00+00:00,"@vibhu - Solana Is Not Only The Best Place To Build, It’s The Best Place To Win Customers And Build A Giant Business","**Source:** [https://x.com/vibhu/status/2036233757154484542](https://x.com/vibhu/status/2036233757154484542)

Need to address some glaring inaccuracies in the current discourse about [@Solana](https://x.com/Solana).  
  
Would bet a significant amount that we (at SF & as an ecosystem) do more to support founders/builders than any other network, and it’s probably not even that close.  
  
First, let’s talk about funding:  
  
\- Since Jan 1, we’ve run 3 Hackathons (Privacy, Consumer/NFTs/Gaming, Agents), and Labs ran their own (Mobile), and there are many more coming including the global Solana hackathon with Colosseum. Additionally, eco teams like Ranger and Arcium recently debuted hackathons. These come with millions in prizes.  
  
\- Solana builders can join [@colosseum](https://x.com/colosseum) or [@incubator](https://x.com/incubator) for YC-style funding, investments, and mentorship with our direct support. Founders in Colosseum alone have gone on to raise $650 million+ in venture funding.  
  
\- [@Superteam](https://x.com/Superteam) is our global founder network, with thousands of members - and we just launched Superteam USA to fund and assist founders in the biggest market. Superteam is Solana family, designed for builders.  
  
\- Superteam offers instagrants up to $10k + Earn which has paid out millions, YC founders building on Solana can get up to $50k extra, Kalshi x Solana has a $2m fund for prediction markets, and SF offers evergreen grants for open source & public goods with a $40k average check size. Many other teams offer grant-style funding as well, including Monke Foundry, Metaplex, Wormhole, Bonk, Seeker, etc.  
  
In total, Foundation and adjacent entities fund tens of millions collectively each year into early stage startups and builders who are advancing the network, with no equity commitments or tradeoffs - in service of growing the ecosystem.  
  
Second, let’s talk about distribution:  
  
\- Foundation holds events all over the world directly, including Accelerate and Breakpoint, but also assists with funding and resources for community events like mtndao, Solana Summit, and many other hyper regional events. Our entire goal: put builders on stage, give them an audience, and then help them distribute their message.  
  
\- Since Jan 1, [@Solana](https://x.com/Solana) has amplified 300+ different ecosystem companies. In fact we handle so much inbound load from teams wanting amplification that we built multiple targeted handles to do this even better, like [@capitalmarkets](https://x.com/capitalmarkets), [@solanapayments](https://x.com/solanapayments), and [@x402](https://x.com/x402).

\- Even in Gaming, we dedicate distribution resources to builders through [@solanagaming](https://x.com/solanagaming), and stream games multiple times per week.  
  
\- Our distribution has real impact. Last month we sent our live team to [@mtndao](https://x.com/mtndao) to host Demo Day, and platformed dozens of builders by putting them on stage, livestreaming them, and then clipping their segments. One team, Tapestry, noted that after the stream they had thousands of new downloads on their mobile app.  
  
\- [@Luminaries](https://x.com/Luminaries), our top content creator collective, distributes stories from ecosystem builders through 50+ influencers across many different channels  
  
\- We produce hundreds of high quality videos and clips per year across stories, explainers, and education that feature our ecosystem teams  
  
\- SF hosts 10 regular podcasts to feature ecosystem teams, and sponsors and produces countless others, like The Index and Genfinity. In this case, we acquire media channels & time and we directly book guests from our ecosystem that have a story to tell  
  
Last year, we led all crypto networks in total impressions and engagement on X & LinkedIn. Again, I would guess it wasn't really that close.  
  
If you’re building on Solana, our firehose is yours to use.  
  
**Solana is not only the best place to build, it’s the best place to win customers and build a giant business. No network has produced more multi-billion $ companies with real, sustainable businesses and moats.**  
  
If we don’t know you yet and you’re here, we would love to hear from you and see how we can help. That’s quite literally our job.  
  
Don't believe everything you read on X 🫡","@vibhu - Solana Is Not Only The Best Place To Build, It’s The Best Place To Win Customers And Build A Giant Business **Source:** [https://x.com/vibhu/status/2036233757154484542](https://x.com/vibhu/status/2036233757154484542)

Need to address some glaring inaccuracies in the current discourse about [@Solana](https://x.com/Solana).  
  
Would bet a significant amount that we (at SF & as an ecosystem) do more to support founders/builders than any other network, and it’s probably not even that close.  
  
First, let’s talk about funding:  
  
\- Since Jan 1, we’ve run 3 Hackathons (Privacy, Consumer/NFTs/Gaming, Agents), and Labs ran their own (Mobile), and there are many more coming including the global Solana hackathon with Colosseum. Additionally, eco teams like Ranger and Arcium recently debuted hackathons. These come with millions in prizes.  
  
\- Solana builders can join [@colosseum](https://x.com/colosseum) or [@incubator](https://x.com/incubator) for YC-style funding, investments, and mentorship with our direct support. Founders in Colosseum alone have gone on to raise $650 million+ in venture funding.  
  
\- [@Superteam](https://x.com/Superteam) is our global founder network, with thousands of members - and we just launched Superteam USA to fund and assist founders in the biggest market. Superteam is Solana family, designed for builders.  
  
\- Superteam offers instagrants up to $10k + Earn which has paid out millions, YC founders building on Solana can get up to $50k extra, Kalshi x Solana has a $2m fund for prediction markets, and SF offers evergreen grants for open source & public goods with a $40k average check size. Many other teams offer grant-style funding as well, including Monke Foundry, Metaplex, Wormhole, Bonk, Seeker, etc.  
  
In total, Foundation and adjacent entities fund tens of millions collectively each year into early stage startups and builders who are advancing the network, with no equity commitments or tradeoffs - in service of growing the ecosystem.  
  
Second, let’s talk about distribution:  
  
\- Foundation holds events all over the world directly, including Accelerate and Breakpoint, but also assists with funding and resources for community events like mtndao, Solana Summit, and many other hyper regional events. Our entire goal: put builders on stage, give them an audience, and then help them distribute their message.  
  
\- Since Jan 1, [@Solana](https://x.com/Solana) has amplified 300+ different ecosystem companies. In fact we handle so much inbound load from teams wanting amplification that we built multiple targeted handles to do this even better, like [@capitalmarkets](https://x.com/capitalmarkets), [@solanapayments](https://x.com/solanapayments), and [@x402](https://x.com/x402).

\- Even in Gaming, we dedicate distribution resources to builders through [@solanagaming](https://x.com/solanagaming), and stream games multiple times per week.  
  
\- Our distribution has real impact. Last month we sent our live team to [@mtndao](https://x.com/mtndao) to host Demo Day, and platformed dozens of builders by putting them on stage, livestreaming them, and then clipping their segments. One team, Tapestry, noted that after the stream they had thousands of new downloads on their mobile app.  
  
\- [@Luminaries](https://x.com/Luminaries), our top content creator collective, distributes stories from ecosystem builders through 50+ influencers across many different channels  
  
\- We produce hundreds of high quality videos and clips per year across stories, explainers, and education that feature our ecosystem teams  
  
\- SF hosts 10 regular podcasts to feature ecosystem teams, and sponsors and produces countless others, like The Index and Genfinity. In this case, we acquire media channels & time and we directly book guests from our ecosystem that have a story to tell  
  
Last year, we led all crypto networks in total impressions and engagement on X & LinkedIn. Again, I would guess it wasn't really that close.  
  
If you’re building on Solana, our firehose is yours to use.  
  
**Solana is not only the best place to build, it’s the best place to win customers and build a giant business. No network has produced more multi-billion $ companies with real, sustainable businesses and moats.**  
  
If we don’t know you yet and you’re here, we would love to hear from you and see how we can help. That’s quite literally our job.  
  
Don't believe everything you read on X 🫡",2,1,Solana,https://reddit.com/r/solana/comments/1s2pd34/vibhu_solana_is_not_only_the_best_place_to_build/
1s2uxqn,2026-03-24,2026-03-24T23:58:20+00:00,"Colosseum Announces The Solana Frontier Hackathon, With $2.5 Million In Prizes, Running From April 6 To May 11, 2026","**Source:** [https://x.com/colosseum/status/2036478552963752224](https://x.com/colosseum/status/2036478552963752224)

Announcing the [@Solana](https://x.com/solana) Frontier Hackathon, April 6 - May 11, 2026. 🏔️  
  
Sign up today and compete in crypto's largest online startup competition: [http://colosseum.com/frontier](https://t.co/6GVqmKOtbL)  
  
More details coming soon.

https://reddit.com/link/1s2uxqn/video/o65y6t7tz2rg1/player

","Colosseum Announces The Solana Frontier Hackathon, With $2.5 Million In Prizes, Running From April 6 To May 11, 2026 **Source:** [https://x.com/colosseum/status/2036478552963752224](https://x.com/colosseum/status/2036478552963752224)

Announcing the [@Solana](https://x.com/solana) Frontier Hackathon, April 6 - May 11, 2026. 🏔️  
  
Sign up today and compete in crypto's largest online startup competition: [http://colosseum.com/frontier](https://t.co/6GVqmKOtbL)  
  
More details coming soon.

https://reddit.com/link/1s2uxqn/video/o65y6t7tz2rg1/player",8,4,Solana,https://reddit.com/r/solana/comments/1s2uxqn/colosseum_announces_the_solana_frontier_hackathon/
1s2uosq,2026-03-24,2026-03-24T23:48:18+00:00,Where do validators and miners of various blockchains communicate?,,Where do validators and miners of various blockchains communicate?,4,3,Solana,https://reddit.com/r/solana/comments/1s2uosq/where_do_validators_and_miners_of_various/
1s2tmsv,2026-03-24,2026-03-24T23:06:49+00:00,Surviving the bear market: Solana Auditor looking for new programs to review.,"I’m an independent Solana (and EVM) smart contract auditor. I've realized firsthand that recent market conditions can be humbling for anyone, and I haven’t had any active engagements recently.

If any teams here are currently looking for an independent auditor to review their programs, my DMs are open. I am happy to share past work, reports, and credentials in private.

Also, if anyone has advice on the best Discords, Telegram groups, or communities where builders are actively looking for security reviews right now, I would hugely appreciate the pointers.

Thank you very much for any leads!","Surviving the bear market: Solana Auditor looking for new programs to review. I’m an independent Solana (and EVM) smart contract auditor. I've realized firsthand that recent market conditions can be humbling for anyone, and I haven’t had any active engagements recently.

If any teams here are currently looking for an independent auditor to review their programs, my DMs are open. I am happy to share past work, reports, and credentials in private.

Also, if anyone has advice on the best Discords, Telegram groups, or communities where builders are actively looking for security reviews right now, I would hugely appreciate the pointers.

Thank you very much for any leads!",8,21,Solana,https://reddit.com/r/solana/comments/1s2tmsv/surviving_the_bear_market_solana_auditor_looking/
1s2u3zm,2026-03-24,2026-03-24T23:25:13+00:00,Should I use GMGN Ai to copy trade?,"I am basicly getting into tradings, and saw that gmgn has a copy trade option, is this good to do? ik there is a lot of AI accounts on there so I won't copy those, I will try to find human accounts to copy, but other then that is it good to use? I am planning on starting with $100.

please let me know anything I should be aware of.","Should I use GMGN Ai to copy trade? I am basicly getting into tradings, and saw that gmgn has a copy trade option, is this good to do? ik there is a lot of AI accounts on there so I won't copy those, I will try to find human accounts to copy, but other then that is it good to use? I am planning on starting with $100.

please let me know anything I should be aware of.",3,11,Solana,https://reddit.com/r/solana/comments/1s2u3zm/should_i_use_gmgn_ai_to_copy_trade/
1s2rjqq,2026-03-24,2026-03-24T21:46:53+00:00,"LightProtocol Introduces The Light Token SDK For Payments, Reduces Solana ATA Fees To $0.001","**Source:** [https://x.com/LightProtocol/status/2036473993775964632](https://x.com/LightProtocol/status/2036473993775964632)

Introducing the Light Token SDK for Payments  
  
\- reduces Solana ATA fees to $0.001  
  
\- works with all SPL, including USDC, PYUSD, USDG  
  
\- new drop-in API, upgrading from spl-token takes \~5 minutes  
  
Live on Mainnet today, use with all leading RPC providers.  
  
Enjoy

https://reddit.com/link/1s2rjqq/video/tjogd2qnc2rg1/player

**2/** To use the SDK, just swap a few function calls.  
Methods are a superset of SPL-token, returning the same Account types.

https://preview.redd.it/twv7d57pc2rg1.png?width=680&format=png&auto=webp&s=624e40eab3ef940fe40be3d1d53ebcefc6579ef9

  
**3/** The SDK is powered by the new Light Token Program under the hood, which has been audited by [@Certora](https://x.com/Certora) and [@accretion\_xyz](https://x.com/accretion_xyz).  
  
Learn more and start integrating here:

[https://www.zkcompression.com/light-token/payments/basic-payment](https://www.zkcompression.com/light-token/payments/basic-payment)

https://preview.redd.it/9wvpudxsc2rg1.png?width=680&format=png&auto=webp&s=d1d35cffa593223c14694d04c42815dc4e3666bb

","LightProtocol Introduces The Light Token SDK For Payments, Reduces Solana ATA Fees To $0.001 **Source:** [https://x.com/LightProtocol/status/2036473993775964632](https://x.com/LightProtocol/status/2036473993775964632)

Introducing the Light Token SDK for Payments  
  
\- reduces Solana ATA fees to $0.001  
  
\- works with all SPL, including USDC, PYUSD, USDG  
  
\- new drop-in API, upgrading from spl-token takes \~5 minutes  
  
Live on Mainnet today, use with all leading RPC providers.  
  
Enjoy

https://reddit.com/link/1s2rjqq/video/tjogd2qnc2rg1/player

**2/** To use the SDK, just swap a few function calls.  
Methods are a superset of SPL-token, returning the same Account types.

https://preview.redd.it/twv7d57pc2rg1.png?width=680&format=png&auto=webp&s=624e40eab3ef940fe40be3d1d53ebcefc6579ef9

  
**3/** The SDK is powered by the new Light Token Program under the hood, which has been audited by [@Certora](https://x.com/Certora) and [@accretion\_xyz](https://x.com/accretion_xyz).  
  
Learn more and start integrating here:

[https://www.zkcompression.com/light-token/payments/basic-payment](https://www.zkcompression.com/light-token/payments/basic-payment)

https://preview.redd.it/9wvpudxsc2rg1.png?width=680&format=png&auto=webp&s=d1d35cffa593223c14694d04c42815dc4e3666bb",5,1,Solana,https://reddit.com/r/solana/comments/1s2rjqq/lightprotocol_introduces_the_light_token_sdk_for/
1s2rgtg,2026-03-24,2026-03-24T21:43:49+00:00,Solana Traders Can Now Now Their Trades Statistics In Real-time On Zerion,"**Source:** 

The best traders are on [@solana](https://x.com/solana).  
Now their PnL is on [@zerion](https://x.com/zerion).  
  
Track your total, realized, and unrealized profit & loss in real-time.  
Comment: ""PnL"" to get access to Premium in your DM's

https://reddit.com/link/1s2rgtg/video/d24nwmt2c2rg1/player

","Solana Traders Can Now Now Their Trades Statistics In Real-time On Zerion **Source:** 

The best traders are on [@solana](https://x.com/solana).  
Now their PnL is on [@zerion](https://x.com/zerion).  
  
Track your total, realized, and unrealized profit & loss in real-time.  
Comment: ""PnL"" to get access to Premium in your DM's

https://reddit.com/link/1s2rgtg/video/d24nwmt2c2rg1/player",6,2,Solana,https://reddit.com/r/solana/comments/1s2rgtg/solana_traders_can_now_now_their_trades/
1s2reau,2026-03-24,2026-03-24T21:41:07+00:00,Solana Is Quickly Becoming The RWA Chain. The Phrase *tokenize Everything* Is Coming To Fruition | @molusol (X),"**Source:** 

Solana is quickly becoming the RWA chain. The phrase \*tokenize everything\* is coming to fruition.  
  
\> $1.7B in asset value  
\> 173K holders  
\> 1.8K RWA count  
\> $2.16B in 30d transfer volume  
  
Here's the top 10 distributed assets:

[https://x.com/molusol/status/2034842400410202414](https://x.com/molusol/status/2034842400410202414)

https://preview.redd.it/q9qrpx9sb2rg1.png?width=680&format=png&auto=webp&s=8d887ce0070c71e41a84834f947f5628401f7f5e

","Solana Is Quickly Becoming The RWA Chain. The Phrase *tokenize Everything* Is Coming To Fruition | @molusol (X) **Source:** 

Solana is quickly becoming the RWA chain. The phrase \*tokenize everything\* is coming to fruition.  
  
\> $1.7B in asset value  
\> 173K holders  
\> 1.8K RWA count  
\> $2.16B in 30d transfer volume  
  
Here's the top 10 distributed assets:

[https://x.com/molusol/status/2034842400410202414](https://x.com/molusol/status/2034842400410202414)

https://preview.redd.it/q9qrpx9sb2rg1.png?width=680&format=png&auto=webp&s=8d887ce0070c71e41a84834f947f5628401f7f5e",10,1,Solana,https://reddit.com/r/solana/comments/1s2reau/solana_is_quickly_becoming_the_rwa_chain_the/
1s2rczo,2026-03-24,2026-03-24T21:39:45+00:00,"Mayan Finance Launched ""Mayan 2.0"", A Cross-chain Movement 5x Faster","**Source:** 

Meet Mayan 2.0.  
Cross-chain movement, now 5x faster.

https://reddit.com/link/1s2rczo/video/4hqhbbyaa2rg1/player

Our biggest product upgrade yet: Mayan 2.0 makes moving between chains faster, more efficient, and invisible to the user.  
  
A new financial system is being built onchain. Moving tokens, stablecoins, and real-world assets must be instant.  
  
Try it now at [http://swap.mayan.finance](https://t.co/0RWZtFHAzN).

https://reddit.com/link/1s2rczo/video/6kjrta49a2rg1/player

**What this means for users:**  
• Swap any asset across chains with sub-second routing.  
• Keep more of what you send with 2x lower execution costs.  
• Move size without hesitation.

  
**What this means for builders:**  
• Turn a single swap into any onchain action with Zaps. Deposit, stake, lend—all in one single flow.  
• Onboard users from any ecosystem faster.  
• Add gas abstraction, gas sponsorship, and custom fees.

  
Mayan 2.0 just accelerated your favorite applications:  
• [@Wallet](https://x.com/Wallet)  
• [@MetaMask](https://x.com/MetaMask)  
• [@Phantom](https://x.com/Phantom)  
• [@BinanceWallet](https://x.com/BinanceWallet)  
• [@Dyadnum](https://x.com/Dyadnum)  
• [@JumperExchange](https://x.com/JumperExchange)  
• [@lifiprotocol](https://x.com/lifiprotocol)  
• [@BungeeExchange](https://x.com/BungeeExchange)  
• [@SocketProtocol](https://x.com/SocketProtocol)  
• [@Infinex](https://x.com/Infinex)  
• [@Backpack](https://x.com/Backpack)  
• [@Rabby\_io](https://x.com/Rabby_io)  
• [@Portalbridge\_](https://x.com/Portalbridge_)  
• [@Okutrade](https://x.com/Okutrade)  
• [@defiapp](https://x.com/defiapp)  
• [@CryptoRubic](https://x.com/CryptoRubic)  
• [@KyberNetwork](https://x.com/KyberNetwork)  
• [@0xProject](https://x.com/0xProject)  
• [@Matchaxyz](https://x.com/Matchaxyz)  
• [@Kintsu](https://x.com/Kintsu)  
• [@RangoExchange](https://x.com/RangoExchange)  
• [@VeloraDEX](https://x.com/VeloraDEX)  
• [@HoudiniSwap](https://x.com/HoudiniSwap)  
• [@OpenOceanGlobal](https://x.com/OpenOceanGlobal)  
• [@InterportFi](https://x.com/InterportFi)  
• [@massdotmoney](https://x.com/massdotmoney)  
• [@imTokenOfficial](https://x.com/imTokenOfficial)  
• [@Exodus](https://x.com/Exodus)  
• [@XO\_Swap](https://x.com/XO_Swap)  
• [@AftermathFi](https://x.com/AftermathFi)  
• [@deloraprotocol](https://x.com/deloraprotocol)  
• [@GemWallet](https://x.com/GemWallet)  
• [@dynamic\_xyz](https://x.com/dynamic_xyz)

 and more.

Moving to [@Solana](https://x.com/solana), [@BNBChain](https://x.com/BNBCHAIN), [u/@Ethereum](https://x.com/ethereum), [@Arbitrum](https://x.com/arbitrum), [@Monad](https://x.com/monad), [@Base](https://x.com/base), [@HyperliquidX](https://x.com/HyperliquidX), [@0xPolygon](https://x.com/0xPolygon), [@avax](https://x.com/avax), [u/@SuiNetwork](https://x.com/SuiNetwork), [@unichain](https://x.com/unichain), [@LineaBuild](https://x.com/LineaBuild), [@Optimism](https://x.com/Optimism), [@Fogo](https://x.com/fogo) is easier than ever.

  
When crypto moves, Mayan runs.  
Connected by [@wormhole](https://x.com/wormhole). Trusted by 2.8M+ users.  
Read more here: [http://mayan.finance/blog/meet-mayan-2-0](https://t.co/eEqvfA8EJz)

https://preview.redd.it/e3i82ggcb2rg1.png?width=680&format=png&auto=webp&s=d171aaa45102392223f89026ade9e03b60c3ab99

","Mayan Finance Launched ""Mayan 2.0"", A Cross-chain Movement 5x Faster **Source:** 

Meet Mayan 2.0.  
Cross-chain movement, now 5x faster.

https://reddit.com/link/1s2rczo/video/4hqhbbyaa2rg1/player

Our biggest product upgrade yet: Mayan 2.0 makes moving between chains faster, more efficient, and invisible to the user.  
  
A new financial system is being built onchain. Moving tokens, stablecoins, and real-world assets must be instant.  
  
Try it now at [http://swap.mayan.finance](https://t.co/0RWZtFHAzN).

https://reddit.com/link/1s2rczo/video/6kjrta49a2rg1/player

**What this means for users:**  
• Swap any asset across chains with sub-second routing.  
• Keep more of what you send with 2x lower execution costs.  
• Move size without hesitation.

  
**What this means for builders:**  
• Turn a single swap into any onchain action with Zaps. Deposit, stake, lend—all in one single flow.  
• Onboard users from any ecosystem faster.  
• Add gas abstraction, gas sponsorship, and custom fees.

  
Mayan 2.0 just accelerated your favorite applications:  
• [@Wallet](https://x.com/Wallet)  
• [@MetaMask](https://x.com/MetaMask)  
• [@Phantom](https://x.com/Phantom)  
• [@BinanceWallet](https://x.com/BinanceWallet)  
• [@Dyadnum](https://x.com/Dyadnum)  
• [@JumperExchange](https://x.com/JumperExchange)  
• [@lifiprotocol](https://x.com/lifiprotocol)  
• [@BungeeExchange](https://x.com/BungeeExchange)  
• [@SocketProtocol](https://x.com/SocketProtocol)  
• [@Infinex](https://x.com/Infinex)  
• [@Backpack](https://x.com/Backpack)  
• [@Rabby\_io](https://x.com/Rabby_io)  
• [@Portalbridge\_](https://x.com/Portalbridge_)  
• [@Okutrade](https://x.com/Okutrade)  
• [@defiapp](https://x.com/defiapp)  
• [@CryptoRubic](https://x.com/CryptoRubic)  
• [@KyberNetwork](https://x.com/KyberNetwork)  
• [@0xProject](https://x.com/0xProject)  
• [@Matchaxyz](https://x.com/Matchaxyz)  
• [@Kintsu](https://x.com/Kintsu)  
• [@RangoExchange](https://x.com/RangoExchange)  
• [@VeloraDEX](https://x.com/VeloraDEX)  
• [@HoudiniSwap](https://x.com/HoudiniSwap)  
• [@OpenOceanGlobal](https://x.com/OpenOceanGlobal)  
• [@InterportFi](https://x.com/InterportFi)  
• [@massdotmoney](https://x.com/massdotmoney)  
• [@imTokenOfficial](https://x.com/imTokenOfficial)  
• [@Exodus](https://x.com/Exodus)  
• [@XO\_Swap](https://x.com/XO_Swap)  
• [@AftermathFi](https://x.com/AftermathFi)  
• [@deloraprotocol](https://x.com/deloraprotocol)  
• [@GemWallet](https://x.com/GemWallet)  
• [@dynamic\_xyz](https://x.com/dynamic_xyz)

 and more.

Moving to [@Solana](https://x.com/solana), [@BNBChain](https://x.com/BNBCHAIN), [u/@Ethereum](https://x.com/ethereum), [@Arbitrum](https://x.com/arbitrum), [@Monad](https://x.com/monad), [@Base](https://x.com/base), [@HyperliquidX](https://x.com/HyperliquidX), [@0xPolygon](https://x.com/0xPolygon), [@avax](https://x.com/avax), [u/@SuiNetwork](https://x.com/SuiNetwork), [@unichain](https://x.com/unichain), [@LineaBuild](https://x.com/LineaBuild), [@Optimism](https://x.com/Optimism), [@Fogo](https://x.com/fogo) is easier than ever.

  
When crypto moves, Mayan runs.  
Connected by [@wormhole](https://x.com/wormhole). Trusted by 2.8M+ users.  
Read more here: [http://mayan.finance/blog/meet-mayan-2-0](https://t.co/eEqvfA8EJz)

https://preview.redd.it/e3i82ggcb2rg1.png?width=680&format=png&auto=webp&s=d171aaa45102392223f89026ade9e03b60c3ab99",5,5,Solana,https://reddit.com/r/solana/comments/1s2rczo/mayan_finance_launched_mayan_20_a_crosschain/
1s2r1ta,2026-03-24,2026-03-24T21:28:03+00:00,"Fitted Featured In Forbes To Announce Our Partnerships With Taskrabbit, Accuweather, And Solana","**Source:** [https://x.com/fittedcloset/status/2036458194533491116](https://x.com/fittedcloset/status/2036458194533491116)

Fitted featured in Forbes to announce our partnerships with [@Taskrabbit](https://x.com/Taskrabbit), [@accuweather](https://x.com/accuweather), and [@solana](https://x.com/solana)

[https://www.forbes.com/sites/elizabethgracecoyne/2026/03/24/fitted-is-the-app-that-embraces-ai-and-puts-fashion-fans-first/](https://www.forbes.com/sites/elizabethgracecoyne/2026/03/24/fitted-is-the-app-that-embraces-ai-and-puts-fashion-fans-first/)

https://preview.redd.it/as4xei7j92rg1.png?width=680&format=png&auto=webp&s=f0f75dc63367e92bb13a628c36c2153fc24a2d82

","Fitted Featured In Forbes To Announce Our Partnerships With Taskrabbit, Accuweather, And Solana **Source:** [https://x.com/fittedcloset/status/2036458194533491116](https://x.com/fittedcloset/status/2036458194533491116)

Fitted featured in Forbes to announce our partnerships with [@Taskrabbit](https://x.com/Taskrabbit), [@accuweather](https://x.com/accuweather), and [@solana](https://x.com/solana)

[https://www.forbes.com/sites/elizabethgracecoyne/2026/03/24/fitted-is-the-app-that-embraces-ai-and-puts-fashion-fans-first/](https://www.forbes.com/sites/elizabethgracecoyne/2026/03/24/fitted-is-the-app-that-embraces-ai-and-puts-fashion-fans-first/)

https://preview.redd.it/as4xei7j92rg1.png?width=680&format=png&auto=webp&s=f0f75dc63367e92bb13a628c36c2153fc24a2d82",3,1,Solana,https://reddit.com/r/solana/comments/1s2r1ta/fitted_featured_in_forbes_to_announce_our/
1s1dl3l,2026-03-23,2026-03-23T10:54:11+00:00,Bonk saved Solana last bear. This time it’s Backpack.,,Bonk saved Solana last bear. This time it’s Backpack.,27,15,Solana,https://reddit.com/r/solana/comments/1s1dl3l/bonk_saved_solana_last_bear_this_time_its_backpack/
1s1g5hs,2026-03-23,2026-03-23T12:58:41+00:00,📢  Solana Digest (March 19 – March 22),,📢  Solana Digest (March 19 – March 22),6,1,Solana,https://reddit.com/r/solana/comments/1s1g5hs/solana_digest_march_19_march_22/
1s1ep3r,2026-03-23,2026-03-23T11:51:44+00:00,My experience working in Frontier Tech Co-working environment.,,My experience working in Frontier Tech Co-working environment.,8,1,Solana,https://reddit.com/r/solana/comments/1s1ep3r/my_experience_working_in_frontier_tech_coworking/
1s1efde,2026-03-23,2026-03-23T11:37:48+00:00,How to Add Liquidity on Raydium for Your Solana Token (Step-by-Step Guide),,How to Add Liquidity on Raydium for Your Solana Token (Step-by-Step Guide),2,2,Solana,https://reddit.com/r/solana/comments/1s1efde/how_to_add_liquidity_on_raydium_for_your_solana/
1s1e884,2026-03-23,2026-03-23T11:27:55+00:00,"This is what months of Backpack turned into for me, 2,732 BP","Checked my Backpack allocation and got 2,732 BP.

● Yesterday's unofficial checker was basically spot on. Still looks like 1 point = 0.57 BP on my side. Also apparently the tokens can end up staked right away, so check that too.

How bad or good was yours?","This is what months of Backpack turned into for me, 2,732 BP Checked my Backpack allocation and got 2,732 BP.

● Yesterday's unofficial checker was basically spot on. Still looks like 1 point = 0.57 BP on my side. Also apparently the tokens can end up staked right away, so check that too.

How bad or good was yours?",3,2,Solana,https://reddit.com/r/solana/comments/1s1e884/this_is_what_months_of_backpack_turned_into_for/
1s1dnw5,2026-03-23,2026-03-23T10:58:23+00:00,Backpack Exchange is launching its own token today. What do you think will be the FDV?,,Backpack Exchange is launching its own token today. What do you think will be the FDV?,4,5,Solana,https://reddit.com/r/solana/comments/1s1dnw5/backpack_exchange_is_launching_its_own_token/
1s13akf,2026-03-23,2026-03-23T01:18:46+00:00,Solana validator centralization still an issue or overblown?,"Been in Solana for a while and still like it, but the validator concentration keeps bothering me. Last I checked, a small number of validators control most of the stake and running one costs a lot.

If a few entities hold that much power, what happens if regulators pressure them or they collude? Not trying to FUD , genuinely curious if this is improving or just the trade off for speed.","Solana validator centralization still an issue or overblown? Been in Solana for a while and still like it, but the validator concentration keeps bothering me. Last I checked, a small number of validators control most of the stake and running one costs a lot.

If a few entities hold that much power, what happens if regulators pressure them or they collude? Not trying to FUD , genuinely curious if this is improving or just the trade off for speed.",18,18,Solana,https://reddit.com/r/solana/comments/1s13akf/solana_validator_centralization_still_an_issue_or/
1s1dc3v,2026-03-23,2026-03-23T10:40:35+00:00,"I got tired of trying to find Web3 jobs/gigs on LinkedIn, so I built a decentralized Craigslist for us.","For the past two years in web3 I come across a lot of the same issues. Can't find work. Can't find good workers. So I built a web3 craigslist.

I wanted something that felt more like the early days of the internet. it is simple, functional, and starting to get a little traction on twitter spaces. Would love to hear anyone's opinion on what they would do to their own Web3 Craigslist","I got tired of trying to find Web3 jobs/gigs on LinkedIn, so I built a decentralized Craigslist for us. For the past two years in web3 I come across a lot of the same issues. Can't find work. Can't find good workers. So I built a web3 craigslist.

I wanted something that felt more like the early days of the internet. it is simple, functional, and starting to get a little traction on twitter spaces. Would love to hear anyone's opinion on what they would do to their own Web3 Craigslist",3,2,Solana,https://reddit.com/r/solana/comments/1s1dc3v/i_got_tired_of_trying_to_find_web3_jobsgigs_on/
1s1d6ch,2026-03-23,2026-03-23T10:31:33+00:00,Sending crypto as a gift felt broken - trying a different UX,"I kept running into the same problem when trying to send crypto to friends. Most of them either don’t have a wallet yet, or asking for an address just kills the “gift” vibe.

So I built a small side project to test a different flow:

you create a USDC gift, fund it via Phantom, and send a link. The recipient can claim it later to any wallet they choose.

It’s still very early (Phantom + USDC only for now), and I’m mainly trying to validate whether this UX actually feels better before building further.

A few things I’m genuinely curious about:

\- Does sending a link instead of asking for an address feel better to you?

\- Any concerns around trust or security from the receiver’s side?

\- What would make you trust something like this enough to actually use it?



Happy to answer anything or share more details.","Sending crypto as a gift felt broken - trying a different UX I kept running into the same problem when trying to send crypto to friends. Most of them either don’t have a wallet yet, or asking for an address just kills the “gift” vibe.

So I built a small side project to test a different flow:

you create a USDC gift, fund it via Phantom, and send a link. The recipient can claim it later to any wallet they choose.

It’s still very early (Phantom + USDC only for now), and I’m mainly trying to validate whether this UX actually feels better before building further.

A few things I’m genuinely curious about:

\- Does sending a link instead of asking for an address feel better to you?

\- Any concerns around trust or security from the receiver’s side?

\- What would make you trust something like this enough to actually use it?



Happy to answer anything or share more details.",2,1,Solana,https://reddit.com/r/solana/comments/1s1d6ch/sending_crypto_as_a_gift_felt_broken_trying_a/
1s1byot,2026-03-23,2026-03-23T09:19:42+00:00,What are the top Solana gambling dapps right now?,Seems like gambling on solana is the most efficient for deposits and withdrawals right now. I’m trying to find which gambling dapps people actually trust these days. Just want something that works without issues and isn’t sketchy. What are you guys using?,What are the top Solana gambling dapps right now? Seems like gambling on solana is the most efficient for deposits and withdrawals right now. I’m trying to find which gambling dapps people actually trust these days. Just want something that works without issues and isn’t sketchy. What are you guys using?,11,18,Solana,https://reddit.com/r/solana/comments/1s1byot/what_are_the_top_solana_gambling_dapps_right_now/
1s1ab19,2026-03-23,2026-03-23T07:32:20+00:00,Crypto Credit Cards Backed by Solana and Others,"I am researching more on crypto cards lately as the on-chain banking narrative gains momentum 💳

After going through 100+ crypto cards, i have made a list of Top 20 crypto cards, that deserves some attention.

If you have used any of these below crypto cards, kindly share your experience and key USPs of the cards.","Crypto Credit Cards Backed by Solana and Others I am researching more on crypto cards lately as the on-chain banking narrative gains momentum 💳

After going through 100+ crypto cards, i have made a list of Top 20 crypto cards, that deserves some attention.

If you have used any of these below crypto cards, kindly share your experience and key USPs of the cards.",126,75,Solana,https://reddit.com/r/solana/comments/1s1ab19/crypto_credit_cards_backed_by_solana_and_others/
1s188ab,2026-03-23,2026-03-23T05:25:16+00:00,Backpack $BP TGE is today,,Backpack $BP TGE is today,22,3,Solana,https://reddit.com/r/solana/comments/1s188ab/backpack_bp_tge_is_today/
1s1hxur,2026-03-23,2026-03-23T14:10:09+00:00,BP (backpack) is on Solana via Sunrise,"BP onchain liquidity pre-seeded across solana DEXs via sunrise.   
Markets live now

[https://x.com/Sunrise\_DeFi/status/2036065683419918477?s=20](https://x.com/Sunrise_DeFi/status/2036065683419918477?s=20)","BP (backpack) is on Solana via Sunrise BP onchain liquidity pre-seeded across solana DEXs via sunrise.   
Markets live now

[https://x.com/Sunrise\_DeFi/status/2036065683419918477?s=20](https://x.com/Sunrise_DeFi/status/2036065683419918477?s=20)",2,1,Solana,https://reddit.com/r/solana/comments/1s1hxur/bp_backpack_is_on_solana_via_sunrise/
1s1h85y,2026-03-23,2026-03-23T13:42:35+00:00,Backpack TGE is Happening,https://x.com/solana/status/2036061725427147226?s=46,Backpack TGE is Happening https://x.com/solana/status/2036061725427147226?s=46,4,1,Solana,https://reddit.com/r/solana/comments/1s1h85y/backpack_tge_is_happening/
1s1ifcq,2026-03-23,2026-03-23T14:29:03+00:00,"BREAKING: $BP, the official Backpack token, is now on Solana",,"BREAKING: $BP, the official Backpack token, is now on Solana",3,11,Solana,https://reddit.com/r/solana/comments/1s1ifcq/breaking_bp_the_official_backpack_token_is_now_on/
1s1i0f3,2026-03-23,2026-03-23T14:12:54+00:00,BP (backpack) is on Solana via Sunrise,"BP onchain liquidity pre-seeded across solana DEXs via sunrise.   
Markets live now

[https://x.com/Sunrise\_DeFi/status/2036065683419918477?s=20](https://x.com/Sunrise_DeFi/status/2036065683419918477?s=20)","BP (backpack) is on Solana via Sunrise BP onchain liquidity pre-seeded across solana DEXs via sunrise.   
Markets live now

[https://x.com/Sunrise\_DeFi/status/2036065683419918477?s=20](https://x.com/Sunrise_DeFi/status/2036065683419918477?s=20)",6,1,Solana,https://reddit.com/r/solana/comments/1s1i0f3/bp_backpack_is_on_solana_via_sunrise/
1s1oxb4,2026-03-23,2026-03-23T18:20:11+00:00,"The Solana Ecosystem Call Is Back | Thursday, March 26 At 3:00 PM - 4:00 PM GMT+1","**Source:** [https://luma.com/0j8gx7i1](https://luma.com/0j8gx7i1)

https://preview.redd.it/t0nnj2047uqg1.png?width=400&format=png&auto=webp&s=af6b7e414741c6e2a2cad24d96c4c42ce344b7d1

About Event

# ​The Solana Ecosystem Call is back!

​The Solana Ecosystem Call is a monthly live show that brings the production quality and energy of late-night television to the fastest-moving ecosystem in crypto. Each episode breaks down what matters across Solana through original sketches, in-depth interviews, data-driven segments, and unfiltered commentary. No fluff, yet cringe-intolerant: the boldest show in crypto.

​Hosted by SOL BROTHERS, the first version of the new Ecosystem Call is coming to your timeline this month with fresh energy.

​Why you can't miss this show:

1. ​Bored of political late-night shows? We're bringing this format to Solana!
2. ​See how the one and only [Bangerz](https://x.com/bangerz?utm_source=luma) imagines Solana transactions break into the real world at scale!
3. ​Not bullish enough? Get the latest data from ""Solana by the Numbers"", presented by [Birdeye Data](https://x.com/birdeye_data?utm_source=luma).
4. ​Missed big product announcements? We got them all.
5. ​Tune in to an exclusive interview with Solflare co-founder [Vidor](https://x.com/vidor_solflare?utm_source=luma) (this interview might shock you...).
6. ​Events and Superteam updates in ""Solana around the World"".
7. ​The bull case for payments on Solana!
8. ​Get entertained! If you're not laugh out loud at least once, you'll get your money back (it's free tho).

# ​How do I get on the show?

​Got something everyone in Solana needs to know about? Exciting product announcements? Timeline moments you deem worth making it on the show? Hosting any Solana events? Want to do a giveaway with your company?  
  
**👉🏼** [**Submit here**](https://linktr.ee/SolanaEcosystemCall?utm_source=luma)**!**

# ​About SOL BROTHERS

​We're producing a podcast, host interviews and intend to take over the official Solana Ecosystem Call on a monthly basis. [Follow us on YouTube and X](https://link3.to/solbrothers?utm_source=luma) for updates.

# ​About Solana

​Solana is a high performance network powering internet capital markets, payments, AI agents, and crypto applications. Solana operates as a single global state machine, and is open, interoperable and decentralized.","The Solana Ecosystem Call Is Back | Thursday, March 26 At 3:00 PM - 4:00 PM GMT+1 **Source:** [https://luma.com/0j8gx7i1](https://luma.com/0j8gx7i1)

https://preview.redd.it/t0nnj2047uqg1.png?width=400&format=png&auto=webp&s=af6b7e414741c6e2a2cad24d96c4c42ce344b7d1

About Event

# ​The Solana Ecosystem Call is back!

​The Solana Ecosystem Call is a monthly live show that brings the production quality and energy of late-night television to the fastest-moving ecosystem in crypto. Each episode breaks down what matters across Solana through original sketches, in-depth interviews, data-driven segments, and unfiltered commentary. No fluff, yet cringe-intolerant: the boldest show in crypto.

​Hosted by SOL BROTHERS, the first version of the new Ecosystem Call is coming to your timeline this month with fresh energy.

​Why you can't miss this show:

1. ​Bored of political late-night shows? We're bringing this format to Solana!
2. ​See how the one and only [Bangerz](https://x.com/bangerz?utm_source=luma) imagines Solana transactions break into the real world at scale!
3. ​Not bullish enough? Get the latest data from ""Solana by the Numbers"", presented by [Birdeye Data](https://x.com/birdeye_data?utm_source=luma).
4. ​Missed big product announcements? We got them all.
5. ​Tune in to an exclusive interview with Solflare co-founder [Vidor](https://x.com/vidor_solflare?utm_source=luma) (this interview might shock you...).
6. ​Events and Superteam updates in ""Solana around the World"".
7. ​The bull case for payments on Solana!
8. ​Get entertained! If you're not laugh out loud at least once, you'll get your money back (it's free tho).

# ​How do I get on the show?

​Got something everyone in Solana needs to know about? Exciting product announcements? Timeline moments you deem worth making it on the show? Hosting any Solana events? Want to do a giveaway with your company?  
  
**👉🏼** [**Submit here**](https://linktr.ee/SolanaEcosystemCall?utm_source=luma)**!**

# ​About SOL BROTHERS

​We're producing a podcast, host interviews and intend to take over the official Solana Ecosystem Call on a monthly basis. [Follow us on YouTube and X](https://link3.to/solbrothers?utm_source=luma) for updates.

# ​About Solana

​Solana is a high performance network powering internet capital markets, payments, AI agents, and crypto applications. Solana operates as a single global state machine, and is open, interoperable and decentralized.",12,4,Solana,https://reddit.com/r/solana/comments/1s1oxb4/the_solana_ecosystem_call_is_back_thursday_march/
1s1xn8s,2026-03-23,2026-03-23T23:40:55+00:00,Is Solana actually becoming more centralized?,"Been using Solana for a while and one thing keeps bothering me  the validator set feels like it's shrinking. Last I checked, top validators control a huge chunk of stake and running one yourself costs a lot.

I get that performance comes with trade-offs, but at what point does centralization become a real issue? If a handful of validators run most of the network, what happens if they get pressured or collude?

Not trying to spread FUD , I'm still holding SOL. Just curious how others here think about it. Is it something you worry about or just accept as the cost of speed?","Is Solana actually becoming more centralized? Been using Solana for a while and one thing keeps bothering me  the validator set feels like it's shrinking. Last I checked, top validators control a huge chunk of stake and running one yourself costs a lot.

I get that performance comes with trade-offs, but at what point does centralization become a real issue? If a handful of validators run most of the network, what happens if they get pressured or collude?

Not trying to spread FUD , I'm still holding SOL. Just curious how others here think about it. Is it something you worry about or just accept as the cost of speed?",16,15,Solana,https://reddit.com/r/solana/comments/1s1xn8s/is_solana_actually_becoming_more_centralized/
1s1tkf7,2026-03-23,2026-03-23T21:04:48+00:00,backpack token $bp now across all solana defi wallets dexs and aggregators,,backpack token $bp now across all solana defi wallets dexs and aggregators,5,5,Solana,https://reddit.com/r/solana/comments/1s1tkf7/backpack_token_bp_now_across_all_solana_defi/
1s1pt11,2026-03-23,2026-03-23T18:51:18+00:00,How does one obtain devnet sol? All faucets empty. Reddit users selling it??,"Just looking to get some devnet sol for testing and every faucet is empty, errors, or requires some paywall. 

How is this ecosystem even developing?

If anyone can help out I would love be pointed in the right direction. Thanks in advance!","How does one obtain devnet sol? All faucets empty. Reddit users selling it?? Just looking to get some devnet sol for testing and every faucet is empty, errors, or requires some paywall. 

How is this ecosystem even developing?

If anyone can help out I would love be pointed in the right direction. Thanks in advance!",2,2,Solana,https://reddit.com/r/solana/comments/1s1pt11/how_does_one_obtain_devnet_sol_all_faucets_empty/
1s1peev,2026-03-23,2026-03-23T18:37:01+00:00,MoonPay Just Open-sourced A Wallet Standard For AI Agents,"**Source:** [https://x.com/solana/status/2036085158718365801](https://x.com/solana/status/2036085158718365801)

[@MoonPay](https://x.com/moonpay) just open-sourced a wallet standard for AI agents,  backed by 15+ contributors including [@Solana](https://x.com/solana), [@PayPal](https://x.com/PayPal) and [@Circle](https://x.com/circle)  
One seed phrase gives you wallets on EVM, Solana, Bitcoin, XRP, and more

**Source:** [https://x.com/moonpay/status/2036081106303222258](https://x.com/moonpay/status/2036081106303222258)

# Introducing OWS, the Open Wallet Standard

https://preview.redd.it/6hclojpt7uqg1.png?width=680&format=png&auto=webp&s=0be0a9b1e611c8cf9f97b91e528bd18611a4a288

Today we're open-sourcing the Open Wallet Standard (OWS), a secure, local-first protocol that gives AI agents and developer tools a single way to store keys, manage wallets, and sign transactions across every major blockchain. 

One vault, one interface, every chain.

The agentic payments stack has arrived. For the first time -- via x402, MPP, and A2A — AI agents can pay for things — APIs, compute, data — without a human in the loop.

But there's a gap in the stack that nobody's addressed.

Every one of these protocols assumes your agent already has a wallet.

x402 needs a signed EIP-3009 authorization. MPP needs a signed payment from a funded account. They define how agents pay. None of them define where the private key lives, how it's stored, how it's protected, or how two different tools share access to the same wallet.

# The actual problem

Let's be specific. You're building an agent. It needs to sign transactions.

Here's what that looks like today:

Your private key is a hex string in a .env file, or an environment variable, or a plaintext field in a JSON config. Your agent process reads it at startup, holds it in memory for the entire session, and passes it to whatever signing library you're using. If you're on EVM, you're using ethers.js or viem. If you're also on Solana, you're using [@solana/web3](https://x.com/@solana/web3).js with a completely different key format. Bitcoin? Yet another library, another derivation scheme, another set of footguns.

Now you have three private keys, three signing implementations, and three surfaces where those keys can leak — through logs, through crash dumps, through the LLM context window itself if your agent framework isn't careful about what it passes upstream.

Cloud KMS services solve parts of this, but they introduce a different set of tradeoffs: network latency on every signature, a custodial dependency on a third party's infrastructure, vendor lock-in to proprietary APIs, and a recurring cost that scales with transaction volume. For many agent use cases — especially high-frequency micropayments, offline-capable systems, and self-hosted deployments — a cloud round-trip on every sign operation is a nonstarter.

The core issue isn't that nobody's built a wallet before. It's that there's no shared standard for how agent wallets should work.

No common storage format. No common signing interface. No way for a wallet created by one tool to be used by another. Every SDK rolls its own, and the result is private keys scattered across dotfiles, env vars, and proprietary formats with no shared security model.

# What we built

[Open Wallet Standard](https://openwallet.sh/)

 is an open protocol for local wallet storage and signing, designed for AI agents and the tools that serve them.

The idea is simple: one encrypted vault on your machine, one interface for every chain, and a security model where the private key is never exposed to the agent, the LLM, or any parent process.

Here's what that means concretely.

1. One mnemonic, every chain. A single BIP-39 seed phrase derives accounts for all supported chains through standard HD derivation paths - for EVM, solana, bitcoin, tron, ton, cosmos, and more.
2. One signing interface. The agent will never see your private key.
3. One Rust core, every runtime. The implementation is is entirely written in rust, with node + python bindings.
4. Encrypted at rest, wiped after signing. Keys are encrypted with AES-256-GCM using a scrypt KDF — the same Ethereum Keystore v3 format that's been in production since 2015. The key is decrypted only to produce a signature, held in mlocked memory (pinned, never swapped to disk), and zeroized immediately after.

For developers, the interface looks like this:

    import { createWallet, signMessage } from ""@open-wallet-standard/core"";
    
    const wallet = createWallet(""agent-treasury"");
    const sig = signMessage(""agent-treasury"", ""eip155:1"", ""hello"");

  
Three lines. Native performance. No network calls.

# Where it sits in the stack

[OWS](https://openwallet.sh/)

 is not a payment protocol. It's the wallet layer that sits beneath them.

When an x402 server returns a 402 with a payment request, something needs to produce the signed authorization. When an MPP service names a price, something needs to sign the payment. That something is the wallet — and until now, every integration had to build that part from scratch.

OWS gives x402, MPP, A2A, and any future protocol a common wallet to call into. The spec defines seven modules — storage format, signing interface, policy engine, agent access layer, key isolation, wallet lifecycle, and supported chains — so protocol implementers can depend on a well-defined wallet API instead of shipping their own.

# The infrastructure shift that makes this inevitable

There's a structural reason local-first wallets are the right model right now, and it's not philosophical — it's architectural.

The way agents are deployed is changing. OpenClaw — the open-source AI agent platform — hit 250,000 GitHub stars in 60 days, making it the fastest-growing open-source project in history. Its entire architecture is local-first: you run it on your own machine or VPS, your data stays on your filesystem, and tool execution happens locally. VPS providers like Hostinger, Contabo, and OVHcloud now offer dedicated OpenClaw hosting plans. Baidu and Tencent are running workshops to help users self-host agents in China. Deloitte projects at least 15% of enterprises will shift to private AI deployments in 2026.

**This is the trend: agents are moving from vendor clouds to infrastructure you control. Private VPS instances. Self-hosted runtimes. Local filesystems with shell access and full execution control. When your agent runs on your machine, you have a filesystem. You have memory you control. You have a process boundary you trust.**

In that world, cloud wallet providers are solving a problem that doesn't exist. If your agent already runs on your VPS, routing every signing operation through Turnkey's AWS Nitro enclaves or Privy's cloud infrastructure means adding 100-175ms of network latency, a custodial trust dependency on a third party, per-transaction fees, and a hard requirement on network connectivity — all for an operation that takes microseconds locally. You're paying someone to hold your keys on their server when your keys could just live on your server, encrypted, with the same security guarantees and none of the overhead.

Signing is a local operation. The private key, the hash, and the elliptic curve math — that's all local compute. The only network call should be broadcasting the signed transaction to an RPC endpoint.

[OWS is built around this reality](https://openwallet.sh/): your vault lives on your filesystem, signing happens in your process, and the network is only involved when you choose to send.

# Why open, why now

Why open: because wallet interoperability requires a shared format.

If Phantom, WalletConnect, Turnkey, and your custom agent framework all store keys differently, you can't move between them without exporting raw key material — which is the exact operation you want to minimize. A CC0-licensed standard with a specified storage format means any tool can read any wallet, and you never have to expose a private key just to switch tools.

Why now: because the number of agents that need wallets is growing faster than the number of wallet standards.

OpenClaw alone has spawned its own wallet ecosystem (agent-wallet-cli, OpenClawCash) — ad hoc solutions built because no standard existed. Every week, a new agent framework ships with its own key management approach. Every proprietary format that gets baked into a production system is another migration someone will eventually have to do. We'd rather standardize this layer now, while the ecosystem is still forming, than try to retrofit a standard after a dozen incompatible approaches have hardened.

# The coalition

The [@OpenWallet](https://x.com/@OpenWallet) Standard launched with 21 founding organizations:

* MoonPay ([@moonpay](https://x.com/@moonpay) )
* PayPal ([@PayPal](https://x.com/@PayPal) )
* OKX ([@okx](https://x.com/@okx) )
* Ripple ([@Ripple](https://x.com/@Ripple) )
* Tron ([@/trondao](https://x.com/@trondao) )
* TON Foundation ([@ton\_blockchain](https://x.com/@ton_blockchain) )
* Solana Foundation ([@solana](https://x.com/@solana) )
* Ethereum Foundation ([@ethereum](https://x.com/@ethereum) )
* Base ([@base](https://x.com/@base) )
* Polygon ([@0xPolygon](https://x.com/@0xPolygon) )
* Sui ([@SuiNetwork](https://x.com/@SuiNetwork) )
* Filecoin Foundation ([@FilFoundation](https://x.com/@FilFoundation) )
* LayerZero ([@LayerZero\_Core](https://x.com/@LayerZero_Core) )
* Dflow ([@dflow](https://x.com/@dflow) )
* Uniblock ([@Uniblock](https://x.com/@Uniblock) )
* Virtuals ( [@virtuals\_io](https://x.com/@virtuals_io) )
* Arbitrum ( [@arbitrum](https://x.com/@arbitrum) )
* Dynamic ( [@dynamic\_xyz](https://x.com/@dynamic_xyz) )
* Allium ( [@AlliumLabs](https://x.com/@AlliumLabs) )
* Simmer Markets ( [@simmer\_markets](https://x.com/@simmer_markets) )
* Circle ( [@circle](https://x.com/@circle) ) 

Several are integrating OWS into their SDKs already.

# Get started

The standard is live today.

curl -fsSL <[https://docs.openwallet.sh/install.sh](https://docs.openwallet.sh/install.sh)\> | bash

ows wallet create --name ""agent-treasury""

Or install the SDK:

npm install 

[@open](https://x.com/@open)\-wallet-standard/core  
pip install open-wallet-standard

Read the spec and contribute on [GitHub](https://github.com/open-wallet-standard/core).

Visit [openwallet.sh](https://openwallet.sh/) to get started.

Follow updates on X at [@OpenWallet](https://x.com/@OpenWallet).

Every payment protocol needs a wallet underneath it. We think that wallet should be open, local, and the same everywhere.

One vault. One interface. Keys never leave your machine.","MoonPay Just Open-sourced A Wallet Standard For AI Agents **Source:** [https://x.com/solana/status/2036085158718365801](https://x.com/solana/status/2036085158718365801)

[@MoonPay](https://x.com/moonpay) just open-sourced a wallet standard for AI agents,  backed by 15+ contributors including [@Solana](https://x.com/solana), [@PayPal](https://x.com/PayPal) and [@Circle](https://x.com/circle)  
One seed phrase gives you wallets on EVM, Solana, Bitcoin, XRP, and more

**Source:** [https://x.com/moonpay/status/2036081106303222258](https://x.com/moonpay/status/2036081106303222258)

# Introducing OWS, the Open Wallet Standard

https://preview.redd.it/6hclojpt7uqg1.png?width=680&format=png&auto=webp&s=0be0a9b1e611c8cf9f97b91e528bd18611a4a288

Today we're open-sourcing the Open Wallet Standard (OWS), a secure, local-first protocol that gives AI agents and developer tools a single way to store keys, manage wallets, and sign transactions across every major blockchain. 

One vault, one interface, every chain.

The agentic payments stack has arrived. For the first time -- via x402, MPP, and A2A — AI agents can pay for things — APIs, compute, data — without a human in the loop.

But there's a gap in the stack that nobody's addressed.

Every one of these protocols assumes your agent already has a wallet.

x402 needs a signed EIP-3009 authorization. MPP needs a signed payment from a funded account. They define how agents pay. None of them define where the private key lives, how it's stored, how it's protected, or how two different tools share access to the same wallet.

# The actual problem

Let's be specific. You're building an agent. It needs to sign transactions.

Here's what that looks like today:

Your private key is a hex string in a .env file, or an environment variable, or a plaintext field in a JSON config. Your agent process reads it at startup, holds it in memory for the entire session, and passes it to whatever signing library you're using. If you're on EVM, you're using ethers.js or viem. If you're also on Solana, you're using [@solana/web3](https://x.com/@solana/web3).js with a completely different key format. Bitcoin? Yet another library, another derivation scheme, another set of footguns.

Now you have three private keys, three signing implementations, and three surfaces where those keys can leak — through logs, through crash dumps, through the LLM context window itself if your agent framework isn't careful about what it passes upstream.

Cloud KMS services solve parts of this, but they introduce a different set of tradeoffs: network latency on every signature, a custodial dependency on a third party's infrastructure, vendor lock-in to proprietary APIs, and a recurring cost that scales with transaction volume. For many agent use cases — especially high-frequency micropayments, offline-capable systems, and self-hosted deployments — a cloud round-trip on every sign operation is a nonstarter.

The core issue isn't that nobody's built a wallet before. It's that there's no shared standard for how agent wallets should work.

No common storage format. No common signing interface. No way for a wallet created by one tool to be used by another. Every SDK rolls its own, and the result is private keys scattered across dotfiles, env vars, and proprietary formats with no shared security model.

# What we built

[Open Wallet Standard](https://openwallet.sh/)

 is an open protocol for local wallet storage and signing, designed for AI agents and the tools that serve them.

The idea is simple: one encrypted vault on your machine, one interface for every chain, and a security model where the private key is never exposed to the agent, the LLM, or any parent process.

Here's what that means concretely.

1. One mnemonic, every chain. A single BIP-39 seed phrase derives accounts for all supported chains through standard HD derivation paths - for EVM, solana, bitcoin, tron, ton, cosmos, and more.
2. One signing interface. The agent will never see your private key.
3. One Rust core, every runtime. The implementation is is entirely written in rust, with node + python bindings.
4. Encrypted at rest, wiped after signing. Keys are encrypted with AES-256-GCM using a scrypt KDF — the same Ethereum Keystore v3 format that's been in production since 2015. The key is decrypted only to produce a signature, held in mlocked memory (pinned, never swapped to disk), and zeroized immediately after.

For developers, the interface looks like this:

    import { createWallet, signMessage } from ""@open-wallet-standard/core"";
    
    const wallet = createWallet(""agent-treasury"");
    const sig = signMessage(""agent-treasury"", ""eip155:1"", ""hello"");

  
Three lines. Native performance. No network calls.

# Where it sits in the stack

[OWS](https://openwallet.sh/)

 is not a payment protocol. It's the wallet layer that sits beneath them.

When an x402 server returns a 402 with a payment request, something needs to produce the signed authorization. When an MPP service names a price, something needs to sign the payment. That something is the wallet — and until now, every integration had to build that part from scratch.

OWS gives x402, MPP, A2A, and any future protocol a common wallet to call into. The spec defines seven modules — storage format, signing interface, policy engine, agent access layer, key isolation, wallet lifecycle, and supported chains — so protocol implementers can depend on a well-defined wallet API instead of shipping their own.

# The infrastructure shift that makes this inevitable

There's a structural reason local-first wallets are the right model right now, and it's not philosophical — it's architectural.

The way agents are deployed is changing. OpenClaw — the open-source AI agent platform — hit 250,000 GitHub stars in 60 days, making it the fastest-growing open-source project in history. Its entire architecture is local-first: you run it on your own machine or VPS, your data stays on your filesystem, and tool execution happens locally. VPS providers like Hostinger, Contabo, and OVHcloud now offer dedicated OpenClaw hosting plans. Baidu and Tencent are running workshops to help users self-host agents in China. Deloitte projects at least 15% of enterprises will shift to private AI deployments in 2026.

**This is the trend: agents are moving from vendor clouds to infrastructure you control. Private VPS instances. Self-hosted runtimes. Local filesystems with shell access and full execution control. When your agent runs on your machine, you have a filesystem. You have memory you control. You have a process boundary you trust.**

In that world, cloud wallet providers are solving a problem that doesn't exist. If your agent already runs on your VPS, routing every signing operation through Turnkey's AWS Nitro enclaves or Privy's cloud infrastructure means adding 100-175ms of network latency, a custodial trust dependency on a third party, per-transaction fees, and a hard requirement on network connectivity — all for an operation that takes microseconds locally. You're paying someone to hold your keys on their server when your keys could just live on your server, encrypted, with the same security guarantees and none of the overhead.

Signing is a local operation. The private key, the hash, and the elliptic curve math — that's all local compute. The only network call should be broadcasting the signed transaction to an RPC endpoint.

[OWS is built around this reality](https://openwallet.sh/): your vault lives on your filesystem, signing happens in your process, and the network is only involved when you choose to send.

# Why open, why now

Why open: because wallet interoperability requires a shared format.

If Phantom, WalletConnect, Turnkey, and your custom agent framework all store keys differently, you can't move between them without exporting raw key material — which is the exact operation you want to minimize. A CC0-licensed standard with a specified storage format means any tool can read any wallet, and you never have to expose a private key just to switch tools.

Why now: because the number of agents that need wallets is growing faster than the number of wallet standards.

OpenClaw alone has spawned its own wallet ecosystem (agent-wallet-cli, OpenClawCash) — ad hoc solutions built because no standard existed. Every week, a new agent framework ships with its own key management approach. Every proprietary format that gets baked into a production system is another migration someone will eventually have to do. We'd rather standardize this layer now, while the ecosystem is still forming, than try to retrofit a standard after a dozen incompatible approaches have hardened.

# The coalition

The [@OpenWallet](https://x.com/@OpenWallet) Standard launched with 21 founding organizations:

* MoonPay ([@moonpay](https://x.com/@moonpay) )
* PayPal ([@PayPal](https://x.com/@PayPal) )
* OKX ([@okx](https://x.com/@okx) )
* Ripple ([@Ripple](https://x.com/@Ripple) )
* Tron ([@/trondao](https://x.com/@trondao) )
* TON Foundation ([@ton\_blockchain](https://x.com/@ton_blockchain) )
* Solana Foundation ([@solana](https://x.com/@solana) )
* Ethereum Foundation ([@ethereum](https://x.com/@ethereum) )
* Base ([@base](https://x.com/@base) )
* Polygon ([@0xPolygon](https://x.com/@0xPolygon) )
* Sui ([@SuiNetwork](https://x.com/@SuiNetwork) )
* Filecoin Foundation ([@FilFoundation](https://x.com/@FilFoundation) )
* LayerZero ([@LayerZero\_Core](https://x.com/@LayerZero_Core) )
* Dflow ([@dflow](https://x.com/@dflow) )
* Uniblock ([@Uniblock](https://x.com/@Uniblock) )
* Virtuals ( [@virtuals\_io](https://x.com/@virtuals_io) )
* Arbitrum ( [@arbitrum](https://x.com/@arbitrum) )
* Dynamic ( [@dynamic\_xyz](https://x.com/@dynamic_xyz) )
* Allium ( [@AlliumLabs](https://x.com/@AlliumLabs) )
* Simmer Markets ( [@simmer\_markets](https://x.com/@simmer_markets) )
* Circle ( [@circle](https://x.com/@circle) ) 

Several are integrating OWS into their SDKs already.

# Get started

The standard is live today.

curl -fsSL <[https://docs.openwallet.sh/install.sh](https://docs.openwallet.sh/install.sh)\> | bash

ows wallet create --name ""agent-treasury""

Or install the SDK:

npm install 

[@open](https://x.com/@open)\-wallet-standard/core  
pip install open-wallet-standard

Read the spec and contribute on [GitHub](https://github.com/open-wallet-standard/core).

Visit [openwallet.sh](https://openwallet.sh/) to get started.

Follow updates on X at [@OpenWallet](https://x.com/@OpenWallet).

Every payment protocol needs a wallet underneath it. We think that wallet should be open, local, and the same everywhere.

One vault. One interface. Keys never leave your machine.",6,1,Solana,https://reddit.com/r/solana/comments/1s1peev/moonpay_just_opensourced_a_wallet_standard_for_ai/
1s1ozhw,2026-03-23,2026-03-23T18:22:16+00:00,Privacy on Solana Report,"**Source:** [https://x.com/SolanaFndn/status/2036107167829574137](https://x.com/SolanaFndn/status/2036107167829574137)

Privacy on Solana is a spectrum.  
  
We just published our new enterprise report mapping pseudonymity, confidentiality, anonymity, and fully private computing. With compliance frameworks at every level.  
  
Download it here: [https://solana.com/reports/privacy-2026](https://solana.com/reports/privacy-2026)

https://preview.redd.it/wsqcgwdg7uqg1.png?width=680&format=png&auto=webp&s=f402397c6369269a7e054ee40e68ae7c9e40dd43

","Privacy on Solana Report **Source:** [https://x.com/SolanaFndn/status/2036107167829574137](https://x.com/SolanaFndn/status/2036107167829574137)

Privacy on Solana is a spectrum.  
  
We just published our new enterprise report mapping pseudonymity, confidentiality, anonymity, and fully private computing. With compliance frameworks at every level.  
  
Download it here: [https://solana.com/reports/privacy-2026](https://solana.com/reports/privacy-2026)

https://preview.redd.it/wsqcgwdg7uqg1.png?width=680&format=png&auto=webp&s=f402397c6369269a7e054ee40e68ae7c9e40dd43",3,1,Solana,https://reddit.com/r/solana/comments/1s1ozhw/privacy_on_solana_report/
1s1wk8f,2026-03-23,2026-03-23T22:58:23+00:00,Safe and Trustworthy SOL copy trading bots?,"Been getting into Solana memecoins recently and started noticing how hard it is to keep up manually.

Watching transactions and chart movements, it feels like most of the activity is coming from bots. By the time I try to enter or exit, the price has already moved and I end up with worse fills.

I started looking into trading bots and tried a couple, but what stood out to me wasn’t just safety or reliability, it was speed. Even small delays seem to make a big difference over time.

Now I’m mainly trying to figure out which is the fastest copy trading bot that can actually keep up with these moves while still being safe to use.

Anyone here using one consistently and having good experience with it.","Safe and Trustworthy SOL copy trading bots? Been getting into Solana memecoins recently and started noticing how hard it is to keep up manually.

Watching transactions and chart movements, it feels like most of the activity is coming from bots. By the time I try to enter or exit, the price has already moved and I end up with worse fills.

I started looking into trading bots and tried a couple, but what stood out to me wasn’t just safety or reliability, it was speed. Even small delays seem to make a big difference over time.

Now I’m mainly trying to figure out which is the fastest copy trading bot that can actually keep up with these moves while still being safe to use.

Anyone here using one consistently and having good experience with it.",5,17,Solana,https://reddit.com/r/solana/comments/1s1wk8f/safe_and_trustworthy_sol_copy_trading_bots/
1s1ng3d,2026-03-23,2026-03-23T17:28:37+00:00,$BP has crossed $4M in DeFi volume on Solana via Sunrise.,"All your favorite Solana wallets, DEXs, and aggregators via Sunrise.","$BP has crossed $4M in DeFi volume on Solana via Sunrise. All your favorite Solana wallets, DEXs, and aggregators via Sunrise.",2,1,Solana,https://reddit.com/r/solana/comments/1s1ng3d/bp_has_crossed_4m_in_defi_volume_on_solana_via/
1s1l4e5,2026-03-23,2026-03-23T16:08:26+00:00,Take Back Control of Your Money: Introducing Offerbook,,Take Back Control of Your Money: Introducing Offerbook,8,1,Solana,https://reddit.com/r/solana/comments/1s1l4e5/take_back_control_of_your_money_introducing/
1s1kyig,2026-03-23,2026-03-23T16:02:30+00:00,Exploring validator performance data on Solana – looking for feedback,"Hi everyone,

I wanted to share something we’ve been working on at Stakely and get feedback from the community.

We built a public dashboard that aggregates validator performance and network-level metrics on Solana, with the goal of making it easier to explore things in real time, like:

* validator metrics
* global network statistics
* network-level indicators
* distribution of software versions across validators
* etc.

The idea is to make this type of data more accessible and easier to interpret, especially for users trying to understand how the network behaves over time.

\- [https://solanatvc.com/](https://solanatvc.com/)

This is not a wallet, extension, or anything that requires downloads or permissions. It's just a web-based dashboard using public data.

We'd appreciate your feedback here! Some examples:

* Are there specific metrics you wish were easier to track?
* Anything unclear or misleading in how the data is presented?
* What would make this more useful for you?

If this kind of post isn’t appropriate, feel free to remove it.

Thanks in advance!","Exploring validator performance data on Solana – looking for feedback Hi everyone,

I wanted to share something we’ve been working on at Stakely and get feedback from the community.

We built a public dashboard that aggregates validator performance and network-level metrics on Solana, with the goal of making it easier to explore things in real time, like:

* validator metrics
* global network statistics
* network-level indicators
* distribution of software versions across validators
* etc.

The idea is to make this type of data more accessible and easier to interpret, especially for users trying to understand how the network behaves over time.

\- [https://solanatvc.com/](https://solanatvc.com/)

This is not a wallet, extension, or anything that requires downloads or permissions. It's just a web-based dashboard using public data.

We'd appreciate your feedback here! Some examples:

* Are there specific metrics you wish were easier to track?
* Anything unclear or misleading in how the data is presented?
* What would make this more useful for you?

If this kind of post isn’t appropriate, feel free to remove it.

Thanks in advance!",2,2,Solana,https://reddit.com/r/solana/comments/1s1kyig/exploring_validator_performance_data_on_solana/
1s1jcqo,2026-03-23,2026-03-23T15:03:38+00:00,Does any Seeker owner know a way to add 'Friction' or a 'Cool-down' to the Seed Vault? I’m tired of my 2 AM lizard brain ruining my portfolio！,"We bought the Seeker for the ""seamless"" Web3 experience. But recently, that ""seamlessness"" cost me a lot of money.

During the recent market volatility, I was farming some LST (Liquid Staking Tokens) for points. 

When the price started nuking, I panicked. The Seed Vault made it too easy to sign. 

I rage-swapped at the local bottom, got hit by massive slippage and depegging, and basically wiped out weeks of gains in 3 seconds because there was zero friction between my ""panic"" and the ""signature.""","Does any Seeker owner know a way to add 'Friction' or a 'Cool-down' to the Seed Vault? I’m tired of my 2 AM lizard brain ruining my portfolio！ We bought the Seeker for the ""seamless"" Web3 experience. But recently, that ""seamlessness"" cost me a lot of money.

During the recent market volatility, I was farming some LST (Liquid Staking Tokens) for points. 

When the price started nuking, I panicked. The Seed Vault made it too easy to sign. 

I rage-swapped at the local bottom, got hit by massive slippage and depegging, and basically wiped out weeks of gains in 3 seconds because there was zero friction between my ""panic"" and the ""signature.""",2,2,Solana,https://reddit.com/r/solana/comments/1s1jcqo/does_any_seeker_owner_know_a_way_to_add_friction/
1s1iu5f,2026-03-23,2026-03-23T14:44:34+00:00,"Solana devs, what's the one thing you wish someone had told you before you started building?","I'll go first: that ""low fees"" does not mean ""simple fee logic."" I spent an embarrassing amount of time before I understood compute units, priority fees, and why my perfectly valid transaction was just disappearing into nothing on mainnet while devnet acted like everything was fine.

Three months in I feel like I've learned two things: the actual thing I was building, and a completely separate discipline called ""getting Solana to acknowledge your transaction exists."" Nobody mentions the second one upfront.

What's yours? Genuinely curious what blindsided people.","Solana devs, what's the one thing you wish someone had told you before you started building? I'll go first: that ""low fees"" does not mean ""simple fee logic."" I spent an embarrassing amount of time before I understood compute units, priority fees, and why my perfectly valid transaction was just disappearing into nothing on mainnet while devnet acted like everything was fine.

Three months in I feel like I've learned two things: the actual thing I was building, and a completely separate discipline called ""getting Solana to acknowledge your transaction exists."" Nobody mentions the second one upfront.

What's yours? Genuinely curious what blindsided people.",8,3,Solana,https://reddit.com/r/solana/comments/1s1iu5f/solana_devs_whats_the_one_thing_you_wish_someone/
1s1mgp4,2026-03-23,2026-03-23T16:55:33+00:00,"BREAKING: $BP, The Official Backpack Token, Is Live On Solana","**Source:** [https://x.com/solana/status/2036061369796276634](https://x.com/solana/status/2036061369796276634)

BREAKING: [$BP](https://x.com/search?q=%24BP&src=cashtag_click), the official [@Backpack](https://x.com/Backpack) token, is live on Solana

https://reddit.com/link/1s1mgp4/video/jfj4fyzzrtqg1/player

[@Backpack](https://x.com/Backpack) is a Solana-native exchange and wallet ecosystem. Now its token will have its deepest onchain liquidity on Solana, across every major DEX.  
  
Verify the token address on [@tokens](https://x.com/tokens):

[https://www.tokens.xyz/backpack](https://www.tokens.xyz/backpack)

https://preview.redd.it/5x7tfhe9stqg1.png?width=680&format=png&auto=webp&s=d373e908673d1d9a926951450a35db5c595dcf27

[$BP](https://x.com/search?q=%24BP&src=cashtag_click) is available on [u/Backpack](https://x.com/Backpack) Wallet with zero fees and across your favorite Solana apps: 

[@tryfomo](https://x.com/tryfomo), [@dflow](https://x.com/dflow), [@Titan\_Exchange](https://x.com/Titan_Exchange), [@phantom](https://x.com/phantom), [@solflare](https://x.com/solflare), and more","BREAKING: $BP, The Official Backpack Token, Is Live On Solana **Source:** [https://x.com/solana/status/2036061369796276634](https://x.com/solana/status/2036061369796276634)

BREAKING: [$BP](https://x.com/search?q=%24BP&src=cashtag_click), the official [@Backpack](https://x.com/Backpack) token, is live on Solana

https://reddit.com/link/1s1mgp4/video/jfj4fyzzrtqg1/player

[@Backpack](https://x.com/Backpack) is a Solana-native exchange and wallet ecosystem. Now its token will have its deepest onchain liquidity on Solana, across every major DEX.  
  
Verify the token address on [@tokens](https://x.com/tokens):

[https://www.tokens.xyz/backpack](https://www.tokens.xyz/backpack)

https://preview.redd.it/5x7tfhe9stqg1.png?width=680&format=png&auto=webp&s=d373e908673d1d9a926951450a35db5c595dcf27

[$BP](https://x.com/search?q=%24BP&src=cashtag_click) is available on [u/Backpack](https://x.com/Backpack) Wallet with zero fees and across your favorite Solana apps: 

[@tryfomo](https://x.com/tryfomo), [@dflow](https://x.com/dflow), [@Titan\_Exchange](https://x.com/Titan_Exchange), [@phantom](https://x.com/phantom), [@solflare](https://x.com/solflare), and more",5,2,Solana,https://reddit.com/r/solana/comments/1s1mgp4/breaking_bp_the_official_backpack_token_is_live/
1s0ohej,2026-03-22,2026-03-22T15:26:00+00:00,SolanaFunded the first prop firm on Solana with up to $100k capital!,"SolanaFunded is the only prop firm in the crypto space as of right now and its all about trading memecoins. get a funded account with up to $100k capital and trade memecoins!  
Limited coupon code ""danielfunded30"" for 30% discount","SolanaFunded the first prop firm on Solana with up to $100k capital! SolanaFunded is the only prop firm in the crypto space as of right now and its all about trading memecoins. get a funded account with up to $100k capital and trade memecoins!  
Limited coupon code ""danielfunded30"" for 30% discount",3,7,Solana,https://reddit.com/r/solana/comments/1s0ohej/solanafunded_the_first_prop_firm_on_solana_with/
1s0j4sp,2026-03-22,2026-03-22T11:22:34+00:00,Solana is the second largest chain for Blackrock's BUIDL tokenised money market fund,"Since 2026, Blackrock's $BUIDL has doubled on Solana from $255M to more than $530M.

Today, it is the second largest and fastest growing chain for $BUIDL

Growth is happening on Solana","Solana is the second largest chain for Blackrock's BUIDL tokenised money market fund Since 2026, Blackrock's $BUIDL has doubled on Solana from $255M to more than $530M.

Today, it is the second largest and fastest growing chain for $BUIDL

Growth is happening on Solana",42,6,Solana,https://reddit.com/r/solana/comments/1s0j4sp/solana_is_the_second_largest_chain_for_blackrocks/
1s0k4xm,2026-03-22,2026-03-22T12:17:12+00:00,"Phantom on iPhone not showing Solana Devnet balance (tokens list) and Send fails, but Explorer shows funds. Second iphone shows token list well","Hi everyone,

I’m having a strange issue with Phantom on iPhone in **Testnet Mode**.



My setup:



* Phantom mobile app on iPhone
* **Testnet Mode enabled**
* **Solana Devnet selected**



Problem:



* **Solana Explorer on Devnet shows my balance correctly**
* But **Phantom does not display the Devnet SOL balance (2 days ago it was ok)**
* In **Recent Activity** it says: *“Testnet transaction history not available at this time”*
* When I try to send Devnet SOL, Phantom shows: *“Send Error. Sorry, something went wrong while sending. Please try again.”*





Important detail:



* A couple of days ago, Devnet sending/signing was working for me in Phantom and I sent several times dev solana tokens to my second wallet 
* Now it suddenly stopped
* Explorer still shows the funds onchain, so this does **not** look like a wallet/address issue

I already checked:

* correct account/address
* Solana Devnet is selected
* Testnet Mode is enabled
* balance is visible in Solana Explorer

Phantom support AI gave me mixed answers, including saying Devnet isn’t supported in the app, but that seems to conflict with Phantom’s own docs about Testnet Mode and Devnet support.



Has anyone else seen this recently on **Phantom iOS**?

Is this a known bug with:



1. Devnet balance display
2. Devnet send on iPhone
3. Phantom Connect / signing on Devnet



I’m mainly trying to test my app on Devnet, so any workaround or confirmation would be really helpful.



Thanks.","Phantom on iPhone not showing Solana Devnet balance (tokens list) and Send fails, but Explorer shows funds. Second iphone shows token list well Hi everyone,

I’m having a strange issue with Phantom on iPhone in **Testnet Mode**.



My setup:



* Phantom mobile app on iPhone
* **Testnet Mode enabled**
* **Solana Devnet selected**



Problem:



* **Solana Explorer on Devnet shows my balance correctly**
* But **Phantom does not display the Devnet SOL balance (2 days ago it was ok)**
* In **Recent Activity** it says: *“Testnet transaction history not available at this time”*
* When I try to send Devnet SOL, Phantom shows: *“Send Error. Sorry, something went wrong while sending. Please try again.”*





Important detail:



* A couple of days ago, Devnet sending/signing was working for me in Phantom and I sent several times dev solana tokens to my second wallet 
* Now it suddenly stopped
* Explorer still shows the funds onchain, so this does **not** look like a wallet/address issue

I already checked:

* correct account/address
* Solana Devnet is selected
* Testnet Mode is enabled
* balance is visible in Solana Explorer

Phantom support AI gave me mixed answers, including saying Devnet isn’t supported in the app, but that seems to conflict with Phantom’s own docs about Testnet Mode and Devnet support.



Has anyone else seen this recently on **Phantom iOS**?

Is this a known bug with:



1. Devnet balance display
2. Devnet send on iPhone
3. Phantom Connect / signing on Devnet



I’m mainly trying to test my app on Devnet, so any workaround or confirmation would be really helpful.



Thanks.",6,4,Solana,https://reddit.com/r/solana/comments/1s0k4xm/phantom_on_iphone_not_showing_solana_devnet/
1s0odl0,2026-03-22,2026-03-22T15:21:46+00:00,SolanaFunded lets you trade memecoins with up to $100K that isn't yours — here's how it works,"It's basically the only platform that gives traders access to funded accounts of up to $100,000 USDC specifically for Solana-native, on-chain trading, unlocked by passing a structured evaluation. Think of it like a prop firm but built exclusively for crypto and memecoin traders.

for limited time only use coupon code ""danielfunded30"" for 30% discount on all accounts!

","SolanaFunded lets you trade memecoins with up to $100K that isn't yours — here's how it works It's basically the only platform that gives traders access to funded accounts of up to $100,000 USDC specifically for Solana-native, on-chain trading, unlocked by passing a structured evaluation. Think of it like a prop firm but built exclusively for crypto and memecoin traders.

for limited time only use coupon code ""danielfunded30"" for 30% discount on all accounts!",3,1,Solana,https://reddit.com/r/solana/comments/1s0odl0/solanafunded_lets_you_trade_memecoins_with_up_to/
1s0q0qq,2026-03-22,2026-03-22T16:25:31+00:00,Why Solana might be one of the most bullish crypto setups,https://tradepal.co/blog/solana-ai-trading-analysis-why-solana,Why Solana might be one of the most bullish crypto setups https://tradepal.co/blog/solana-ai-trading-analysis-why-solana,33,11,Solana,https://reddit.com/r/solana/comments/1s0q0qq/why_solana_might_be_one_of_the_most_bullish/
1s0qlap,2026-03-22,2026-03-22T16:47:31+00:00,They Built a PS2 Handheld But Won't Let Anyone Use It,,They Built a PS2 Handheld But Won't Let Anyone Use It,9,2,Solana,https://reddit.com/r/solana/comments/1s0qlap/they_built_a_ps2_handheld_but_wont_let_anyone_use/
1s0smlh,2026-03-22,2026-03-22T18:05:37+00:00,Solana Ecosystem News - March 22-2026,"**Source:** [https://x.com/solana/status/2035703041676939747](https://x.com/solana/status/2035703041676939747)

SOL is officially a digital commodity. While the headlines were catching up to reality, RWA value hit an all-time high, stablecoin supply crossed $17B, and the builder pipeline keeps getting deeper.  
  
Here’s what happened over the week:  
  
📰 **Headline News**  
  
\- [@SECGov](https://x.com/SECGov) formally classified SOL as a digital commodity in its new crypto asset taxonomy  
\- Solana's RWA Value hit an ATH of \~$1.85B  
\- [@OndoFinance](https://x.com/OndoFinance) expanded Ondo Global Markets to 250+ tokenized stocks, ETFs and commodities  
\- SIMD-0266 (P-Token) went live on testnet  
  
  
📰 **Launches**  
  
\- [@tokens](https://x.com/tokens) launched. Find 24/7 breaking news, how it moves global financial markets, and where those markets live on Solana   
\- [@altitude](https://x.com/altitude) unlocked bank transfers, allowing direct bank payments worldwide from Altitude accounts  
\- West Coast Stock Transfer adopted [@alpha\_ledger](https://x.com/alpha_ledger)'s Vulcan Forge to tokenize [@SiloPharma](https://x.com/SiloPharma) securities on Solana  
\- [@hinkal\_protocol](https://x.com/hinkal_protocol) released its privacy wallet on Solana  
\- [@GustoHQ](https://x.com/GustoHQ) integrated USDC on Solana payouts for same-day international contractors payments  
\- [@kamino](https://x.com/kamino) announced a pilot integrating its Atlas Collateral Management with [@Anchorage](https://x.com/Anchorage) for institutional credit [@Paradex](https://x.com/Paradex)'s DIME debuted on Solana via [@Sunrise\_DeFi](https://x.com/Sunrise_DeFi)  
\- [@PlayBabylon](https://x.com/PlayBabylon) unveiled its multiplayer prediction game where humans and AI agents compete  
\- [@MessariCrypto](https://x.com/MessariCrypto) added Solana support for x402 payments across its API endpoints  
\- [@GoDark](https://x.com/GoDark) opened early access to its decentralized dark pool DEX for private trading  
\- [@DeriveXYZ](https://x.com/DeriveXYZ) shipped SOL options on its platform  
\- [@colosseum](https://x.com/colosseum) crowned the winners of the Agent Hackathon  
\- [@SuperteamDE](https://x.com/SuperteamDE) to host Solana Summit Germany in Berlin on June 13  
\- [@solana\_devs](https://x.com/solana_devs) kicked off the Solana Japan Developer Bootcamp  
\- [@SP3NDdotshop](https://x.com/SP3NDdotshop) facilitated eBay purchases with USDC on Solana  
\- [@sanafionchain](https://x.com/sanafionchain) presented Sana Card, a self-custody Visa card issued by [@raincards](https://x.com/raincards)  
\- [@Alchemy](https://x.com/Alchemy) enabled Solana agents to pay for its APIs with USDC via [@x402](https://x.com/x402)  
\- [@bigdance\_fun](https://x.com/bigdance_fun) rolled out an onchain tokenized bracket game tied to tournament outcomes  
\- [@solanamobile](https://x.com/solanamobile) launched Builder Grants  
\- [@glamsystems](https://x.com/glamsystems) introduced Token ACL, enabling compliance with composability  
\- [@CyreneAI](https://x.com/CyreneAI) launched Genesis Accelerator offering Solana builders up to $100K in seed capital  
\- [@travalacom](https://x.com/travalacom) expanded its car rental bookings to include Solana support  
\- [@ScorelyGG](https://x.com/ScorelyGG) debuted a sports betting platform with up to 10x leverage on odds  
\- [@fairscalexyz](https://x.com/fairscalexyz) shipped FairScale L3Ns as a Chrome extension, displaying any Solana wallet's reputation score  
\- [@yield](https://x.com/yield) launched yoSOL algorithmically optimized vault  


📰 **Milestones**  
  
\- [@bulktrade](https://x.com/bulktrade) recorded 110K wallets, 45K traders, and 330K trades by Day 3 of its testnet  
\- Solana stablecoin supply reached $17B  
\- [@humafinance](https://x.com/humafinance) surpassed $11B in total PayFi transaction volume  
\- [@solflare](https://x.com/solflare) crosses $3M Private Send  
  
If you enjoyed this week’s newsletter, please share it with an RT.  
Cover art by [@gettles](https://x.com/gettles)

https://preview.redd.it/m3xod3k3zmqg1.png?width=680&format=png&auto=webp&s=078fded60056fb5ae4de5d9efaf3872402f92c45","Solana Ecosystem News - March 22-2026 **Source:** [https://x.com/solana/status/2035703041676939747](https://x.com/solana/status/2035703041676939747)

SOL is officially a digital commodity. While the headlines were catching up to reality, RWA value hit an all-time high, stablecoin supply crossed $17B, and the builder pipeline keeps getting deeper.  
  
Here’s what happened over the week:  
  
📰 **Headline News**  
  
\- [@SECGov](https://x.com/SECGov) formally classified SOL as a digital commodity in its new crypto asset taxonomy  
\- Solana's RWA Value hit an ATH of \~$1.85B  
\- [@OndoFinance](https://x.com/OndoFinance) expanded Ondo Global Markets to 250+ tokenized stocks, ETFs and commodities  
\- SIMD-0266 (P-Token) went live on testnet  
  
  
📰 **Launches**  
  
\- [@tokens](https://x.com/tokens) launched. Find 24/7 breaking news, how it moves global financial markets, and where those markets live on Solana   
\- [@altitude](https://x.com/altitude) unlocked bank transfers, allowing direct bank payments worldwide from Altitude accounts  
\- West Coast Stock Transfer adopted [@alpha\_ledger](https://x.com/alpha_ledger)'s Vulcan Forge to tokenize [@SiloPharma](https://x.com/SiloPharma) securities on Solana  
\- [@hinkal\_protocol](https://x.com/hinkal_protocol) released its privacy wallet on Solana  
\- [@GustoHQ](https://x.com/GustoHQ) integrated USDC on Solana payouts for same-day international contractors payments  
\- [@kamino](https://x.com/kamino) announced a pilot integrating its Atlas Collateral Management with [@Anchorage](https://x.com/Anchorage) for institutional credit [@Paradex](https://x.com/Paradex)'s DIME debuted on Solana via [@Sunrise\_DeFi](https://x.com/Sunrise_DeFi)  
\- [@PlayBabylon](https://x.com/PlayBabylon) unveiled its multiplayer prediction game where humans and AI agents compete  
\- [@MessariCrypto](https://x.com/MessariCrypto) added Solana support for x402 payments across its API endpoints  
\- [@GoDark](https://x.com/GoDark) opened early access to its decentralized dark pool DEX for private trading  
\- [@DeriveXYZ](https://x.com/DeriveXYZ) shipped SOL options on its platform  
\- [@colosseum](https://x.com/colosseum) crowned the winners of the Agent Hackathon  
\- [@SuperteamDE](https://x.com/SuperteamDE) to host Solana Summit Germany in Berlin on June 13  
\- [@solana\_devs](https://x.com/solana_devs) kicked off the Solana Japan Developer Bootcamp  
\- [@SP3NDdotshop](https://x.com/SP3NDdotshop) facilitated eBay purchases with USDC on Solana  
\- [@sanafionchain](https://x.com/sanafionchain) presented Sana Card, a self-custody Visa card issued by [@raincards](https://x.com/raincards)  
\- [@Alchemy](https://x.com/Alchemy) enabled Solana agents to pay for its APIs with USDC via [@x402](https://x.com/x402)  
\- [@bigdance\_fun](https://x.com/bigdance_fun) rolled out an onchain tokenized bracket game tied to tournament outcomes  
\- [@solanamobile](https://x.com/solanamobile) launched Builder Grants  
\- [@glamsystems](https://x.com/glamsystems) introduced Token ACL, enabling compliance with composability  
\- [@CyreneAI](https://x.com/CyreneAI) launched Genesis Accelerator offering Solana builders up to $100K in seed capital  
\- [@travalacom](https://x.com/travalacom) expanded its car rental bookings to include Solana support  
\- [@ScorelyGG](https://x.com/ScorelyGG) debuted a sports betting platform with up to 10x leverage on odds  
\- [@fairscalexyz](https://x.com/fairscalexyz) shipped FairScale L3Ns as a Chrome extension, displaying any Solana wallet's reputation score  
\- [@yield](https://x.com/yield) launched yoSOL algorithmically optimized vault  


📰 **Milestones**  
  
\- [@bulktrade](https://x.com/bulktrade) recorded 110K wallets, 45K traders, and 330K trades by Day 3 of its testnet  
\- Solana stablecoin supply reached $17B  
\- [@humafinance](https://x.com/humafinance) surpassed $11B in total PayFi transaction volume  
\- [@solflare](https://x.com/solflare) crosses $3M Private Send  
  
If you enjoyed this week’s newsletter, please share it with an RT.  
Cover art by [@gettles](https://x.com/gettles)

https://preview.redd.it/m3xod3k3zmqg1.png?width=680&format=png&auto=webp&s=078fded60056fb5ae4de5d9efaf3872402f92c45",4,3,Solana,https://reddit.com/r/solana/comments/1s0smlh/solana_ecosystem_news_march_222026/
1s0xebc,2026-03-22,2026-03-22T21:09:21+00:00,"Weekly Discussion Thread, Chats & Trading Talks | March 22-27, 2026","# Welcome To The Weekly Discussion Thread !

This thread was requested by the community for weekly chats & Trading talks.

All random & trading talk should go here ONLY. Feel free to exchange news, your favourite memes, crazy ideas and random thoughts!

We experiment with grouping the conversations together by week. As this is still Solana Reddit please keep the discussions Solana related. As always we encourage you to be helpful and courteous to your fellow Redditors and keep the discussions constructive and respectful.

# No Memecoin shilling please.

If this is your first time on this thread or subreddit, please take a look to our official Rules:

Check out general rules that apply to all Solana Subreddit:

[https://www.reddit.com/r/solana/comments/ci8qx2/welcome\_to\_rsolana\_read\_this\_to\_get\_started](https://www.reddit.com/r/solana/comments/ci8qx2/welcome_to_rsolana_read_this_to_get_started/)","Weekly Discussion Thread, Chats & Trading Talks | March 22-27, 2026 # Welcome To The Weekly Discussion Thread !

This thread was requested by the community for weekly chats & Trading talks.

All random & trading talk should go here ONLY. Feel free to exchange news, your favourite memes, crazy ideas and random thoughts!

We experiment with grouping the conversations together by week. As this is still Solana Reddit please keep the discussions Solana related. As always we encourage you to be helpful and courteous to your fellow Redditors and keep the discussions constructive and respectful.

# No Memecoin shilling please.

If this is your first time on this thread or subreddit, please take a look to our official Rules:

Check out general rules that apply to all Solana Subreddit:

[https://www.reddit.com/r/solana/comments/ci8qx2/welcome\_to\_rsolana\_read\_this\_to\_get\_started](https://www.reddit.com/r/solana/comments/ci8qx2/welcome_to_rsolana_read_this_to_get_started/)",2,4,Solana,https://reddit.com/r/solana/comments/1s0xebc/weekly_discussion_thread_chats_trading_talks/
1rzwew9,2026-03-21,2026-03-21T16:51:57+00:00,Solana Foundation president says crypto gaming is dead,"I was writing a game that used Solana.  Is it worth carrying on or just ditching the crypto part?  The advantage of Solana (or any other coin) was that 

1. Users logged in with a wallet. No Google or Facebook needed.
2. Users paid with Sol.  Not like some having to buy GTA dollars or Roblox bucks.
3. Users could sell what they bought.

So many upsides from a user's and developers' perspective.","Solana Foundation president says crypto gaming is dead I was writing a game that used Solana.  Is it worth carrying on or just ditching the crypto part?  The advantage of Solana (or any other coin) was that 

1. Users logged in with a wallet. No Google or Facebook needed.
2. Users paid with Sol.  Not like some having to buy GTA dollars or Roblox bucks.
3. Users could sell what they bought.

So many upsides from a user's and developers' perspective.",2,2,Solana,https://reddit.com/r/solana/comments/1rzwew9/solana_foundation_president_says_crypto_gaming_is/
1rzcr0n,2026-03-21,2026-03-21T00:06:27+00:00,"11AM w/ Seed Club Podcast - Vibhu Norby, Chief Product Officer at Solana Foundation",,"11AM w/ Seed Club Podcast - Vibhu Norby, Chief Product Officer at Solana Foundation",5,1,Solana,https://reddit.com/r/solana/comments/1rzcr0n/11am_w_seed_club_podcast_vibhu_norby_chief/
1rzdgya,2026-03-21,2026-03-21T00:38:21+00:00,Red flags to look for in an exchange.,"Whenever I see an exchange offering 40% APY on stablecoins, I run the other way immediately. Yield doesn't come from nowhere. I look for platforms that just focus on standard spot trading, verifiable proof of reserves, and steady, quiet growth. That's exactly why I've stuck with Coinbase and BitMart over the years. Solid security beats flashy yields every single time.","Red flags to look for in an exchange. Whenever I see an exchange offering 40% APY on stablecoins, I run the other way immediately. Yield doesn't come from nowhere. I look for platforms that just focus on standard spot trading, verifiable proof of reserves, and steady, quiet growth. That's exactly why I've stuck with Coinbase and BitMart over the years. Solid security beats flashy yields every single time.",10,26,Solana,https://reddit.com/r/solana/comments/1rzdgya/red_flags_to_look_for_in_an_exchange/
1rzoaia,2026-03-21,2026-03-21T10:40:04+00:00,Qué es lo que realmente ha pasado?,"Me acabo de despertar y recibí estas notificaciones en mi Phantom, me resultó bastante raro porque no estoy esperando nada por el estilo. Pero al entrar a mis wallets no está por ninguna parte estas cantidades. Que ha pasado aquí?","Qué es lo que realmente ha pasado? Me acabo de despertar y recibí estas notificaciones en mi Phantom, me resultó bastante raro porque no estoy esperando nada por el estilo. Pero al entrar a mis wallets no está por ninguna parte estas cantidades. Que ha pasado aquí?",11,25,Solana,https://reddit.com/r/solana/comments/1rzoaia/qué_es_lo_que_realmente_ha_pasado/
1rztc2e,2026-03-21,2026-03-21T14:48:31+00:00,"Solflare Support Admitted Liability (""My Bad"") for my $40,00 Loss – Now They Are Ignoring Me","Hi everyone, I’m reaching out to the community because I’ve hit a wall with Solflare’s corporate response regarding a significant loss of funds.

The Facts of the Case:

• Total Assets Lost: 73.90 SOL.

• The Incident: My wallet was drained immediately after following specific technical instructions provided by an official Solflare support agent.

• The Admission: In our chat, the agent (Enmanuel) explicitly admitted to a critical oversight, stating: ""I didn't see you were on iOS my bad"". This confirms that the instructions given were incompatible with my device, leading directly to the unauthorized transactions.

Current Situation:

Despite this clear, written admission of fault by their own staff, Solflare’s latest official response has been dismissive. They are attempting to frame this as a user education issue, completely ignoring that their representative acknowledged professional negligence (""My bad"").

Documentation Provided:

1.	Direct Admission: Screenshot of the support chat where liability is acknowledged.

2.	On-Chain Evidence: Transaction logs showing the unauthorized 73.90 SOL outflow.

I have been a loyal user, but I cannot accept a $40k loss caused by a company’s internal error that they now refuse to honor. I am demanding a fair review of this case and full restitution based on the agent's admission of liability.

Has anyone else experienced this level of shifting responsibility from Solflare?

u/solflare\_wallet — I expect a professional follow-up that addresses your agent's documented error, not more generic 'educational' advice.""","Solflare Support Admitted Liability (""My Bad"") for my $40,00 Loss – Now They Are Ignoring Me Hi everyone, I’m reaching out to the community because I’ve hit a wall with Solflare’s corporate response regarding a significant loss of funds.

The Facts of the Case:

• Total Assets Lost: 73.90 SOL.

• The Incident: My wallet was drained immediately after following specific technical instructions provided by an official Solflare support agent.

• The Admission: In our chat, the agent (Enmanuel) explicitly admitted to a critical oversight, stating: ""I didn't see you were on iOS my bad"". This confirms that the instructions given were incompatible with my device, leading directly to the unauthorized transactions.

Current Situation:

Despite this clear, written admission of fault by their own staff, Solflare’s latest official response has been dismissive. They are attempting to frame this as a user education issue, completely ignoring that their representative acknowledged professional negligence (""My bad"").

Documentation Provided:

1.	Direct Admission: Screenshot of the support chat where liability is acknowledged.

2.	On-Chain Evidence: Transaction logs showing the unauthorized 73.90 SOL outflow.

I have been a loyal user, but I cannot accept a $40k loss caused by a company’s internal error that they now refuse to honor. I am demanding a fair review of this case and full restitution based on the agent's admission of liability.

Has anyone else experienced this level of shifting responsibility from Solflare?

u/solflare\_wallet — I expect a professional follow-up that addresses your agent's documented error, not more generic 'educational' advice.""",2,2,Solana,https://reddit.com/r/solana/comments/1rztc2e/solflare_support_admitted_liability_my_bad_for_my/
1rzz7m0,2026-03-21,2026-03-21T18:41:56+00:00,Devnet faucet - limitations on SOL,I’m struggling to get enough SOL from the devnet faucet. Why is it so limited? It takes forever to get enough to deploy anything ,Devnet faucet - limitations on SOL I’m struggling to get enough SOL from the devnet faucet. Why is it so limited? It takes forever to get enough to deploy anything,1,2,Solana,https://reddit.com/r/solana/comments/1rzz7m0/devnet_faucet_limitations_on_sol/
1rzwlgi,2026-03-21,2026-03-21T16:59:26+00:00,THIS WEEK IN MEDIA - 3/13-3/20,"**Source:** [https://x.com/solana/status/2035376862340481142](https://x.com/solana/status/2035376862340481142)

https://preview.redd.it/ix5fnusuifqg1.png?width=680&format=png&auto=webp&s=299c060e4f8bb6485517c7c9c95ae600542fdeed

Read

* A NASDAQ-listed company is tokenizing its stock on Solana via Alphaledger:  [West Coast Stock Transfer Adopts Alphaledger Technology to Tokenize Securities and Deliver Direct Ownership to Investors](https://apnews.com/press-release/ein-presswire-newsmatics/west-coast-stock-transfer-adopts-alphaledger-technology-to-tokenize-securities-and-deliver-direct-ownership-to-investors-84312fe5fc8712b3d14ff7c7720ec835)
* Gusto Adds Same-Day USDC Payroll on Solana:  [Same-Day International Contractor Payments Are Now Available through Wise and Stablecoin](https://gusto.com/resources/company-news/same-day-international-contractor-payments?idgm=m5ef98q4)

Watch

* Pedro Miranda, Head of Consumer, Solana Foundation speaks at SXSW with Rodolfo Gonzalez from Foundation Capital:  [How Crypto is Building New Capital Markets for Everyone, not just Wall Street](https://www.youtube.com/watch?v=hQ5I4FMUJaY&t=6s)
* Amira Valliani on  [Stableminded](https://x.com/stabledash/status/2034334255019647124?s=20) , from Breakpoint
* Xiao-Xiao from Jupiter on When Shift Happens:  [How Crypto Will Replace Your Bank (And Why Wall Street Knows It) - Solana’s Exchange President](https://www.youtube.com/watch?v=bYYF2qWtrTA)
* Solana Floor recapped Solana’s history over the last six years:  [The Real Reason Solana Exploded in 6 Years](https://www.youtube.com/watch?v=X68Tiomw-KY)
* Vibhu Norby, CPO, Solana Foundation discusses the launch of Tokens on:
* [11AM w/ Seed Club](https://www.youtube.com/watch?v=v8Q5SMpWBAg)
* [Stabledash](https://x.com/stabledash/status/2034049344090083615)
* Taylor Fox, Consumer Lead at Solana Foundation, on  [11AM w/ Seed Club](https://www.youtube.com/watch?v=TAlQEIEjGzo)

Listen

* Pedro Miranda interviews Se Yong Park, co-founder of fomo on  [Billions](https://solana.com/podcasts/billions-with-pedro-miranda/episodes/79c3be30-ca81-40ec-bb32-093f92039c5c)
* Amira Valliani interviews Alisha Changani from the Atlantic Council on  [Bits to Bricks](https://solana.com/podcasts/bits-to-bricks-with-amira-valliani/episodes/44c868b8-eacf-495e-85c5-267687db2ec2)
* Cap from Superteam UK on The LOCAL W.M.C.:  [Why is Solana building in the UK?](https://www.youtube.com/watch?v=OAzcb-BSKtk)
* Alex Smirnov, co-founder of deBridge, on  [Exploring Solana](https://x.com/mango_/status/2034693229178994707)
* Pantera Capital’s Mason Nystrom on  [Milk Road](https://x.com/milkroad/status/2033990905384869897?s=46&t=wc6CHSJsZbGNSC3Xkc7Yug)



  
","THIS WEEK IN MEDIA - 3/13-3/20 **Source:** [https://x.com/solana/status/2035376862340481142](https://x.com/solana/status/2035376862340481142)

https://preview.redd.it/ix5fnusuifqg1.png?width=680&format=png&auto=webp&s=299c060e4f8bb6485517c7c9c95ae600542fdeed

Read

* A NASDAQ-listed company is tokenizing its stock on Solana via Alphaledger:  [West Coast Stock Transfer Adopts Alphaledger Technology to Tokenize Securities and Deliver Direct Ownership to Investors](https://apnews.com/press-release/ein-presswire-newsmatics/west-coast-stock-transfer-adopts-alphaledger-technology-to-tokenize-securities-and-deliver-direct-ownership-to-investors-84312fe5fc8712b3d14ff7c7720ec835)
* Gusto Adds Same-Day USDC Payroll on Solana:  [Same-Day International Contractor Payments Are Now Available through Wise and Stablecoin](https://gusto.com/resources/company-news/same-day-international-contractor-payments?idgm=m5ef98q4)

Watch

* Pedro Miranda, Head of Consumer, Solana Foundation speaks at SXSW with Rodolfo Gonzalez from Foundation Capital:  [How Crypto is Building New Capital Markets for Everyone, not just Wall Street](https://www.youtube.com/watch?v=hQ5I4FMUJaY&t=6s)
* Amira Valliani on  [Stableminded](https://x.com/stabledash/status/2034334255019647124?s=20) , from Breakpoint
* Xiao-Xiao from Jupiter on When Shift Happens:  [How Crypto Will Replace Your Bank (And Why Wall Street Knows It) - Solana’s Exchange President](https://www.youtube.com/watch?v=bYYF2qWtrTA)
* Solana Floor recapped Solana’s history over the last six years:  [The Real Reason Solana Exploded in 6 Years](https://www.youtube.com/watch?v=X68Tiomw-KY)
* Vibhu Norby, CPO, Solana Foundation discusses the launch of Tokens on:
* [11AM w/ Seed Club](https://www.youtube.com/watch?v=v8Q5SMpWBAg)
* [Stabledash](https://x.com/stabledash/status/2034049344090083615)
* Taylor Fox, Consumer Lead at Solana Foundation, on  [11AM w/ Seed Club](https://www.youtube.com/watch?v=TAlQEIEjGzo)

Listen

* Pedro Miranda interviews Se Yong Park, co-founder of fomo on  [Billions](https://solana.com/podcasts/billions-with-pedro-miranda/episodes/79c3be30-ca81-40ec-bb32-093f92039c5c)
* Amira Valliani interviews Alisha Changani from the Atlantic Council on  [Bits to Bricks](https://solana.com/podcasts/bits-to-bricks-with-amira-valliani/episodes/44c868b8-eacf-495e-85c5-267687db2ec2)
* Cap from Superteam UK on The LOCAL W.M.C.:  [Why is Solana building in the UK?](https://www.youtube.com/watch?v=OAzcb-BSKtk)
* Alex Smirnov, co-founder of deBridge, on  [Exploring Solana](https://x.com/mango_/status/2034693229178994707)
* Pantera Capital’s Mason Nystrom on  [Milk Road](https://x.com/milkroad/status/2033990905384869897?s=46&t=wc6CHSJsZbGNSC3Xkc7Yug)",3,1,Solana,https://reddit.com/r/solana/comments/1rzwlgi/this_week_in_media_313320/
1rzwojh,2026-03-21,2026-03-21T17:02:39+00:00,P-token Is Now Live On Testnet At Epoch 930,"**Source:** [https://x.com/anza\_xyz/status/2035183614443339956](https://x.com/anza_xyz/status/2035183614443339956)

Validators: SIMD-0266, which replaces the current SPL token program with a new compute optimized version called p-token, is now live on testnet at epoch 930. This feature requires at least Agave v3.1.8 and FD v0.811.30108

https://preview.redd.it/otcpckodjfqg1.png?width=604&format=png&auto=webp&s=4bcf5336ea32086674e90f5d3b69c42d9322fa95

# Why Is P-Token Important To Solana Performance?

**Source:** [https://x.com/m\_a\_zeeshan/status/2035242730046263487](https://x.com/m_a_zeeshan/status/2035242730046263487)

Solana's token program is about to get massively more efficient.  
  
SIMD-0266 (P-Token) is live on testnet. I benchmarked every instruction against SPL Token — the CU reductions speak for themselves.  
  
\~96% cheaper compute. \~12% of total block space unlocked.  
  
Incredible engineering by [@0x\_febo](https://x.com/0x_febo) and the [@anza\_xyz](https://x.com/anza_xyz) team.  
  
GitHub: [http://github.com/alizeeshan1234/p-token-benchmark-](https://t.co/kyXeaieaLy)

Verified tx: 

[https://explorer.solana.com/tx/aQ14tF6aQvDgvAge4BhxCU9Jc55fWzueo9ip5PzBm5wRsJx1gzvgPRU4V3KZdM3p7tawpGyTgt6EE5xBMNDPGtJ?cluster=testnet](https://t.co/nVudFIILIO)

https://preview.redd.it/nbd1rx0alfqg1.png?width=680&format=png&auto=webp&s=bef834fb8aa59d33b454c3528ef6feb6c7d49ecf

","P-token Is Now Live On Testnet At Epoch 930 **Source:** [https://x.com/anza\_xyz/status/2035183614443339956](https://x.com/anza_xyz/status/2035183614443339956)

Validators: SIMD-0266, which replaces the current SPL token program with a new compute optimized version called p-token, is now live on testnet at epoch 930. This feature requires at least Agave v3.1.8 and FD v0.811.30108

https://preview.redd.it/otcpckodjfqg1.png?width=604&format=png&auto=webp&s=4bcf5336ea32086674e90f5d3b69c42d9322fa95

# Why Is P-Token Important To Solana Performance?

**Source:** [https://x.com/m\_a\_zeeshan/status/2035242730046263487](https://x.com/m_a_zeeshan/status/2035242730046263487)

Solana's token program is about to get massively more efficient.  
  
SIMD-0266 (P-Token) is live on testnet. I benchmarked every instruction against SPL Token — the CU reductions speak for themselves.  
  
\~96% cheaper compute. \~12% of total block space unlocked.  
  
Incredible engineering by [@0x\_febo](https://x.com/0x_febo) and the [@anza\_xyz](https://x.com/anza_xyz) team.  
  
GitHub: [http://github.com/alizeeshan1234/p-token-benchmark-](https://t.co/kyXeaieaLy)

Verified tx: 

[https://explorer.solana.com/tx/aQ14tF6aQvDgvAge4BhxCU9Jc55fWzueo9ip5PzBm5wRsJx1gzvgPRU4V3KZdM3p7tawpGyTgt6EE5xBMNDPGtJ?cluster=testnet](https://t.co/nVudFIILIO)

https://preview.redd.it/nbd1rx0alfqg1.png?width=680&format=png&auto=webp&s=bef834fb8aa59d33b454c3528ef6feb6c7d49ecf",4,2,Solana,https://reddit.com/r/solana/comments/1rzwojh/ptoken_is_now_live_on_testnet_at_epoch_930/
1rzxayq,2026-03-21,2026-03-21T17:27:07+00:00,The New Anchor V1.0.0 Release Candidate Is Out,"**Source:** [https://x.com/solana\_devs/status/2035128369134666094](https://x.com/solana_devs/status/2035128369134666094)

The new Anchor v1.0.0 Release Candidate is out.  
  
What's new:  
  
1) In the future, you should be able to use avm self-update  
  
2) Anchor now uses Solana SDK version >3.0  
  
3) The TS client moved home @  coral-xyz/anchor -> @ anchor-lang/anchor  
  
4) IDL is no longer handled directly by anchor programs; now, the anchor CLI will use the [https://github.com/solana-program/program-metadata](https://t.co/jzw6wJ0rO2) ! You'll have to close existing buffers before migrating  
  
5) CpiContext only needs the program pubkey instead of the whole AccountInfo  
  
6) New litesvm test template (by default)  
  
Install 👇

[https://github.com/solana-program/program-metadata](https://github.com/solana-program/program-metadata)

https://preview.redd.it/5i9w00asnfqg1.png?width=680&format=png&auto=webp&s=ee6fb83f6074b6b7f83b078888db3e856e300655","The New Anchor V1.0.0 Release Candidate Is Out **Source:** [https://x.com/solana\_devs/status/2035128369134666094](https://x.com/solana_devs/status/2035128369134666094)

The new Anchor v1.0.0 Release Candidate is out.  
  
What's new:  
  
1) In the future, you should be able to use avm self-update  
  
2) Anchor now uses Solana SDK version >3.0  
  
3) The TS client moved home @  coral-xyz/anchor -> @ anchor-lang/anchor  
  
4) IDL is no longer handled directly by anchor programs; now, the anchor CLI will use the [https://github.com/solana-program/program-metadata](https://t.co/jzw6wJ0rO2) ! You'll have to close existing buffers before migrating  
  
5) CpiContext only needs the program pubkey instead of the whole AccountInfo  
  
6) New litesvm test template (by default)  
  
Install 👇

[https://github.com/solana-program/program-metadata](https://github.com/solana-program/program-metadata)

https://preview.redd.it/5i9w00asnfqg1.png?width=680&format=png&auto=webp&s=ee6fb83f6074b6b7f83b078888db3e856e300655",6,3,Solana,https://reddit.com/r/solana/comments/1rzxayq/the_new_anchor_v100_release_candidate_is_out/
1rzxldv,2026-03-21,2026-03-21T17:38:17+00:00,Been tracking Solana right from my home screen lately,,Been tracking Solana right from my home screen lately,18,1,Solana,https://reddit.com/r/solana/comments/1rzxldv/been_tracking_solana_right_from_my_home_screen/
1rzy3a5,2026-03-21,2026-03-21T17:58:06+00:00,How To Get Solana Devnet SOL (Including Airdrops And Faucets),"**Source:** [https://x.com/SolPlay\_jonas/status/2035289687628062854](https://x.com/SolPlay_jonas/status/2035289687628062854)

There is a bunch of different ways on how to get devnet sol:

[https://solana.com/developers/guides/getstarted/solana-token-airdrop-and-faucets](https://solana.com/developers/guides/getstarted/solana-token-airdrop-and-faucets)

https://preview.redd.it/8fzdt2ubtfqg1.png?width=680&format=png&auto=webp&s=0ce7af94ca3a125fdf2ff808c252678155fd6997

","How To Get Solana Devnet SOL (Including Airdrops And Faucets) **Source:** [https://x.com/SolPlay\_jonas/status/2035289687628062854](https://x.com/SolPlay_jonas/status/2035289687628062854)

There is a bunch of different ways on how to get devnet sol:

[https://solana.com/developers/guides/getstarted/solana-token-airdrop-and-faucets](https://solana.com/developers/guides/getstarted/solana-token-airdrop-and-faucets)

https://preview.redd.it/8fzdt2ubtfqg1.png?width=680&format=png&auto=webp&s=0ce7af94ca3a125fdf2ff808c252678155fd6997",3,3,Solana,https://reddit.com/r/solana/comments/1rzy3a5/how_to_get_solana_devnet_sol_including_airdrops/
1rz2ibl,2026-03-20,2026-03-20T17:24:47+00:00,Atomicity and Reversion,"Im trying to understand how atomicity and reversion work.

Imagine there is token, call it BS token.  And there exists only one AMM for it, SOL-BS.  Now, I have USDC, so I put together a transaction to sell USDC for SOL and then sell SOL for BS, I wrap it all in a single transaction, because I dont want to be stuck with SOL. 

Now, for whatever reason, the SOL-BS AMM rejects my instruction, I didnt account for enough slippage, or whatever.  According to everything I read, the entire transaction then fails, and the USDC-SOL AMM reverts to its previous state.  Great.  That makes sense.  

What Im trying to understand however, is what happens to other transactions happening at the same time.  

Assume for a moment that the SOL-BS AMM is poorly written and it takes 2 seconds to figure out that my instruction is invalid.  Yes, AMMs should not do that, but errors do occur on occasion.

But USDC-SOL is a very active market.  So what happens if someone requests a quote 1/2 second after I submit my transaction.  My USDC-SOL instruction is processed within milliseconds, because that AMM is well programed. Assume, if successful, it would have moved the market by 0.01 -- ex 90.00 to 90.01.  Does the quote request someone else sent in that 1/2 second later come back at 90.00 or 90.01?  IOW, whats the state of the USDC-SOL AMM once its processed its instruction, but while the SOL-BS AMM is figuring its shit out?

Similarly, if a second transaction comes in to the USDC-SOL AMM, while the SOL-BS is taking its time, does the second transaction buy at 90.01? Does it by at 90.00 and then the price for my transaction get pushed up?  And if the latter, whats the mechanism for retroactively denying or adjusting the results of the instruction?","Atomicity and Reversion Im trying to understand how atomicity and reversion work.

Imagine there is token, call it BS token.  And there exists only one AMM for it, SOL-BS.  Now, I have USDC, so I put together a transaction to sell USDC for SOL and then sell SOL for BS, I wrap it all in a single transaction, because I dont want to be stuck with SOL. 

Now, for whatever reason, the SOL-BS AMM rejects my instruction, I didnt account for enough slippage, or whatever.  According to everything I read, the entire transaction then fails, and the USDC-SOL AMM reverts to its previous state.  Great.  That makes sense.  

What Im trying to understand however, is what happens to other transactions happening at the same time.  

Assume for a moment that the SOL-BS AMM is poorly written and it takes 2 seconds to figure out that my instruction is invalid.  Yes, AMMs should not do that, but errors do occur on occasion.

But USDC-SOL is a very active market.  So what happens if someone requests a quote 1/2 second after I submit my transaction.  My USDC-SOL instruction is processed within milliseconds, because that AMM is well programed. Assume, if successful, it would have moved the market by 0.01 -- ex 90.00 to 90.01.  Does the quote request someone else sent in that 1/2 second later come back at 90.00 or 90.01?  IOW, whats the state of the USDC-SOL AMM once its processed its instruction, but while the SOL-BS AMM is figuring its shit out?

Similarly, if a second transaction comes in to the USDC-SOL AMM, while the SOL-BS is taking its time, does the second transaction buy at 90.01? Does it by at 90.00 and then the price for my transaction get pushed up?  And if the latter, whats the mechanism for retroactively denying or adjusting the results of the instruction?",6,3,Solana,https://reddit.com/r/solana/comments/1rz2ibl/atomicity_and_reversion/
1ryha2m,2026-03-20,2026-03-20T00:18:26+00:00,MessariCrypto Added Support To To Solana X402 Payments,"**Source:** [https://x.com/MessariCrypto/status/2034706739908784540](https://x.com/MessariCrypto/status/2034706739908784540)

Welcome to x402 [@solana](https://x.com/solana)   
  
We're expanding x402 payments by adding Solana support.  
  
You can now pay for any API endpoint with USDC on either [@base](https://x.com/base) or Solana.  
  
More chains, more flexibility for builders.

https://preview.redd.it/howmbs94f3qg1.png?width=680&format=png&auto=webp&s=5537f0f9c5de042b54c8659728ab826bf1ec92d7

Get started with x402 here: [https://messari.io/x402](https://messari.io/x402)

https://preview.redd.it/tcbtadm6f3qg1.png?width=513&format=png&auto=webp&s=a89fb6a34d9584d91f6a2351f3c0e6e343efe44f

","MessariCrypto Added Support To To Solana X402 Payments **Source:** [https://x.com/MessariCrypto/status/2034706739908784540](https://x.com/MessariCrypto/status/2034706739908784540)

Welcome to x402 [@solana](https://x.com/solana)   
  
We're expanding x402 payments by adding Solana support.  
  
You can now pay for any API endpoint with USDC on either [@base](https://x.com/base) or Solana.  
  
More chains, more flexibility for builders.

https://preview.redd.it/howmbs94f3qg1.png?width=680&format=png&auto=webp&s=5537f0f9c5de042b54c8659728ab826bf1ec92d7

Get started with x402 here: [https://messari.io/x402](https://messari.io/x402)

https://preview.redd.it/tcbtadm6f3qg1.png?width=513&format=png&auto=webp&s=a89fb6a34d9584d91f6a2351f3c0e6e343efe44f",5,2,Solana,https://reddit.com/r/solana/comments/1ryha2m/messaricrypto_added_support_to_to_solana_x402/
1ryhthg,2026-03-20,2026-03-20T00:41:53+00:00,"Mango Podcast - AlexSmirnov, Co-founder, To Talk All Things Bridges, Solana Expansion & Beyond","**Source:** [https://x.com/mango\_/status/2034693229178994707](https://x.com/mango_/status/2034693229178994707)

Exploring Solana Ep. 10: 

[@debridge](https://x.com/debridge) Moving assets across chains should be simple, yet it rarely is. deBridge is building the infrastructure to make cross-chain trading seamless.  
  
I sat down with [@AlexSmirnov](https://x.com/AlexSmirnov), co-founder, to talk all things bridges, [@solana](https://x.com/solana)

 expansion & beyond 👇  
  
[00:00](https://x.com/mango_/status/2034693229178994707?t=0) Introduction  
[03:00](https://x.com/mango_/status/2034693229178994707?t=180) Dropped PhD for crypto  
[10:26](https://x.com/mango_/status/2034693229178994707?t=626) CEX froze funds & idea of deBridge  
[12:28](https://x.com/mango_/status/2034693229178994707?t=748) Chainlink hackathon  
[19:45](https://x.com/mango_/status/2034693229178994707?t=1185) Zero TVL = nothing to hack  
[27:07](https://x.com/mango_/status/2034693229178994707?t=1627) Why Solana changed everything  
[40:41](https://x.com/mango_/status/2034693229178994707?t=2441) No more front-running with Bundles  
[51:43](https://x.com/mango_/status/2034693229178994707?t=3103) $100M daily volume & biggest DeFi integration coming

https://preview.redd.it/eoj3ik97g3qg1.png?width=557&format=png&auto=webp&s=c01c08b34efd9dbf23f77b05bd8be247af2d80df

This episode is powered by:  
  
\> [@solflare](https://x.com/solflare), Solana-native wallet  
\> [@DeFiTuna](https://x.com/DeFiTuna), Solana's AMM and advanced LP toolkit.  
\> [@SuperteamBLKN](https://x.com/SuperteamBLKN), local Solana community  
\> edited by [@icadotsol](https://x.com/icadotsol)  
  
Check their products & solutions today 

  
","Mango Podcast - AlexSmirnov, Co-founder, To Talk All Things Bridges, Solana Expansion & Beyond **Source:** [https://x.com/mango\_/status/2034693229178994707](https://x.com/mango_/status/2034693229178994707)

Exploring Solana Ep. 10: 

[@debridge](https://x.com/debridge) Moving assets across chains should be simple, yet it rarely is. deBridge is building the infrastructure to make cross-chain trading seamless.  
  
I sat down with [@AlexSmirnov](https://x.com/AlexSmirnov), co-founder, to talk all things bridges, [@solana](https://x.com/solana)

 expansion & beyond 👇  
  
[00:00](https://x.com/mango_/status/2034693229178994707?t=0) Introduction  
[03:00](https://x.com/mango_/status/2034693229178994707?t=180) Dropped PhD for crypto  
[10:26](https://x.com/mango_/status/2034693229178994707?t=626) CEX froze funds & idea of deBridge  
[12:28](https://x.com/mango_/status/2034693229178994707?t=748) Chainlink hackathon  
[19:45](https://x.com/mango_/status/2034693229178994707?t=1185) Zero TVL = nothing to hack  
[27:07](https://x.com/mango_/status/2034693229178994707?t=1627) Why Solana changed everything  
[40:41](https://x.com/mango_/status/2034693229178994707?t=2441) No more front-running with Bundles  
[51:43](https://x.com/mango_/status/2034693229178994707?t=3103) $100M daily volume & biggest DeFi integration coming

https://preview.redd.it/eoj3ik97g3qg1.png?width=557&format=png&auto=webp&s=c01c08b34efd9dbf23f77b05bd8be247af2d80df

This episode is powered by:  
  
\> [@solflare](https://x.com/solflare), Solana-native wallet  
\> [@DeFiTuna](https://x.com/DeFiTuna), Solana's AMM and advanced LP toolkit.  
\> [@SuperteamBLKN](https://x.com/SuperteamBLKN), local Solana community  
\> edited by [@icadotsol](https://x.com/icadotsol)  
  
Check their products & solutions today",6,1,Solana,https://reddit.com/r/solana/comments/1ryhthg/mango_podcast_alexsmirnov_cofounder_to_talk_all/
1rynv56,2026-03-20,2026-03-20T05:33:57+00:00,What is the best way to get real time Liquidity data from pools across DEXs?,"I want to retrieve real-time liquidity data from all pools across Solana DEXs such as Raydium, Meteora, Orca, and PumpSwap. What is the most effective way to achieve this?","What is the best way to get real time Liquidity data from pools across DEXs? I want to retrieve real-time liquidity data from all pools across Solana DEXs such as Raydium, Meteora, Orca, and PumpSwap. What is the most effective way to achieve this?",7,9,Solana,https://reddit.com/r/solana/comments/1rynv56/what_is_the_best_way_to_get_real_time_liquidity/
1rynznn,2026-03-20,2026-03-20T05:41:08+00:00,Solana is teasing Backpack Exchange TGE. go big or go home. 🎒,"biggest Solana ecosystem token launch of 2026 is 3 days away. here is what you need to know:

	∙	TGE is March 23

	∙	ticker is $BP

	∙	1B total supply. 25% to community on day one

	∙	zero team tokens. zero VC tokens

	∙	staking for 1 year converts to real company equity

	∙	long term stakers get priority IPO allocation

	∙	contract: BPxxfRCXkUVhig4HS1Lh7kZqV6SPJhzfEk4x6fVBjPCy

when Solana itself starts teasing your TGE you know this is different. 🎒

more discussion happening at r/backpack_official if anyone wants to dig deeper","Solana is teasing Backpack Exchange TGE. go big or go home. 🎒 biggest Solana ecosystem token launch of 2026 is 3 days away. here is what you need to know:

	∙	TGE is March 23

	∙	ticker is $BP

	∙	1B total supply. 25% to community on day one

	∙	zero team tokens. zero VC tokens

	∙	staking for 1 year converts to real company equity

	∙	long term stakers get priority IPO allocation

	∙	contract: BPxxfRCXkUVhig4HS1Lh7kZqV6SPJhzfEk4x6fVBjPCy

when Solana itself starts teasing your TGE you know this is different. 🎒

more discussion happening at r/backpack_official if anyone wants to dig deeper",59,13,Solana,https://reddit.com/r/solana/comments/1rynznn/solana_is_teasing_backpack_exchange_tge_go_big_or/
1ryo6rh,2026-03-20,2026-03-20T05:52:48+00:00,Solandy - Getting Started with Kora [Solana Tutorial] - Mar 4th '26,,Solandy - Getting Started with Kora [Solana Tutorial] - Mar 4th '26,7,1,Solana,https://reddit.com/r/solana/comments/1ryo6rh/solandy_getting_started_with_kora_solana_tutorial/
1ryo8v6,2026-03-20,2026-03-20T05:56:17+00:00,"Generation Infinity Podcast - Institutional Growth On Solana, With Nick Ducoff",,"Generation Infinity Podcast - Institutional Growth On Solana, With Nick Ducoff",3,1,Solana,https://reddit.com/r/solana/comments/1ryo8v6/generation_infinity_podcast_institutional_growth/
1ryrbsq,2026-03-20,2026-03-20T09:08:06+00:00,Solana led all chains in organic stablecoin volumes in February,"Last month, Solana overtook Ethereum for the first time to lead in organic stablecoin volumes","Solana led all chains in organic stablecoin volumes in February Last month, Solana overtook Ethereum for the first time to lead in organic stablecoin volumes",26,3,Solana,https://reddit.com/r/solana/comments/1ryrbsq/solana_led_all_chains_in_organic_stablecoin/
1ryt30k,2026-03-20,2026-03-20T10:55:04+00:00,Are we all just silently suffering through Solana indexing or is it just me?,"I came into this thinking ""how hard can parsing a data stream be"" and I am here, humbled, to tell you it can be very hard. Here's everything that punched me in the face, in order of how much it made me question my career choices.

**Yellowstone gives you a firehose aimed directly at your face**

The stream is raw binary. Not JSON. Not anything a human would recognize as readable. So before you write a single line of actual product logic, you're building a decode layer just to understand what you're even looking at. Cool cool cool.

Then your connection drops — because it will — and surprise, the stream doesn't buffer or replay anything meaningful. You either missed the data or you were smart enough to run a parallel WebSocket fallback ""just in case."" Congrats, you now maintain two pipelines before you've shipped a single feature.

The replay window covers about 20 minutes of slots. If your indexer goes down for longer than that, you get to do a manual backfill. Which brings me to my next point.

**IDLs are a promise that protocols feel no obligation to keep**

An IDL tells your parser how a program's data is structured. Great concept. Works great — right up until the protocol quietly upgrades and the IDL no longer matches reality. No warning. No error. Your parser just starts producing wrong numbers with complete confidence.

I spent an embarrassing amount of time convinced I had a bug in my math before realizing the IDL I was using was outdated. The data was wrong at the source. I was doing perfect arithmetic on lies.

And that's for Anchor programs that at least ship an IDL. Some of the biggest programs on Solana — Raydium V4 for example — were written in native Rust with no IDL whatsoever. So you're manually figuring out byte offsets, cross-referencing SDK constants, and building a parser that's essentially held together with vibes and hope.

**CPI calls are just instructions having instructions inside instructions**

A swap on Jupiter doesn't just call one thing. It calls a thing that calls a thing that calls another thing. Cross-Program Invocations go multiple levels deep and none of it gets handed to you flattened or pre-parsed. You un-nest it yourself, recursively, by hand.

Miss one level and your data looks totally fine. It just isn't. You won't find out until a user messages you asking why their trade history is missing $400.

**Re-orgs: Schrödinger's transaction**

If you're indexing at `processed` commitment — which you probably are, because you want low latency — you are regularly indexing slots that the network later decides didn't happen. They get forked away. Your database, however, did not get the memo.

So now you need rollback logic. Provisional state flags. Finality reconciliation. A whole parallel system whose only job is to clean up after the main system. Skip it and enjoy explaining to users why their balance is sometimes just... wrong, in a way you can't reproduce or demonstrate, at random intervals.

**Historical data: it exists, but it will cost you**

Yellowstone is real-time only. It has no memory. It does not care about the past. So every time you add support for a new protocol — and you will be adding new protocols constantly — you need to backfill months of history through archival RPC endpoints that charge per call and take days to complete.

There is no fast, cheap way to do this. You pick two of: fast, cheap, or complete.

**The launchpad treadmill is actually just a treadmill**

New AMMs, new launchpads, new pool types — Solana's DeFi ecosystem ships fast and it does not wait for your indexer to catch up. Every new protocol means a new program ID, a new account schema, a new instruction layout. No shared standard, no registry you can pull from. Just you, their (hopefully existing) IDL, and an afternoon of your life gone.

You add the parser, handle the CPIs, do the backfill, and by the time you're done there are two more protocols you're not tracking yet. It's not a feature you build once. It's a subscription to never being fully done.

Solana is still my favourite chain to build on. The speed is real, the fees are real, the ecosystem energy is real. But nobody in any tutorial prepared me for the fact that building on it means running two projects simultaneously — the thing you actually want to build, and the data pipeline that feeds it.

If you've figured out a sane way to handle any of this — managed solution, homegrown system, deal with the devil — drop it below. We're all in this together.

Edit (23 March) - Try [***Bitquery Data Streams***](https://docs.bitquery.io/docs/streams/)(https://docs.bitquery.io/docs/streams/), it solves the problem.","Are we all just silently suffering through Solana indexing or is it just me? I came into this thinking ""how hard can parsing a data stream be"" and I am here, humbled, to tell you it can be very hard. Here's everything that punched me in the face, in order of how much it made me question my career choices.

**Yellowstone gives you a firehose aimed directly at your face**

The stream is raw binary. Not JSON. Not anything a human would recognize as readable. So before you write a single line of actual product logic, you're building a decode layer just to understand what you're even looking at. Cool cool cool.

Then your connection drops — because it will — and surprise, the stream doesn't buffer or replay anything meaningful. You either missed the data or you were smart enough to run a parallel WebSocket fallback ""just in case."" Congrats, you now maintain two pipelines before you've shipped a single feature.

The replay window covers about 20 minutes of slots. If your indexer goes down for longer than that, you get to do a manual backfill. Which brings me to my next point.

**IDLs are a promise that protocols feel no obligation to keep**

An IDL tells your parser how a program's data is structured. Great concept. Works great — right up until the protocol quietly upgrades and the IDL no longer matches reality. No warning. No error. Your parser just starts producing wrong numbers with complete confidence.

I spent an embarrassing amount of time convinced I had a bug in my math before realizing the IDL I was using was outdated. The data was wrong at the source. I was doing perfect arithmetic on lies.

And that's for Anchor programs that at least ship an IDL. Some of the biggest programs on Solana — Raydium V4 for example — were written in native Rust with no IDL whatsoever. So you're manually figuring out byte offsets, cross-referencing SDK constants, and building a parser that's essentially held together with vibes and hope.

**CPI calls are just instructions having instructions inside instructions**

A swap on Jupiter doesn't just call one thing. It calls a thing that calls a thing that calls another thing. Cross-Program Invocations go multiple levels deep and none of it gets handed to you flattened or pre-parsed. You un-nest it yourself, recursively, by hand.

Miss one level and your data looks totally fine. It just isn't. You won't find out until a user messages you asking why their trade history is missing $400.

**Re-orgs: Schrödinger's transaction**

If you're indexing at `processed` commitment — which you probably are, because you want low latency — you are regularly indexing slots that the network later decides didn't happen. They get forked away. Your database, however, did not get the memo.

So now you need rollback logic. Provisional state flags. Finality reconciliation. A whole parallel system whose only job is to clean up after the main system. Skip it and enjoy explaining to users why their balance is sometimes just... wrong, in a way you can't reproduce or demonstrate, at random intervals.

**Historical data: it exists, but it will cost you**

Yellowstone is real-time only. It has no memory. It does not care about the past. So every time you add support for a new protocol — and you will be adding new protocols constantly — you need to backfill months of history through archival RPC endpoints that charge per call and take days to complete.

There is no fast, cheap way to do this. You pick two of: fast, cheap, or complete.

**The launchpad treadmill is actually just a treadmill**

New AMMs, new launchpads, new pool types — Solana's DeFi ecosystem ships fast and it does not wait for your indexer to catch up. Every new protocol means a new program ID, a new account schema, a new instruction layout. No shared standard, no registry you can pull from. Just you, their (hopefully existing) IDL, and an afternoon of your life gone.

You add the parser, handle the CPIs, do the backfill, and by the time you're done there are two more protocols you're not tracking yet. It's not a feature you build once. It's a subscription to never being fully done.

Solana is still my favourite chain to build on. The speed is real, the fees are real, the ecosystem energy is real. But nobody in any tutorial prepared me for the fact that building on it means running two projects simultaneously — the thing you actually want to build, and the data pipeline that feeds it.

If you've figured out a sane way to handle any of this — managed solution, homegrown system, deal with the devil — drop it below. We're all in this together.

Edit (23 March) - Try [***Bitquery Data Streams***](https://docs.bitquery.io/docs/streams/)(https://docs.bitquery.io/docs/streams/), it solves the problem.",13,8,Solana,https://reddit.com/r/solana/comments/1ryt30k/are_we_all_just_silently_suffering_through_solana/
1ryt3pv,2026-03-20,2026-03-20T10:56:10+00:00,"Are you watching from the sidelines, or are you in the game?",,"Are you watching from the sidelines, or are you in the game?",7,4,Solana,https://reddit.com/r/solana/comments/1ryt3pv/are_you_watching_from_the_sidelines_or_are_you_in/
1rz21p8,2026-03-20,2026-03-20T17:07:58+00:00,Introducing Jupiter Academy,,Introducing Jupiter Academy,6,3,Solana,https://reddit.com/r/solana/comments/1rz21p8/introducing_jupiter_academy/
1rz2z7m,2026-03-20,2026-03-20T17:42:24+00:00,Godot game now published on Solana dApp store,,Godot game now published on Solana dApp store,4,5,Solana,https://reddit.com/r/solana/comments/1rz2z7m/godot_game_now_published_on_solana_dapp_store/
1rz62vo,2026-03-20,2026-03-20T19:40:31+00:00,Architectural Shift in Solana Token Metadata: Explicit State (Token-2022 Pointers) vs PDA Conventions (Metaplex),"The shift from SPL Token to Token-2022 fundamentally changes how we handle state resolution for token metadata. Historically, the Metaplex standard relied on a PDA convention (`['metadata', metaplex_id, mint_id]`). While predictable, it forced dependency on a third-party program and required clients to derive and fetch an external account.  
  
Token-2022 introduces the `MetadataPointer` extension, embedding the metadata account address directly into the Mint account's state.  
  
The Architecture:  
Instead of deriving a PDA, clients read the Mint account, check the extension data, and resolve the pointer. You can even point the metadata to the Mint account itself, condensing state into a single account.  
  
  
Implementation Detail:  
When initializing the mint, you must allocate the exact space for the `MetadataPointer` extension **before** initializing the mint itself. If the metadata is stored inside the mint, the account must be resized dynamically using `reallocate` as metadata mutates, which requires careful tracking of the extension boundary to avoid corrupting core mint data.  
  
Source/Full Breakdown: [https://andreyobruchkov1996.substack.com/p/from-convention-to-explicit-state](https://andreyobruchkov1996.substack.com/p/from-convention-to-explicit-state)","Architectural Shift in Solana Token Metadata: Explicit State (Token-2022 Pointers) vs PDA Conventions (Metaplex) The shift from SPL Token to Token-2022 fundamentally changes how we handle state resolution for token metadata. Historically, the Metaplex standard relied on a PDA convention (`['metadata', metaplex_id, mint_id]`). While predictable, it forced dependency on a third-party program and required clients to derive and fetch an external account.  
  
Token-2022 introduces the `MetadataPointer` extension, embedding the metadata account address directly into the Mint account's state.  
  
The Architecture:  
Instead of deriving a PDA, clients read the Mint account, check the extension data, and resolve the pointer. You can even point the metadata to the Mint account itself, condensing state into a single account.  
  
  
Implementation Detail:  
When initializing the mint, you must allocate the exact space for the `MetadataPointer` extension **before** initializing the mint itself. If the metadata is stored inside the mint, the account must be resized dynamically using `reallocate` as metadata mutates, which requires careful tracking of the extension boundary to avoid corrupting core mint data.  
  
Source/Full Breakdown: [https://andreyobruchkov1996.substack.com/p/from-convention-to-explicit-state](https://andreyobruchkov1996.substack.com/p/from-convention-to-explicit-state)",5,1,Solana,https://reddit.com/r/solana/comments/1rz62vo/architectural_shift_in_solana_token_metadata/
1rz7jd4,2026-03-20,2026-03-20T20:36:32+00:00,Osystem Just Hit A New ATH: $1.82B+ In Tokenized Value,"**Source:** [https://x.com/solana/status/2035049925361508450](https://x.com/solana/status/2035049925361508450)

Solana's RWA ecosystem just hit a new ATH: $1.82B+ in tokenized value 🔥

https://preview.redd.it/vintrykog9qg1.png?width=665&format=png&auto=webp&s=76db091250987d68bb7d0cb61bdbedf6b4094c77

**Source:** [https://app.rwa.xyz/networks/solana](https://t.co/ltZiWQmJ61)

","Osystem Just Hit A New ATH: $1.82B+ In Tokenized Value **Source:** [https://x.com/solana/status/2035049925361508450](https://x.com/solana/status/2035049925361508450)

Solana's RWA ecosystem just hit a new ATH: $1.82B+ in tokenized value 🔥

https://preview.redd.it/vintrykog9qg1.png?width=665&format=png&auto=webp&s=76db091250987d68bb7d0cb61bdbedf6b4094c77

**Source:** [https://app.rwa.xyz/networks/solana](https://t.co/ltZiWQmJ61)",1,2,Solana,https://reddit.com/r/solana/comments/1rz7jd4/osystem_just_hit_a_new_ath_182b_in_tokenized_value/
1rzbi0w,2026-03-20,2026-03-20T23:14:53+00:00,Solana Japan Developer Bootcamp 2026 - Projects 1-10,,Solana Japan Developer Bootcamp 2026 - Projects 1-10,3,1,Solana,https://reddit.com/r/solana/comments/1rzbi0w/solana_japan_developer_bootcamp_2026_projects_110/
1rzbi3a,2026-03-20,2026-03-20T23:14:58+00:00,Solana Japan Developer Bootcamp 2026 - Projects 11–14,,Solana Japan Developer Bootcamp 2026 - Projects 11–14,3,1,Solana,https://reddit.com/r/solana/comments/1rzbi3a/solana_japan_developer_bootcamp_2026_projects_1114/
1rzbjtc,2026-03-20,2026-03-20T23:16:56+00:00,SolanaFloor - Why Solana Became a $2 Trillion Economy in 6 Years,,SolanaFloor - Why Solana Became a $2 Trillion Economy in 6 Years,13,1,Solana,https://reddit.com/r/solana/comments/1rzbjtc/solanafloor_why_solana_became_a_2_trillion/
1rzbsuy,2026-03-20,2026-03-20T23:27:03+00:00,"Colosseum Codex: Agent Hackathon Winners, P-Token, Mobile Builder Grants","**Source:** [https://blog.colosseum.com/agent-hackathoin-ptoken-seeker-grants/](https://blog.colosseum.com/agent-hackathoin-ptoken-seeker-grants/)

Agent Hackathon Winners, P-Token Approved, Solana Audit Arena, Solana Mobile Builder Grants

https://preview.redd.it/901rc1z6aaqg1.png?width=960&format=png&auto=webp&s=a96378f71e2b9c84c9036a6d9d623cd3812db413

🎂Happy Birthday Solana!

Solana turned 6 this week and what a ride it's been!

From the early days of record-breaking TPS claims to the network outages that had critics writing obituaries, through the FTX collapse that tested the ecosystem's will to survive, and out the other side with a developer community that just kept building.

Six years in, Solana is processing more transactions than ever, onboarding the next wave of mobile users through Seeker, and attracting serious institutional attention.

The chaos was real, but so is what's been built. The future has never looked more exciting, and the builders aren't slowing down.

[https://x.com/solana/status/2033496751806583096](https://x.com/solana/status/2033496751806583096)

https://preview.redd.it/1p7d5oqcaaqg1.png?width=493&format=png&auto=webp&s=eeab629f732956c2085ed2e9cd76714dd855060e

**Here's what's featured in this week's issue:**

* Colosseum Announces the winners of the Solana Agent Hackathon
* P-Token (SIMD-266) has been approved
* Solana Mobile Builder SKR Grants are live
* Announcing Solana Audit Arena weekly security competition

# 🏆 Agent Hackathon Winners

Colosseum announced the winners of the Agent Hackathon, an experimental 11-day competition that attracted 1,634 OpenClaw agents and resulted in 454 completed project submissions from 753 active teams. AI, Infrastructure, and DeFi were the top project categories by volume.

Winners include: 

🥇 First Place ($50,000): [@DegenDomeSolana](https://x.com/DegenDomeSolana)  
🥈 Second Place ($30,000) AgentOS by [@0xbraindeds](https://x.com/0xbraindeds)  
🥉 Third Place ($15,000): [@blockhelix](https://x.com/blockhelix)  
🤖 Most Agentic ($5,000): [@cludebot](https://x.com/cludebot)

The competition generated 13,560 total votes split between 8,304 human votes and 5,256 agent votes, alongside 55,365 comments and nearly 7,000 forum posts. The majority of participants worked solo, with 737 independent submissions versus 16 team-based entries.

Honorable mentions go to Sentry Agent Economy, StableGuard, Solana TX Debugger, AXLE Protocol, SolShield, Murkl, Clawbook, [AgentGrind.fun](http://AgentGrind.fun), TaskForce, MoltMob, Cabal Trading, and Karma Card.

[**Announcing the winners of the Solana Agent Hackathon**](https://x.com/colosseum/status/2034666123577442394?ref=blog.colosseum.com)

# 🪙 P-Token Approved

[SIMD 266](https://github.com/solana-foundation/solana-improvement-documents/pull/266?ref=blog.colosseum.com), introducing P-Token, has been approved. P-Token is a compute-optimized replacement for the current SPL Token program, built on Pinocchio rather than a new token standard or wallet-facing change.

The compute reductions are significant. Transfer drops from 4,645 CUs to 79. Transfer\_checked drops from 6,200 to 111. Standard token operations see roughly 95% compute reduction across the board.

Three new instructions accompany the redesign: 

* \`batch\` executes multiple token instructions in a single CPI call, paying the base CPI cost once rather than per instruction.
*  \`withdraw\_excess\_lamports\` recovers SOL accidentally stuck in mint accounts. 
* \`unwrap\_lamports\` sends lamports directly to a destination without temporary native token accounts.

P-Token is a program swap, not a migration. 

It deploys at a new address implementing the same instruction set and account layouts as the existing SPL Token program. Existing mints, token accounts, and ATAs are unchanged while new mints can opt into P-Token. Protocols only need to update their CPI target to the new program ID. 

Staged deployment and feature gate activation on the cluster are expected to follow, with a targeted launch in April 2026.

[**Solana Approves SIMD-0266 Upgrade for Faster Transactions**](https://www.mexc.com/news/927421?ref=blog.colosseum.com)

# 📱 Solana Mobile Grants

Solana Mobile launched a Builder Grants program to fund teams building on Seeker and the Solana Mobile ecosystem, with 4.3B SKR staked and 100k+ active users on the dApp Store.

Two funding tracks are available: 

* Open Builder Grants for new ideas
* Requests for Proposals targeting specific gaps in developer tooling and mobile primitives.

Applicants must show mobile-first design using native Android features, Solana Mobile Stack integration (Mobile Wallet Adapter, Seed Vault), and a clear milestone timeline.

Priority projects include apps with viral or sticky retention by default, creative SKR integrations for payments, incentives, or exclusive experiences, and developer tools that lower the barrier for mobile builders. 

Selected teams receive funding, technical guidance from the Solana Mobile team, and marketing support for dApp Store launches, where new apps can reach 10,000–20,000 users within weeks.

[**Solana Mobile Builder Grants: Bring Your Best Seeker and SKR Ideas**](https://blog.solanamobile.com/post/solana-mobile-builder-grants-bring-your-best-seeker-and-skr-ideas?ref=blog.colosseum.com)

# ⚔️ Solana Audit Arena

Solana Audit Arena is a free, weekly security competition for Solana security researchers. 

Each Monday, a new Anchor program is released, built using the safe-solana-builder tool and modeled on real-world DeFi implementations, for participants to audit and find vulnerabilities.

The competition targets junior researchers who lack a clear path to demonstrate skills, with realistic Solana programs designed to reflect production complexity rather than contrived examples. 

Week 1 features StakeFlow, a staking protocol with liquid and locked modes. Participants audit 16 instructions across a three-role permission system with focus areas including access control, reward calculation arithmetic, PDA validation, and CPI safety. 

Submissions are filed as GitHub Issues during a 7-day open window. The following Monday, [@0xcastle\_chain](https://x.com/0xcastle_chain?ref=blog.colosseum.com) validates and scores findings, posts results on X, and releases the next program. Late submissions are not accepted.

[**Solana Audit Arena**](https://github.com/Frankcastleauditor/Solana-Audit-Arena?ref=blog.colosseum.com)

Want early access to the latest products launching from Colosseum?

We're looking for alpha testers to be among the first to try what we're building!

[https://form.typeform.com/to/WahoPO08](https://form.typeform.com/to/WahoPO08)

# ⚡ Quick Hits

[Rust Enums Don't Serialize Themselves: What I Discovered About Memory, bytemuck, and Solana](https://x.com/inspiration_gx/status/2034353651595300884?ref=blog.colosseum.com) \- [@inspiration\_gx](https://x.com/inspiration_gx)

[Fixing the Biggest UX Problem in Crypto with KORA on Solana (video)](https://www.youtube.com/watch?v=N8o-88t7D2M&ref=blog.colosseum.com) \- [@Jonas Hahn](https://x.com/SolPlay_jonas)

[Active Accelerators & Growth Programs for Solana Builders](https://x.com/solana_stream/status/2034527576061055401?ref=blog.colosseum.com) \- [@solana\_stream](https://x.com/solana_stream)

[How hard can it be to price a token on-chain? (very)](https://x.com/0xanmol/status/2034643318651363754?ref=blog.colosseum.com) \- [@0xanmol](https://x.com/0xanmol)

[First product out of the new Solana Foundation products team is tokens.xyz](https://x.com/vibhu/status/2033592196176257125?ref=blog.colosseum.com) \- [@vibhu](https://x.com/vibhu)

[Introducing the Chewing Glass Explorer: a Solana explorer built for devs](https://x.com/redacted_noah/status/2032536255498420690?ref=blog.colosseum.com) \- [@redacted\_noah](https://x.com/redacted_noah)

# ⚙️ Tools & Resources

[x402-solana](https://www.npmjs.com/package/@quicknode/x402-solana?ref=blog.colosseum.com) lets you use Solana Kit with QuickNode's RPC with no account, API key, or subscription required. Just a Solana wallet file with some USDC and payments are made automatically per-request using the x402 protocol.

[SVM Whiteboard](https://github.com/anhbqHN24/svm-service?ref=blog.colosseum.com) is a simple educational project to demonstrate how (SVM) works written in Go, and simulates the core logic of Solana, like accounts, instructions, and memory management.

[solana-mpp](https://github.com/sendaifun/solana-mpp?ref=blog.colosseum.com) is an SPL token payment library for the Machine Payments Protocol (HTTP 402), supporting USDC, USDT, and custom tokens with on-chain  
reference key verification.

[solana-mpp-sdk](https://github.com/solana-foundation/solana-mpp-sdk?ref=blog.colosseum.com) is a TypeScript SDK implementing the Machine Payments Protocol over HTTP 402, with one-time SPL token payments and voucher-based  
streaming sessions, supporting ConnectorKit and u/solana signers.

# 💸 Funding

[VeryAI secured $10M in seed funding](https://cryptorank.io/news/feed/6c85e-veryai-secures-10m-funding-as-backers-bet-on-zk-secured-palm-scanning-to-tackle-ai-fraud?ref=blog.colosseum.com) led by Polychain Capital, with participation from Anagram, Berggren Institute, and angel investor Anatoly Yakovenko, to launch a Solana-based palm verification system using ZK proofs and Solana Attestation Service for AI fraud detection.

# 👩‍🔧 Get Hired

* Kast is hiring a [Lead Flutter Developer](https://jobs.solana.com/companies/kast-2-ea67dfad-ab09-48d0-81ed-001a66156d05/jobs/71020127-lead-flutter-developer?ref=blog.colosseum.com#content)
* Anza is hiring a [Software Engineer, Security](https://jobs.solana.com/companies/anza-2/jobs/70973923-software-engineer-security?ref=blog.colosseum.com#content)
* Veda is hiring a [Smart Contract Engineer - SVM](https://jobs.solana.com/companies/veda/jobs/70887966-smart-contract-engineer-svm?ref=blog.colosseum.com#content)
* [LI.FI](http://LI.FI) is hiring a [VP of Engineering](https://jobs.solana.com/companies/li-fi-2/jobs/70584497-vp-of-engineering?ref=blog.colosseum.com#content)

# 🎧 Listen to This

# 11AM with Seed Club

Vibhu Norby, CPO at Solana Foundation, on faster product launches, what token success looks like, AI compressing idea-to-execution cycles, and the Foundation's push into enterprise and builder distribution.

[**Vibhu Norby, Chief Product Officer at Solana Foundation**](https://www.youtube.com/watch?v=CDMr_hpselw&ref=blog.colosseum.com)

[Follow me](https://x.com/mikehale?ref=blog.colosseum.com) on X!

# Thanks for reading ✌️

I hope you found something useful here! If you have any suggestions or feedback just let me know what you think.","Colosseum Codex: Agent Hackathon Winners, P-Token, Mobile Builder Grants **Source:** [https://blog.colosseum.com/agent-hackathoin-ptoken-seeker-grants/](https://blog.colosseum.com/agent-hackathoin-ptoken-seeker-grants/)

Agent Hackathon Winners, P-Token Approved, Solana Audit Arena, Solana Mobile Builder Grants

https://preview.redd.it/901rc1z6aaqg1.png?width=960&format=png&auto=webp&s=a96378f71e2b9c84c9036a6d9d623cd3812db413

🎂Happy Birthday Solana!

Solana turned 6 this week and what a ride it's been!

From the early days of record-breaking TPS claims to the network outages that had critics writing obituaries, through the FTX collapse that tested the ecosystem's will to survive, and out the other side with a developer community that just kept building.

Six years in, Solana is processing more transactions than ever, onboarding the next wave of mobile users through Seeker, and attracting serious institutional attention.

The chaos was real, but so is what's been built. The future has never looked more exciting, and the builders aren't slowing down.

[https://x.com/solana/status/2033496751806583096](https://x.com/solana/status/2033496751806583096)

https://preview.redd.it/1p7d5oqcaaqg1.png?width=493&format=png&auto=webp&s=eeab629f732956c2085ed2e9cd76714dd855060e

**Here's what's featured in this week's issue:**

* Colosseum Announces the winners of the Solana Agent Hackathon
* P-Token (SIMD-266) has been approved
* Solana Mobile Builder SKR Grants are live
* Announcing Solana Audit Arena weekly security competition

# 🏆 Agent Hackathon Winners

Colosseum announced the winners of the Agent Hackathon, an experimental 11-day competition that attracted 1,634 OpenClaw agents and resulted in 454 completed project submissions from 753 active teams. AI, Infrastructure, and DeFi were the top project categories by volume.

Winners include: 

🥇 First Place ($50,000): [@DegenDomeSolana](https://x.com/DegenDomeSolana)  
🥈 Second Place ($30,000) AgentOS by [@0xbraindeds](https://x.com/0xbraindeds)  
🥉 Third Place ($15,000): [@blockhelix](https://x.com/blockhelix)  
🤖 Most Agentic ($5,000): [@cludebot](https://x.com/cludebot)

The competition generated 13,560 total votes split between 8,304 human votes and 5,256 agent votes, alongside 55,365 comments and nearly 7,000 forum posts. The majority of participants worked solo, with 737 independent submissions versus 16 team-based entries.

Honorable mentions go to Sentry Agent Economy, StableGuard, Solana TX Debugger, AXLE Protocol, SolShield, Murkl, Clawbook, [AgentGrind.fun](http://AgentGrind.fun), TaskForce, MoltMob, Cabal Trading, and Karma Card.

[**Announcing the winners of the Solana Agent Hackathon**](https://x.com/colosseum/status/2034666123577442394?ref=blog.colosseum.com)

# 🪙 P-Token Approved

[SIMD 266](https://github.com/solana-foundation/solana-improvement-documents/pull/266?ref=blog.colosseum.com), introducing P-Token, has been approved. P-Token is a compute-optimized replacement for the current SPL Token program, built on Pinocchio rather than a new token standard or wallet-facing change.

The compute reductions are significant. Transfer drops from 4,645 CUs to 79. Transfer\_checked drops from 6,200 to 111. Standard token operations see roughly 95% compute reduction across the board.

Three new instructions accompany the redesign: 

* \`batch\` executes multiple token instructions in a single CPI call, paying the base CPI cost once rather than per instruction.
*  \`withdraw\_excess\_lamports\` recovers SOL accidentally stuck in mint accounts. 
* \`unwrap\_lamports\` sends lamports directly to a destination without temporary native token accounts.

P-Token is a program swap, not a migration. 

It deploys at a new address implementing the same instruction set and account layouts as the existing SPL Token program. Existing mints, token accounts, and ATAs are unchanged while new mints can opt into P-Token. Protocols only need to update their CPI target to the new program ID. 

Staged deployment and feature gate activation on the cluster are expected to follow, with a targeted launch in April 2026.

[**Solana Approves SIMD-0266 Upgrade for Faster Transactions**](https://www.mexc.com/news/927421?ref=blog.colosseum.com)

# 📱 Solana Mobile Grants

Solana Mobile launched a Builder Grants program to fund teams building on Seeker and the Solana Mobile ecosystem, with 4.3B SKR staked and 100k+ active users on the dApp Store.

Two funding tracks are available: 

* Open Builder Grants for new ideas
* Requests for Proposals targeting specific gaps in developer tooling and mobile primitives.

Applicants must show mobile-first design using native Android features, Solana Mobile Stack integration (Mobile Wallet Adapter, Seed Vault), and a clear milestone timeline.

Priority projects include apps with viral or sticky retention by default, creative SKR integrations for payments, incentives, or exclusive experiences, and developer tools that lower the barrier for mobile builders. 

Selected teams receive funding, technical guidance from the Solana Mobile team, and marketing support for dApp Store launches, where new apps can reach 10,000–20,000 users within weeks.

[**Solana Mobile Builder Grants: Bring Your Best Seeker and SKR Ideas**](https://blog.solanamobile.com/post/solana-mobile-builder-grants-bring-your-best-seeker-and-skr-ideas?ref=blog.colosseum.com)

# ⚔️ Solana Audit Arena

Solana Audit Arena is a free, weekly security competition for Solana security researchers. 

Each Monday, a new Anchor program is released, built using the safe-solana-builder tool and modeled on real-world DeFi implementations, for participants to audit and find vulnerabilities.

The competition targets junior researchers who lack a clear path to demonstrate skills, with realistic Solana programs designed to reflect production complexity rather than contrived examples. 

Week 1 features StakeFlow, a staking protocol with liquid and locked modes. Participants audit 16 instructions across a three-role permission system with focus areas including access control, reward calculation arithmetic, PDA validation, and CPI safety. 

Submissions are filed as GitHub Issues during a 7-day open window. The following Monday, [@0xcastle\_chain](https://x.com/0xcastle_chain?ref=blog.colosseum.com) validates and scores findings, posts results on X, and releases the next program. Late submissions are not accepted.

[**Solana Audit Arena**](https://github.com/Frankcastleauditor/Solana-Audit-Arena?ref=blog.colosseum.com)

Want early access to the latest products launching from Colosseum?

We're looking for alpha testers to be among the first to try what we're building!

[https://form.typeform.com/to/WahoPO08](https://form.typeform.com/to/WahoPO08)

# ⚡ Quick Hits

[Rust Enums Don't Serialize Themselves: What I Discovered About Memory, bytemuck, and Solana](https://x.com/inspiration_gx/status/2034353651595300884?ref=blog.colosseum.com) \- [@inspiration\_gx](https://x.com/inspiration_gx)

[Fixing the Biggest UX Problem in Crypto with KORA on Solana (video)](https://www.youtube.com/watch?v=N8o-88t7D2M&ref=blog.colosseum.com) \- [@Jonas Hahn](https://x.com/SolPlay_jonas)

[Active Accelerators & Growth Programs for Solana Builders](https://x.com/solana_stream/status/2034527576061055401?ref=blog.colosseum.com) \- [@solana\_stream](https://x.com/solana_stream)

[How hard can it be to price a token on-chain? (very)](https://x.com/0xanmol/status/2034643318651363754?ref=blog.colosseum.com) \- [@0xanmol](https://x.com/0xanmol)

[First product out of the new Solana Foundation products team is tokens.xyz](https://x.com/vibhu/status/2033592196176257125?ref=blog.colosseum.com) \- [@vibhu](https://x.com/vibhu)

[Introducing the Chewing Glass Explorer: a Solana explorer built for devs](https://x.com/redacted_noah/status/2032536255498420690?ref=blog.colosseum.com) \- [@redacted\_noah](https://x.com/redacted_noah)

# ⚙️ Tools & Resources

[x402-solana](https://www.npmjs.com/package/@quicknode/x402-solana?ref=blog.colosseum.com) lets you use Solana Kit with QuickNode's RPC with no account, API key, or subscription required. Just a Solana wallet file with some USDC and payments are made automatically per-request using the x402 protocol.

[SVM Whiteboard](https://github.com/anhbqHN24/svm-service?ref=blog.colosseum.com) is a simple educational project to demonstrate how (SVM) works written in Go, and simulates the core logic of Solana, like accounts, instructions, and memory management.

[solana-mpp](https://github.com/sendaifun/solana-mpp?ref=blog.colosseum.com) is an SPL token payment library for the Machine Payments Protocol (HTTP 402), supporting USDC, USDT, and custom tokens with on-chain  
reference key verification.

[solana-mpp-sdk](https://github.com/solana-foundation/solana-mpp-sdk?ref=blog.colosseum.com) is a TypeScript SDK implementing the Machine Payments Protocol over HTTP 402, with one-time SPL token payments and voucher-based  
streaming sessions, supporting ConnectorKit and u/solana signers.

# 💸 Funding

[VeryAI secured $10M in seed funding](https://cryptorank.io/news/feed/6c85e-veryai-secures-10m-funding-as-backers-bet-on-zk-secured-palm-scanning-to-tackle-ai-fraud?ref=blog.colosseum.com) led by Polychain Capital, with participation from Anagram, Berggren Institute, and angel investor Anatoly Yakovenko, to launch a Solana-based palm verification system using ZK proofs and Solana Attestation Service for AI fraud detection.

# 👩‍🔧 Get Hired

* Kast is hiring a [Lead Flutter Developer](https://jobs.solana.com/companies/kast-2-ea67dfad-ab09-48d0-81ed-001a66156d05/jobs/71020127-lead-flutter-developer?ref=blog.colosseum.com#content)
* Anza is hiring a [Software Engineer, Security](https://jobs.solana.com/companies/anza-2/jobs/70973923-software-engineer-security?ref=blog.colosseum.com#content)
* Veda is hiring a [Smart Contract Engineer - SVM](https://jobs.solana.com/companies/veda/jobs/70887966-smart-contract-engineer-svm?ref=blog.colosseum.com#content)
* [LI.FI](http://LI.FI) is hiring a [VP of Engineering](https://jobs.solana.com/companies/li-fi-2/jobs/70584497-vp-of-engineering?ref=blog.colosseum.com#content)

# 🎧 Listen to This

# 11AM with Seed Club

Vibhu Norby, CPO at Solana Foundation, on faster product launches, what token success looks like, AI compressing idea-to-execution cycles, and the Foundation's push into enterprise and builder distribution.

[**Vibhu Norby, Chief Product Officer at Solana Foundation**](https://www.youtube.com/watch?v=CDMr_hpselw&ref=blog.colosseum.com)

[Follow me](https://x.com/mikehale?ref=blog.colosseum.com) on X!

# Thanks for reading ✌️

I hope you found something useful here! If you have any suggestions or feedback just let me know what you think.",4,2,Solana,https://reddit.com/r/solana/comments/1rzbsuy/colosseum_codex_agent_hackathon_winners_ptoken/
1rzc077,2026-03-20,2026-03-20T23:35:24+00:00,Active Accelerators & Growth Programs For Solana Builders (By @Solana Stream),"**Source:** [https://x.com/solana\_stream/status/2034527576061055401](https://x.com/solana_stream/status/2034527576061055401)

Active Accelerators & Growth Programs for Solana Builders  
  
**1.** [@colosseum](https://x.com/colosseum) : Largest Solana hackathon-to-accelerator platform, top teams receive $250k funding, elite mentorship, and a powerful network.   
  
**2.** [@incubator](https://x.com/incubator): Selective 3-month in-person program in NYC with hands-on mentorship directly from the Solana Labs team (no equity taken).  
\- Cohort 4 just launched, featuring [@solomon\_labs](https://x.com/solomon_labs), [@TradeNeutral](https://x.com/TradeNeutral), [@fractalsdotfun](https://x.com/fractalsdotfun), [@0xspout](https://x.com/0xspout), [@CoralOS\_ai](https://x.com/CoralOS_ai).  
\- Cohort 5 applications open in May 2026.  
  
**3.** [@encodeclub](https://x.com/encodeclub) x Solana Accelerator: 8-week online program offering 1-1 mentorship, workshops from Solana founders, and structured support for early-stage projects.  
  
**4.** [@XFounders\_camp](https://x.com/XFounders_camp): High-intensity IRL bootcamp accelerator for Web3 & Solana projects, powered by Solana Foundation, with strong mentorship and investor access.  
  
**5.** [@SafePal](https://x.com/SafePal) x Solana Builder Growth Grant: $3M non-dilutive growth program offering hardware wallet sponsorships ($2M) and marketing exposure ($1M) to help Solana projects scale users, retention, and visibility. Applications open until Dec 31, 2026.   
  
**6.** [@superteam](https://x.com/superteam): Strong community with grants and support to help you apply and scale on Solana.  


**7.** [@ycombinator](https://x.com/ycombinator) (YC): Iconic top-tier accelerator providing $500k, now accepts funding in USDC on Solana.   
  
**8.** a16z Speedrun ([@speedrun](https://x.com/speedrun)): Fast-paced 12-week program with up to $1M direct investment from a16z and hands-on mentorship for crypto/Solana startups.  
  
**9.** [@BoostVC](https://x.com/BoostVC): Crypto-native pre-seed accelerator that leads up to $500k for bold Solana and blockchain ideas.  
  
**10.** [@Techstars](https://x.com/Techstars): Global accelerator network offering $220k with active Web3/crypto tracks that support Solana projects.

  
Which one are you targeting? Drop your project vertical below!

https://preview.redd.it/lenad1kkcaqg1.png?width=680&format=png&auto=webp&s=3b08450fc7725039c680e0ea492df0b89e7e374b

  


","Active Accelerators & Growth Programs For Solana Builders (By @Solana Stream) **Source:** [https://x.com/solana\_stream/status/2034527576061055401](https://x.com/solana_stream/status/2034527576061055401)

Active Accelerators & Growth Programs for Solana Builders  
  
**1.** [@colosseum](https://x.com/colosseum) : Largest Solana hackathon-to-accelerator platform, top teams receive $250k funding, elite mentorship, and a powerful network.   
  
**2.** [@incubator](https://x.com/incubator): Selective 3-month in-person program in NYC with hands-on mentorship directly from the Solana Labs team (no equity taken).  
\- Cohort 4 just launched, featuring [@solomon\_labs](https://x.com/solomon_labs), [@TradeNeutral](https://x.com/TradeNeutral), [@fractalsdotfun](https://x.com/fractalsdotfun), [@0xspout](https://x.com/0xspout), [@CoralOS\_ai](https://x.com/CoralOS_ai).  
\- Cohort 5 applications open in May 2026.  
  
**3.** [@encodeclub](https://x.com/encodeclub) x Solana Accelerator: 8-week online program offering 1-1 mentorship, workshops from Solana founders, and structured support for early-stage projects.  
  
**4.** [@XFounders\_camp](https://x.com/XFounders_camp): High-intensity IRL bootcamp accelerator for Web3 & Solana projects, powered by Solana Foundation, with strong mentorship and investor access.  
  
**5.** [@SafePal](https://x.com/SafePal) x Solana Builder Growth Grant: $3M non-dilutive growth program offering hardware wallet sponsorships ($2M) and marketing exposure ($1M) to help Solana projects scale users, retention, and visibility. Applications open until Dec 31, 2026.   
  
**6.** [@superteam](https://x.com/superteam): Strong community with grants and support to help you apply and scale on Solana.  


**7.** [@ycombinator](https://x.com/ycombinator) (YC): Iconic top-tier accelerator providing $500k, now accepts funding in USDC on Solana.   
  
**8.** a16z Speedrun ([@speedrun](https://x.com/speedrun)): Fast-paced 12-week program with up to $1M direct investment from a16z and hands-on mentorship for crypto/Solana startups.  
  
**9.** [@BoostVC](https://x.com/BoostVC): Crypto-native pre-seed accelerator that leads up to $500k for bold Solana and blockchain ideas.  
  
**10.** [@Techstars](https://x.com/Techstars): Global accelerator network offering $220k with active Web3/crypto tracks that support Solana projects.

  
Which one are you targeting? Drop your project vertical below!

https://preview.redd.it/lenad1kkcaqg1.png?width=680&format=png&auto=webp&s=3b08450fc7725039c680e0ea492df0b89e7e374b",5,1,Solana,https://reddit.com/r/solana/comments/1rzc077/active_accelerators_growth_programs_for_solana/
1rzcewd,2026-03-20,2026-03-20T23:52:13+00:00,"Introducing The Chewing Glass Explorer, A Solana Explorer Built For Devs","**Source:** https://x.com/redacted\_noah/status/2032536255498420690? 

**(1/?)** Introducing the Chewing Glass Explorer, a Solana explorer built for devs. I got tired of explorers, so this week I decided to vibecode my own.  
  
Sol is basically a graph database, devs want to be able to explore the full context of accounts without a million clicks.

https://preview.redd.it/sztt10o3faqg1.png?width=680&format=png&auto=webp&s=0e9059b1edb8c132eaf228e74983de6019b4d988

**(2/?)** One of the biggest annoyance from explorers is that we have rich IDLs, and they do basically nothing with them. PDAs are the basis of hundreds of programs. They're handy foreign keys. And yet, we can't derive them in UIs and we can't explore based on them. What a nightmare! No more!

https://preview.redd.it/5mrd36s6faqg1.png?width=680&format=png&auto=webp&s=42f421dc73e3d145ff221a2357f3e6d1d9fe398f

**(3/?)** Have a PDA that you always want to see on top of an account? Add a rule that derives a PDA on that type of account. You can see here where I derived a custom ""Mobile Hotspot Info"" that attaches to a KeyToAssetV0 via a PDA that uses KeyToAssetV0.asset.  
  
You might add one that puts a metaplex token metadata on every token mint it sees.

https://preview.redd.it/pft7s6h8faqg1.png?width=679&format=png&auto=webp&s=a2b0d600ba1e83071ad02bef66ee2ce40059cef3

**(4/?)** Another thing that annoyed the hell out of me was that Solscan is the only explorer that shows you what instructions are in a tx before you click it. Fixed that too. No more clicking into each tx to figure out if it's the right one. Thanks [@Helius](https://x.com/Helius) for the tx history API

https://preview.redd.it/7d0bqq6bfaqg1.png?width=635&format=png&auto=webp&s=176d6cb29ea1b452e3e8ae9e3cbdfbbf0fb7223b

**(5/?)** Probably most game changing feature is the transaction view. As a Dev, usually, I'm figuring out why a tx failed. First I want to see the logs. Then, I want to drill into the actual account data all side by side to figure why it failed. Now this is all in the same context instead of clicking across 17 different tabs looking at different account's anchor data.  
  
Existing explorers make you scroll like mad, expand accordions, and click 15 times just to find the information you need. Fine for a non-dev, horrific as a dev.  
  
The explorer pulls in all the accounts in the instruction and forms a graph based on the IDL. Missing context? Just click a pubkey and it'll pull that account in. No need to open another tab.

https://preview.redd.it/haf92v1dfaqg1.png?width=680&format=png&auto=webp&s=652cbc740bc0127e5dddb4ef35288fd6e7c4e4b9

**(6/?)** Shareable configuration. Account labels, PDAs, searches are all saved in json in local storage. You can download, mess with, and re-upload at will. This app doesn't require a login. Just keep your settings in local storage or save them elsewhere.

https://preview.redd.it/hj1aa5mffaqg1.png?width=152&format=png&auto=webp&s=dfc8f2dababd40d3a109114c9f0c06ede4bc4b00

**(7/?)** The only thing you need to do for it to work? Upload your IDLs.  
  
If you don't upload the IDL for your program, this debugging tool wont work for you. And that's a good thing! People who don't upload their IDLs are scum and deserve to have a hard time debugging.



**(8/?)** So here it is, the chewing glass explorer. Brand new, vibecoded, and probably a little buggy. But I'll be iterating on it as my primary explorer for a while to come. Feel free to dm if you have issues.

[https://explorer.chewing.glass/](https://explorer.chewing.glass/)

https://preview.redd.it/7b8f5e4jfaqg1.png?width=505&format=png&auto=webp&s=480b475d1902098a8d0eed458ea4f7e571876ca0

","Introducing The Chewing Glass Explorer, A Solana Explorer Built For Devs **Source:** https://x.com/redacted\_noah/status/2032536255498420690? 

**(1/?)** Introducing the Chewing Glass Explorer, a Solana explorer built for devs. I got tired of explorers, so this week I decided to vibecode my own.  
  
Sol is basically a graph database, devs want to be able to explore the full context of accounts without a million clicks.

https://preview.redd.it/sztt10o3faqg1.png?width=680&format=png&auto=webp&s=0e9059b1edb8c132eaf228e74983de6019b4d988

**(2/?)** One of the biggest annoyance from explorers is that we have rich IDLs, and they do basically nothing with them. PDAs are the basis of hundreds of programs. They're handy foreign keys. And yet, we can't derive them in UIs and we can't explore based on them. What a nightmare! No more!

https://preview.redd.it/5mrd36s6faqg1.png?width=680&format=png&auto=webp&s=42f421dc73e3d145ff221a2357f3e6d1d9fe398f

**(3/?)** Have a PDA that you always want to see on top of an account? Add a rule that derives a PDA on that type of account. You can see here where I derived a custom ""Mobile Hotspot Info"" that attaches to a KeyToAssetV0 via a PDA that uses KeyToAssetV0.asset.  
  
You might add one that puts a metaplex token metadata on every token mint it sees.

https://preview.redd.it/pft7s6h8faqg1.png?width=679&format=png&auto=webp&s=a2b0d600ba1e83071ad02bef66ee2ce40059cef3

**(4/?)** Another thing that annoyed the hell out of me was that Solscan is the only explorer that shows you what instructions are in a tx before you click it. Fixed that too. No more clicking into each tx to figure out if it's the right one. Thanks [@Helius](https://x.com/Helius) for the tx history API

https://preview.redd.it/7d0bqq6bfaqg1.png?width=635&format=png&auto=webp&s=176d6cb29ea1b452e3e8ae9e3cbdfbbf0fb7223b

**(5/?)** Probably most game changing feature is the transaction view. As a Dev, usually, I'm figuring out why a tx failed. First I want to see the logs. Then, I want to drill into the actual account data all side by side to figure why it failed. Now this is all in the same context instead of clicking across 17 different tabs looking at different account's anchor data.  
  
Existing explorers make you scroll like mad, expand accordions, and click 15 times just to find the information you need. Fine for a non-dev, horrific as a dev.  
  
The explorer pulls in all the accounts in the instruction and forms a graph based on the IDL. Missing context? Just click a pubkey and it'll pull that account in. No need to open another tab.

https://preview.redd.it/haf92v1dfaqg1.png?width=680&format=png&auto=webp&s=652cbc740bc0127e5dddb4ef35288fd6e7c4e4b9

**(6/?)** Shareable configuration. Account labels, PDAs, searches are all saved in json in local storage. You can download, mess with, and re-upload at will. This app doesn't require a login. Just keep your settings in local storage or save them elsewhere.

https://preview.redd.it/hj1aa5mffaqg1.png?width=152&format=png&auto=webp&s=dfc8f2dababd40d3a109114c9f0c06ede4bc4b00

**(7/?)** The only thing you need to do for it to work? Upload your IDLs.  
  
If you don't upload the IDL for your program, this debugging tool wont work for you. And that's a good thing! People who don't upload their IDLs are scum and deserve to have a hard time debugging.



**(8/?)** So here it is, the chewing glass explorer. Brand new, vibecoded, and probably a little buggy. But I'll be iterating on it as my primary explorer for a while to come. Feel free to dm if you have issues.

[https://explorer.chewing.glass/](https://explorer.chewing.glass/)

https://preview.redd.it/7b8f5e4jfaqg1.png?width=505&format=png&auto=webp&s=480b475d1902098a8d0eed458ea4f7e571876ca0",9,1,Solana,https://reddit.com/r/solana/comments/1rzcewd/introducing_the_chewing_glass_explorer_a_solana/
1rzckum,2026-03-20,2026-03-20T23:59:20+00:00,AkcaVPN is now offically on Solana Mobile,"AkcaVPN is now live on the dApp store! 🎉

This marks the first real step into the world after a long development journey, and we’re genuinely thrilled.

 We’re already working hard on continuous improvements and the next version

 (especially on the Seeker side).



Right now with version **1.0.1**, privacy is just one Solana transfer away and you can use it on **Windows**, **macOS**, **iOS**, **Android (APK + dApp store)**.

You might be wondering:

*  **What makes AkcaVPN different from other VPNs** **?**
*  **Why post this in the** r/Solana **?**

The whole reason AkcaVPN exists is because traditional login methods (email, wallet-based, etc.) compromise user privacy. So we removed them entirely

That’s why we built **NFT Authentication on Solana**:

1. When you purchase a membership through **AkcaVPN**, an **NFT** is minted and sent directly to your wallet.
2. **That NFT is your login identity.**
3. You can transfer it to another wallet, gift it to a friend; whoever holds the NFT can log in and use the **VPN** on any device.
4. No emails. No password.

When we first said ""we’re building a privacy tool with NFTs"", we got some mixed reactions.

**but our stance is clear:** 

We refuse to reduce privacy to email addresses or wallet based' login methods.

**Our vision:**  
Break the VPN market’s centralization/monopoly problem by growing together with the blockchain ecosystem offering more transparent, truly private, and user own connectivity.

Our goal is simple  
One-tap login + one-click connect. That’s it delightful privacy experience.

To celebrate our launch on the **Solana Mobile** dApp store, 

we’re dropping **5 serial numbers** down mention for free trials.

If you test it and share your feedback, we’d really appreciate it.

Thanks for the support, Solana fam! ❤️","AkcaVPN is now offically on Solana Mobile AkcaVPN is now live on the dApp store! 🎉

This marks the first real step into the world after a long development journey, and we’re genuinely thrilled.

 We’re already working hard on continuous improvements and the next version

 (especially on the Seeker side).



Right now with version **1.0.1**, privacy is just one Solana transfer away and you can use it on **Windows**, **macOS**, **iOS**, **Android (APK + dApp store)**.

You might be wondering:

*  **What makes AkcaVPN different from other VPNs** **?**
*  **Why post this in the** r/Solana **?**

The whole reason AkcaVPN exists is because traditional login methods (email, wallet-based, etc.) compromise user privacy. So we removed them entirely

That’s why we built **NFT Authentication on Solana**:

1. When you purchase a membership through **AkcaVPN**, an **NFT** is minted and sent directly to your wallet.
2. **That NFT is your login identity.**
3. You can transfer it to another wallet, gift it to a friend; whoever holds the NFT can log in and use the **VPN** on any device.
4. No emails. No password.

When we first said ""we’re building a privacy tool with NFTs"", we got some mixed reactions.

**but our stance is clear:** 

We refuse to reduce privacy to email addresses or wallet based' login methods.

**Our vision:**  
Break the VPN market’s centralization/monopoly problem by growing together with the blockchain ecosystem offering more transparent, truly private, and user own connectivity.

Our goal is simple  
One-tap login + one-click connect. That’s it delightful privacy experience.

To celebrate our launch on the **Solana Mobile** dApp store, 

we’re dropping **5 serial numbers** down mention for free trials.

If you test it and share your feedback, we’d really appreciate it.

Thanks for the support, Solana fam! ❤️",10,2,Solana,https://reddit.com/r/solana/comments/1rzckum/akcavpn_is_now_offically_on_solana_mobile/
1rz5gl6,2026-03-20,2026-03-20T19:16:47+00:00,What would you have in your Solana Villa?,"https://reddit.com/link/1rz5gl6/video/q0qdd0lf29qg1/player

I would def have a sol themed gaming room or a terminal.","What would you have in your Solana Villa? https://reddit.com/link/1rz5gl6/video/q0qdd0lf29qg1/player

I would def have a sol themed gaming room or a terminal.",13,8,Solana,https://reddit.com/r/solana/comments/1rz5gl6/what_would_you_have_in_your_solana_villa/
1rzcl50,2026-03-20,2026-03-20T23:59:43+00:00,Which is the fastest copy trading bot on Sol?,"Been testing a few Solana copy trading bots lately and one thing became really obvious

Speed matters way more than I expected

At first I thought picking the right wallets was everything, but even when I followed solid wallets, I kept getting worse entries just because of delay. It didn’t look like a big deal at first but it adds up fast

Now I’m more focused on finding the fastest copy trading bot rather than just features or UI. When trades land closer to the same timing as the wallet, the difference is actually noticeable

Curious what others here prioritize more, speed or wallet selection?","Which is the fastest copy trading bot on Sol? Been testing a few Solana copy trading bots lately and one thing became really obvious

Speed matters way more than I expected

At first I thought picking the right wallets was everything, but even when I followed solid wallets, I kept getting worse entries just because of delay. It didn’t look like a big deal at first but it adds up fast

Now I’m more focused on finding the fastest copy trading bot rather than just features or UI. When trades land closer to the same timing as the wallet, the difference is actually noticeable

Curious what others here prioritize more, speed or wallet selection?",15,35,Solana,https://reddit.com/r/solana/comments/1rzcl50/which_is_the_fastest_copy_trading_bot_on_sol/
1ry9d68,2026-03-19,2026-03-19T19:01:44+00:00,"Solana Agents Can Now Pay For Alchemy APIs With USDC. No Account, No Signup","**Source:** [https://x.com/Alchemy/status/2034685527455408447](https://x.com/Alchemy/status/2034685527455408447)

🤖 [@solana](https://x.com/solana) agents can now pay for Alchemy APIs with [@USDC](https://x.com/USDC). No account, no signup.  
  
Pay-as-you-go via x402. 🧵

https://reddit.com/link/1ry9d68/video/87vng7vju1qg1/player

Agents can now tap into our [@Solana](https://x.com/solana) infrastructure that powers teams like [@circle](https://x.com/circle), [@robinhoodapp](https://x.com/RobinhoodApp) and [@trustwallet](https://x.com/TrustWallet) with 99.99% uptime, 2x the throughput, and 20x faster archival data.  
All with a single [@USDC](https://x.com/USDC) payment.

  
We're always building for the Solana community 💙 More coming soon.  
👉 x402 Solana support is live in beta:

[https://agents.alchemy.com/](https://agents.alchemy.com/)

https://preview.redd.it/2yjybfqou1qg1.png?width=680&format=png&auto=webp&s=19d190233fb86b0e76a188f3ae56b9f28b6f8758

","Solana Agents Can Now Pay For Alchemy APIs With USDC. No Account, No Signup **Source:** [https://x.com/Alchemy/status/2034685527455408447](https://x.com/Alchemy/status/2034685527455408447)

🤖 [@solana](https://x.com/solana) agents can now pay for Alchemy APIs with [@USDC](https://x.com/USDC). No account, no signup.  
  
Pay-as-you-go via x402. 🧵

https://reddit.com/link/1ry9d68/video/87vng7vju1qg1/player

Agents can now tap into our [@Solana](https://x.com/solana) infrastructure that powers teams like [@circle](https://x.com/circle), [@robinhoodapp](https://x.com/RobinhoodApp) and [@trustwallet](https://x.com/TrustWallet) with 99.99% uptime, 2x the throughput, and 20x faster archival data.  
All with a single [@USDC](https://x.com/USDC) payment.

  
We're always building for the Solana community 💙 More coming soon.  
👉 x402 Solana support is live in beta:

[https://agents.alchemy.com/](https://agents.alchemy.com/)

https://preview.redd.it/2yjybfqou1qg1.png?width=680&format=png&auto=webp&s=19d190233fb86b0e76a188f3ae56b9f28b6f8758",9,3,Solana,https://reddit.com/r/solana/comments/1ry9d68/solana_agents_can_now_pay_for_alchemy_apis_with/
1ry3wu5,2026-03-19,2026-03-19T15:42:56+00:00,Best Coworking Spaces in London for Tech Founders & Developers,,Best Coworking Spaces in London for Tech Founders & Developers,3,1,Solana,https://reddit.com/r/solana/comments/1ry3wu5/best_coworking_spaces_in_london_for_tech_founders/
1rxt6br,2026-03-19,2026-03-19T06:44:18+00:00,How are you handling taxes for pump.fun trades?,"Made a bunch of small trades on [pump.fun](https://pump.fun/) last year and I'm dreading the tax side of it. Existing tools seem to either miss them entirely or can't figure out the cost basis. Curious what others are doing. Just manually entering them, using a specific tool, or ignoring it and hoping for the best?","How are you handling taxes for pump.fun trades? Made a bunch of small trades on [pump.fun](https://pump.fun/) last year and I'm dreading the tax side of it. Existing tools seem to either miss them entirely or can't figure out the cost basis. Curious what others are doing. Just manually entering them, using a specific tool, or ignoring it and hoping for the best?",7,16,Solana,https://reddit.com/r/solana/comments/1rxt6br/how_are_you_handling_taxes_for_pumpfun_trades/
1ry19eb,2026-03-19,2026-03-19T14:03:25+00:00,📢  Solana Digest (March 16 – March 18),,📢  Solana Digest (March 16 – March 18),10,1,Solana,https://reddit.com/r/solana/comments/1ry19eb/solana_digest_march_16_march_18/
1rydjzs,2026-03-19,2026-03-19T21:49:29+00:00,Colosseum Announces Winners of Solana Agent Hackathon,"Colosseum has revealed the winners of the groundbreaking Solana Agent Hackathon, the first major competition focused on autonomous AI agents building on Solana.   
The event attracted 1,614 registrations and 454 submitted projects, with over 13,500 combined human and agent votes.  


Top honors went to:

* 1st place ($50,000) — DegenDomeSolana
* 2nd place ($30,000) — AgentOS by 0xbraindeds
* 3rd place ($15,000) — BlockHelix
* Most Agentic ($5,000) — CludeBot

This experimental hackathon highlights Solana’s leadership in merging AI and blockchain innovation.

[https://x.com/colosseum/status/2034666123577442394](https://x.com/colosseum/status/2034666123577442394)","Colosseum Announces Winners of Solana Agent Hackathon Colosseum has revealed the winners of the groundbreaking Solana Agent Hackathon, the first major competition focused on autonomous AI agents building on Solana.   
The event attracted 1,614 registrations and 454 submitted projects, with over 13,500 combined human and agent votes.  


Top honors went to:

* 1st place ($50,000) — DegenDomeSolana
* 2nd place ($30,000) — AgentOS by 0xbraindeds
* 3rd place ($15,000) — BlockHelix
* Most Agentic ($5,000) — CludeBot

This experimental hackathon highlights Solana’s leadership in merging AI and blockchain innovation.

[https://x.com/colosseum/status/2034666123577442394](https://x.com/colosseum/status/2034666123577442394)",11,1,Solana,https://reddit.com/r/solana/comments/1rydjzs/colosseum_announces_winners_of_solana_agent/
1ry5krx,2026-03-19,2026-03-19T16:44:44+00:00,I just got into a fast-track incubator for my project. Need a Business Partner to help me close the $125k seed check.,"Hey everyone,

I’m looking for a Business Co-Founder to join me on a project called **Keystone OS**. We just finished a 10-day sprint and were officially selected for the **Soonami EIR Cohort**.

**The Problem:**  
If you’ve ever managed a DAO treasury or a crypto fund, you know it’s a nightmare. You’re constantly jumping between 10 different tabs just to make one trade. It’s slow, it’s messy, and it’s easy to make expensive mistakes.

**The Solution:**  
I’ve built a ""Command Line"" for the blockchain. Instead of 20 manual clicks, you just type what you want to do (e.g., ""Swap 500 SOL, bridge half to Base, and stake the rest for yield""). Our AI builds the plan, simulates it to make sure it’s safe, and gives you a simple report to sign. The tech is already live and working.

**The Deal:**  
This is a **3-month fast-track to investment**. No jokes and no delays. Since we’re already in the cohort, the path is clear, we ship for 90 days and then pitch for a **$125,000 seed investment**.

**Who I need:**  
I’ve handled the tech, the AI, and the product. I need a partner to own the business side:

* **The Pitch:** You’re great at storytelling and talking to investors.
* **The Hustle:** You can help find our first big customers (DAOs and Funds).
* **The Knowledge:** You actually understand Solana and how DAOs work.

We will sign apartner agreement and start moving.

If you’re ready to build something real and chase this $125k check with me, DM me with your background.","I just got into a fast-track incubator for my project. Need a Business Partner to help me close the $125k seed check. Hey everyone,

I’m looking for a Business Co-Founder to join me on a project called **Keystone OS**. We just finished a 10-day sprint and were officially selected for the **Soonami EIR Cohort**.

**The Problem:**  
If you’ve ever managed a DAO treasury or a crypto fund, you know it’s a nightmare. You’re constantly jumping between 10 different tabs just to make one trade. It’s slow, it’s messy, and it’s easy to make expensive mistakes.

**The Solution:**  
I’ve built a ""Command Line"" for the blockchain. Instead of 20 manual clicks, you just type what you want to do (e.g., ""Swap 500 SOL, bridge half to Base, and stake the rest for yield""). Our AI builds the plan, simulates it to make sure it’s safe, and gives you a simple report to sign. The tech is already live and working.

**The Deal:**  
This is a **3-month fast-track to investment**. No jokes and no delays. Since we’re already in the cohort, the path is clear, we ship for 90 days and then pitch for a **$125,000 seed investment**.

**Who I need:**  
I’ve handled the tech, the AI, and the product. I need a partner to own the business side:

* **The Pitch:** You’re great at storytelling and talking to investors.
* **The Hustle:** You can help find our first big customers (DAOs and Funds).
* **The Knowledge:** You actually understand Solana and how DAOs work.

We will sign apartner agreement and start moving.

If you’re ready to build something real and chase this $125k check with me, DM me with your background.",0,14,Solana,https://reddit.com/r/solana/comments/1ry5krx/i_just_got_into_a_fasttrack_incubator_for_my/
1ry968k,2026-03-19,2026-03-19T18:54:41+00:00,Solana Mobile Builder Grants: Bring Your Best Seeker and SKR Ideas,"**Source:** [https://x.com/solanamobile/status/2034675043033375103](https://x.com/solanamobile/status/2034675043033375103)

Solana Mobile Builder Grants are live.

4.3B SKR staked.

100k+ power users.

The ecosystem is accelerating, and we're funding the builders pushing it further.

Here's what you need to know 🧵

https://preview.redd.it/rcmmfclht1qg1.png?width=680&format=png&auto=webp&s=e6b0f3e4d509451f53f8bb156502b41f7a316367

There are two ways we fund builders:

1️⃣ Builder Grants: open applications for new ideas to grow Seeker and the Solana Mobile ecosystem

2️⃣ Requests for Proposals (RFPs): specific gaps we want to see filled, from dev tooling to new mobile primitives

Both exist to help great builders ship.

  
What we're looking for:  
  
↳ Apps that feel viral or sticky by default  
↳ Creative SKR integrations — incentives, payments, exclusive experiences  
↳ Dev tools that unlock more builders on Solana Mobile  
↳ Products that genuinely improve the Seeker experience

https://preview.redd.it/pxqkgrljt1qg1.png?width=679&format=png&auto=webp&s=a3b3087720f8875bcef891eec0e240a10b59e95a

Selected teams get:  
  
↳ Funding  
↳ Technical guidance from the Solana Mobile team  
↳ Marketing support for your dApp Store launch  
  
The goal is simple: help great mobile products reach real users, faster.

  
Grant applications are reviewed on a rolling basis. Responses can take 4–6 weeks or longer depending on volume.

Build something worth Seeking.

More info and apply 👇

[https://blog.solanamobile.com/post/solana-mobile-builder-grants-bring-your-best-seeker-and-skr-ideas](https://blog.solanamobile.com/post/solana-mobile-builder-grants-bring-your-best-seeker-and-skr-ideas)

https://preview.redd.it/tzuo5ehlt1qg1.png?width=680&format=png&auto=webp&s=e078c9ca2b31b121aa8dbcfd4b5858100b20012a

","Solana Mobile Builder Grants: Bring Your Best Seeker and SKR Ideas **Source:** [https://x.com/solanamobile/status/2034675043033375103](https://x.com/solanamobile/status/2034675043033375103)

Solana Mobile Builder Grants are live.

4.3B SKR staked.

100k+ power users.

The ecosystem is accelerating, and we're funding the builders pushing it further.

Here's what you need to know 🧵

https://preview.redd.it/rcmmfclht1qg1.png?width=680&format=png&auto=webp&s=e6b0f3e4d509451f53f8bb156502b41f7a316367

There are two ways we fund builders:

1️⃣ Builder Grants: open applications for new ideas to grow Seeker and the Solana Mobile ecosystem

2️⃣ Requests for Proposals (RFPs): specific gaps we want to see filled, from dev tooling to new mobile primitives

Both exist to help great builders ship.

  
What we're looking for:  
  
↳ Apps that feel viral or sticky by default  
↳ Creative SKR integrations — incentives, payments, exclusive experiences  
↳ Dev tools that unlock more builders on Solana Mobile  
↳ Products that genuinely improve the Seeker experience

https://preview.redd.it/pxqkgrljt1qg1.png?width=679&format=png&auto=webp&s=a3b3087720f8875bcef891eec0e240a10b59e95a

Selected teams get:  
  
↳ Funding  
↳ Technical guidance from the Solana Mobile team  
↳ Marketing support for your dApp Store launch  
  
The goal is simple: help great mobile products reach real users, faster.

  
Grant applications are reviewed on a rolling basis. Responses can take 4–6 weeks or longer depending on volume.

Build something worth Seeking.

More info and apply 👇

[https://blog.solanamobile.com/post/solana-mobile-builder-grants-bring-your-best-seeker-and-skr-ideas](https://blog.solanamobile.com/post/solana-mobile-builder-grants-bring-your-best-seeker-and-skr-ideas)

https://preview.redd.it/tzuo5ehlt1qg1.png?width=680&format=png&auto=webp&s=e078c9ca2b31b121aa8dbcfd4b5858100b20012a",8,5,Solana,https://reddit.com/r/solana/comments/1ry968k/solana_mobile_builder_grants_bring_your_best/
1rycat3,2026-03-19,2026-03-19T21:01:39+00:00,Survived another cycle! The reality of 8 years in crypto,"It is genuinely crazy to sit back and think that I've been actively trading in this space since late 2017. If you had told me back then about half the things we've lived through, I would have called you insane. I've watched the ICO craze turn to dust, the DeFi summer print millionaires overnight, and the absolute bloodbath of the FTX and Celsius collapses.
When you first get into crypto, all you care about is finding that next 100x gem. You chase yield, you jump into sketchy liquidity pools, and you ignore all the red flags. But after you survive a few brutal bear markets, your priorities shift entirely. Honestly, longevity is the only metric I actually care about now. If an exchange or a project has been around for multiple full four-year cycles, I trust them infinitely more than the flavor of the month.
I was looking at the charts today and noticed BitMart is running their 8th-anniversary events. It kind of hit me. 8 years in the crypto industry is the equivalent of 80 years in traditional finance. Surviving the regulatory crackdowns, the hacks that wiped out competitors, and the immense volatility takes serious infrastructure. For all the new guys here: stop chasing the 40% APY on platforms that launched three months ago. Stick to the survivors, secure your seed phrases, and use exchanges that have actually proven they can weather the storm.","Survived another cycle! The reality of 8 years in crypto It is genuinely crazy to sit back and think that I've been actively trading in this space since late 2017. If you had told me back then about half the things we've lived through, I would have called you insane. I've watched the ICO craze turn to dust, the DeFi summer print millionaires overnight, and the absolute bloodbath of the FTX and Celsius collapses.
When you first get into crypto, all you care about is finding that next 100x gem. You chase yield, you jump into sketchy liquidity pools, and you ignore all the red flags. But after you survive a few brutal bear markets, your priorities shift entirely. Honestly, longevity is the only metric I actually care about now. If an exchange or a project has been around for multiple full four-year cycles, I trust them infinitely more than the flavor of the month.
I was looking at the charts today and noticed BitMart is running their 8th-anniversary events. It kind of hit me. 8 years in the crypto industry is the equivalent of 80 years in traditional finance. Surviving the regulatory crackdowns, the hacks that wiped out competitors, and the immense volatility takes serious infrastructure. For all the new guys here: stop chasing the 40% APY on platforms that launched three months ago. Stick to the survivors, secure your seed phrases, and use exchanges that have actually proven they can weather the storm.",18,18,Solana,https://reddit.com/r/solana/comments/1rycat3/survived_another_cycle_the_reality_of_8_years_in/
1rwycxx,2026-03-18,2026-03-18T08:40:43+00:00,The official Backpack token ticker and address have been revealed,,The official Backpack token ticker and address have been revealed,19,2,Solana,https://reddit.com/r/solana/comments/1rwycxx/the_official_backpack_token_ticker_and_address/
1rwwnno,2026-03-18,2026-03-18T06:53:12+00:00,SEC Classifies SOL as Digital Commodity in Landmark Crypto Taxonomy,"The U.S. Securities and Exchange Commission today issued a groundbreaking interpretation classifying Solana (SOL) as a digital commodity, alongside Bitcoin (BTC) and Ethereum (ETH).   
  
This new token taxonomy confirms most crypto assets are not securities, providing long-awaited regulatory clarity and fostering innovation in the blockchain ecosystem.

SOL is not a security.

[https://www.sec.gov/newsroom/press-releases/2026-30-sec-clarifies-application-federal-securities-laws-crypto-assets](https://www.sec.gov/newsroom/press-releases/2026-30-sec-clarifies-application-federal-securities-laws-crypto-assets)

[https://x.com/solana/status/2034022625408635137](https://x.com/solana/status/2034022625408635137)","SEC Classifies SOL as Digital Commodity in Landmark Crypto Taxonomy The U.S. Securities and Exchange Commission today issued a groundbreaking interpretation classifying Solana (SOL) as a digital commodity, alongside Bitcoin (BTC) and Ethereum (ETH).   
  
This new token taxonomy confirms most crypto assets are not securities, providing long-awaited regulatory clarity and fostering innovation in the blockchain ecosystem.

SOL is not a security.

[https://www.sec.gov/newsroom/press-releases/2026-30-sec-clarifies-application-federal-securities-laws-crypto-assets](https://www.sec.gov/newsroom/press-releases/2026-30-sec-clarifies-application-federal-securities-laws-crypto-assets)

[https://x.com/solana/status/2034022625408635137](https://x.com/solana/status/2034022625408635137)",73,10,Solana,https://reddit.com/r/solana/comments/1rwwnno/sec_classifies_sol_as_digital_commodity_in/
1rwwcn1,2026-03-18,2026-03-18T06:34:07+00:00,What are the Security Features of a Solana Wallet,,What are the Security Features of a Solana Wallet,6,1,Solana,https://reddit.com/r/solana/comments/1rwwcn1/what_are_the_security_features_of_a_solana_wallet/
1rxi0g5,2026-03-18,2026-03-18T22:10:04+00:00,Arcium Launches Bench: The First Private Opportunity Market on Solana,"Arcium today introduces Bench (@benchdotgames), a groundbreaking opportunity market platform built on Solana.   
Powered by Arcium's encrypted compute, Bench enables creators to privately receive high-value, actionable insights from staked user signals—without public leakage.   
Unlike prediction markets, Bench rewards useful information subjectively, with early-staker multipliers and no slashing.   
Launching soon.

[https://x.com/Arcium/status/2034333818451267600](https://x.com/Arcium/status/2034333818451267600)","Arcium Launches Bench: The First Private Opportunity Market on Solana Arcium today introduces Bench (@benchdotgames), a groundbreaking opportunity market platform built on Solana.   
Powered by Arcium's encrypted compute, Bench enables creators to privately receive high-value, actionable insights from staked user signals—without public leakage.   
Unlike prediction markets, Bench rewards useful information subjectively, with early-staker multipliers and no slashing.   
Launching soon.

[https://x.com/Arcium/status/2034333818451267600](https://x.com/Arcium/status/2034333818451267600)",6,1,Solana,https://reddit.com/r/solana/comments/1rxi0g5/arcium_launches_bench_the_first_private/
1rwt0zc,2026-03-18,2026-03-18T03:37:06+00:00,"Solana Launched ""tokens"", One Place To Discover And Compare Every Tokenized Stock, Commodity, Precious Metal, Stablecoin, And LST On Solana","**Source:** [https://x.com/stabledash/status/2034049344090083615](https://x.com/stabledash/status/2034049344090083615)

Solana just launched [@tokens](https://x.com/tokens), one place to discover and compare every tokenized stock, commodity, precious metal, stablecoin, and LST on Solana.  
  
[@vibhu](https://x.com/vibhu), CPO at [@solana](https://x.com/solana) / [@SolanaFndn](https://x.com/SolanaFndn):  
  
""I want to buy $100 of Tesla, have it in my wallet, and call it a day. I don't care about how the market making mechanism works. The complexity underneath that is what everyone is working hard to hide.""  
  
You already have a Solana wallet from trading crypto.   
One day you realize you can buy Disney there too.   
  
Thats the 10-year bet.

https://reddit.com/link/1rwt0zc/video/frjyd79x4qpg1/player

","Solana Launched ""tokens"", One Place To Discover And Compare Every Tokenized Stock, Commodity, Precious Metal, Stablecoin, And LST On Solana **Source:** [https://x.com/stabledash/status/2034049344090083615](https://x.com/stabledash/status/2034049344090083615)

Solana just launched [@tokens](https://x.com/tokens), one place to discover and compare every tokenized stock, commodity, precious metal, stablecoin, and LST on Solana.  
  
[@vibhu](https://x.com/vibhu), CPO at [@solana](https://x.com/solana) / [@SolanaFndn](https://x.com/SolanaFndn):  
  
""I want to buy $100 of Tesla, have it in my wallet, and call it a day. I don't care about how the market making mechanism works. The complexity underneath that is what everyone is working hard to hide.""  
  
You already have a Solana wallet from trading crypto.   
One day you realize you can buy Disney there too.   
  
Thats the 10-year bet.

https://reddit.com/link/1rwt0zc/video/frjyd79x4qpg1/player",8,2,Solana,https://reddit.com/r/solana/comments/1rwt0zc/solana_launched_tokens_one_place_to_discover_and/
1rwsw5u,2026-03-18,2026-03-18T03:31:09+00:00,"I sold my Solana but phantom converted it to ""CASH"" instead of USDC. I don't have the option to change it back or buy more Solana now without KYC.","Need help converting my CASH in phantom wallet to USDC or solana



EDIT: Found a solution, keep spamming send to wallet to send the ""$CASH"" token to your main wallet where you initially sold. This failed over 30 times for me but finally the transaction went through. before that neither swaps not sends worked. After sending it to your main wallet then you can swap easily.","I sold my Solana but phantom converted it to ""CASH"" instead of USDC. I don't have the option to change it back or buy more Solana now without KYC. Need help converting my CASH in phantom wallet to USDC or solana



EDIT: Found a solution, keep spamming send to wallet to send the ""$CASH"" token to your main wallet where you initially sold. This failed over 30 times for me but finally the transaction went through. before that neither swaps not sends worked. After sending it to your main wallet then you can swap easily.",20,26,Solana,https://reddit.com/r/solana/comments/1rwsw5u/i_sold_my_solana_but_phantom_converted_it_to_cash/
1rx4c6l,2026-03-18,2026-03-18T13:46:23+00:00,Keep your position earning yield while paying IRL with your actual banks card ? yes that's possible on Project 0 -- here is how :,"https://reddit.com/link/1rx4c6l/video/rt6n0fnl5tpg1/player

**Paying with crypto usually means liquidating positions.**

You stop earning.

You reduce exposure.

You miss upside.

That trade-off has quietly limited how usable crypto really is.

**P0 is Redefining Payments with Pay which plug to any cards**

*Why sell your crypto to pay bills?*

Pay lets you borrow against it instead

Basically, what happens is that you’ll be able to use any assets as collateral and combine them into a **unified margin,** for example, INF LST from Sanctum, hyUSD from Hylo, JLP from Jupiter, or any other assets you want in your margin.

You can then borrow a stablecoin against that margin and use it to cover daily expenses. You can repay it later using the yield you earn from your positions.

“You keep your exposure, you keep your yield and you keep optionality on what you want to pay for.”

– MacBrennan Peet, Founder of Project 0

try here : [https://app.0.xyz/pay](https://app.0.xyz/pay)","Keep your position earning yield while paying IRL with your actual banks card ? yes that's possible on Project 0 -- here is how : https://reddit.com/link/1rx4c6l/video/rt6n0fnl5tpg1/player

**Paying with crypto usually means liquidating positions.**

You stop earning.

You reduce exposure.

You miss upside.

That trade-off has quietly limited how usable crypto really is.

**P0 is Redefining Payments with Pay which plug to any cards**

*Why sell your crypto to pay bills?*

Pay lets you borrow against it instead

Basically, what happens is that you’ll be able to use any assets as collateral and combine them into a **unified margin,** for example, INF LST from Sanctum, hyUSD from Hylo, JLP from Jupiter, or any other assets you want in your margin.

You can then borrow a stablecoin against that margin and use it to cover daily expenses. You can repay it later using the yield you earn from your positions.

“You keep your exposure, you keep your yield and you keep optionality on what you want to pay for.”

– MacBrennan Peet, Founder of Project 0

try here : [https://app.0.xyz/pay](https://app.0.xyz/pay)",5,3,Solana,https://reddit.com/r/solana/comments/1rx4c6l/keep_your_position_earning_yield_while_paying_irl/
1rx1puk,2026-03-18,2026-03-18T11:49:54+00:00,The Clean 16: Every Crypto Asset the SEC Just Declared a Commodity,,The Clean 16: Every Crypto Asset the SEC Just Declared a Commodity,10,4,Solana,https://reddit.com/r/solana/comments/1rx1puk/the_clean_16_every_crypto_asset_the_sec_just/
1rxkapy,2026-03-18,2026-03-18T23:39:01+00:00,Milk Road Podcast - Solana: Price vs Reality | Solana = Payments + Retail Flow,"**Source:** [https://x.com/MilkRoad/status/2033990905384869897](https://x.com/MilkRoad/status/2033990905384869897)

Everyone is arguing [$SOL](https://x.com/search?q=%24SOL&src=cashtag_click) vs [$ETH](https://x.com/search?q=%24ETH&src=cashtag_click)   
  
They’re missing the point:  
  
Solana = payments + retail flow  
Ethereum = institutions + capital markets  
  
Two different games.  
Two potential winners.  
  
[@PanteraCapital](https://x.com/PanteraCapital) Junior Partner [@masonnystrom](https://x.com/masonnystrom)

   
⏱​ TIME POINTS ​⏱

[00:00](https://x.com/MilkRoad/status/2033990905384869897?t=0) – Intro  
[01:11](https://x.com/MilkRoad/status/2033990905384869897?t=71) – Solana: Price vs Reality  
[03:10](https://x.com/MilkRoad/status/2033990905384869897?t=190) – Solana Flips ETH (Stablecoins)  
[04:55](https://x.com/MilkRoad/status/2033990905384869897?t=295) – Retail → Institutions Shift  
[06:50](https://x.com/MilkRoad/status/2033990905384869897?t=410) – Why Solana Wins (vs L1s)  
[08:50](https://x.com/MilkRoad/status/2033990905384869897?t=530) – Crypto VC Is Changing  
[10:16](https://x.com/MilkRoad/status/2033990905384869897?t=616) – How Pantera Is Investing  
[12:50](https://x.com/MilkRoad/status/2033990905384869897?t=770) – Prediction Markets Boom  
[15:02](https://x.com/MilkRoad/status/2033990905384869897?t=902) – Vertical Apps Are Coming  
[17:07](https://x.com/MilkRoad/status/2033990905384869897?t=1027) – Nexo  
[17:45](https://x.com/MilkRoad/status/2033990905384869897?t=1065) – FortisX  
[18:22](https://x.com/MilkRoad/status/2033990905384869897?t=1102) – Better Token Launches?  
[20:40](https://x.com/MilkRoad/status/2033990905384869897?t=1240) – ICOs → On-Chain Markets  
[23:16](https://x.com/MilkRoad/status/2033990905384869897?t=1396) – AI + Crypto Converge  
[25:22](https://x.com/MilkRoad/status/2033990905384869897?t=1522) – When Do They Merge?  
[27:35](https://x.com/MilkRoad/status/2033990905384869897?t=1655) – What Is Neo Finance?  
[28:58](https://x.com/MilkRoad/status/2033990905384869897?t=1738) – Shareland  
[29:40](https://x.com/MilkRoad/status/2033990905384869897?t=1780) – CFTC Green Light  
[33:40](https://x.com/MilkRoad/status/2033990905384869897?t=2020) – Where Smart Money Looks  
[34:50](https://x.com/MilkRoad/status/2033990905384869897?t=2090) – Final Thoughts

https://preview.redd.it/9sros8ca3wpg1.png?width=556&format=png&auto=webp&s=168b536d8f66a6d81dafda5188c8174d9c8cd182

","Milk Road Podcast - Solana: Price vs Reality | Solana = Payments + Retail Flow **Source:** [https://x.com/MilkRoad/status/2033990905384869897](https://x.com/MilkRoad/status/2033990905384869897)

Everyone is arguing [$SOL](https://x.com/search?q=%24SOL&src=cashtag_click) vs [$ETH](https://x.com/search?q=%24ETH&src=cashtag_click)   
  
They’re missing the point:  
  
Solana = payments + retail flow  
Ethereum = institutions + capital markets  
  
Two different games.  
Two potential winners.  
  
[@PanteraCapital](https://x.com/PanteraCapital) Junior Partner [@masonnystrom](https://x.com/masonnystrom)

   
⏱​ TIME POINTS ​⏱

[00:00](https://x.com/MilkRoad/status/2033990905384869897?t=0) – Intro  
[01:11](https://x.com/MilkRoad/status/2033990905384869897?t=71) – Solana: Price vs Reality  
[03:10](https://x.com/MilkRoad/status/2033990905384869897?t=190) – Solana Flips ETH (Stablecoins)  
[04:55](https://x.com/MilkRoad/status/2033990905384869897?t=295) – Retail → Institutions Shift  
[06:50](https://x.com/MilkRoad/status/2033990905384869897?t=410) – Why Solana Wins (vs L1s)  
[08:50](https://x.com/MilkRoad/status/2033990905384869897?t=530) – Crypto VC Is Changing  
[10:16](https://x.com/MilkRoad/status/2033990905384869897?t=616) – How Pantera Is Investing  
[12:50](https://x.com/MilkRoad/status/2033990905384869897?t=770) – Prediction Markets Boom  
[15:02](https://x.com/MilkRoad/status/2033990905384869897?t=902) – Vertical Apps Are Coming  
[17:07](https://x.com/MilkRoad/status/2033990905384869897?t=1027) – Nexo  
[17:45](https://x.com/MilkRoad/status/2033990905384869897?t=1065) – FortisX  
[18:22](https://x.com/MilkRoad/status/2033990905384869897?t=1102) – Better Token Launches?  
[20:40](https://x.com/MilkRoad/status/2033990905384869897?t=1240) – ICOs → On-Chain Markets  
[23:16](https://x.com/MilkRoad/status/2033990905384869897?t=1396) – AI + Crypto Converge  
[25:22](https://x.com/MilkRoad/status/2033990905384869897?t=1522) – When Do They Merge?  
[27:35](https://x.com/MilkRoad/status/2033990905384869897?t=1655) – What Is Neo Finance?  
[28:58](https://x.com/MilkRoad/status/2033990905384869897?t=1738) – Shareland  
[29:40](https://x.com/MilkRoad/status/2033990905384869897?t=1780) – CFTC Green Light  
[33:40](https://x.com/MilkRoad/status/2033990905384869897?t=2020) – Where Smart Money Looks  
[34:50](https://x.com/MilkRoad/status/2033990905384869897?t=2090) – Final Thoughts

https://preview.redd.it/9sros8ca3wpg1.png?width=556&format=png&auto=webp&s=168b536d8f66a6d81dafda5188c8174d9c8cd182",11,4,Solana,https://reddit.com/r/solana/comments/1rxkapy/milk_road_podcast_solana_price_vs_reality_solana/
1rx6dgu,2026-03-18,2026-03-18T15:05:10+00:00,Paradex Launches $DIME Governance Token on Solana,"Paradex today announced the live bridging and launch of $DIME, its governance token, on Solana. The zero-fee perpetuals DEX now enables trading via Jupiter and Phantom, combining deep liquidity with ZK-proof privacy for users.

[https://x.com/solana/status/2034278975296741858](https://x.com/solana/status/2034278975296741858)","Paradex Launches $DIME Governance Token on Solana Paradex today announced the live bridging and launch of $DIME, its governance token, on Solana. The zero-fee perpetuals DEX now enables trading via Jupiter and Phantom, combining deep liquidity with ZK-proof privacy for users.

[https://x.com/solana/status/2034278975296741858](https://x.com/solana/status/2034278975296741858)",11,4,Solana,https://reddit.com/r/solana/comments/1rx6dgu/paradex_launches_dime_governance_token_on_solana/
1rx6wsn,2026-03-18,2026-03-18T15:25:31+00:00,📢 Solana Tech Pulse (March 10 – March 17),,📢 Solana Tech Pulse (March 10 – March 17),6,1,Solana,https://reddit.com/r/solana/comments/1rx6wsn/solana_tech_pulse_march_10_march_17/
1rxbu6t,2026-03-18,2026-03-18T18:23:51+00:00,Best crypto cards for global travel right now?,"I'm traveling next month across a few different countries and really want to spend some of my gains without off-ramping to fiat and dealing with my bank's absolute BS regarding foreign transaction fees. I used to use the Binance card heavily but, well, you know how that ended for a lot of regions. I saw BitMart has a card out now with their 8th anniversary promotions, and Coinbase obviously has their established one. Has anyone used the BitMart card specifically in Europe or Southeast Asia? I'm mainly looking for decent conversion spreads at the point of sale and no hidden monthly maintenance fees","Best crypto cards for global travel right now? I'm traveling next month across a few different countries and really want to spend some of my gains without off-ramping to fiat and dealing with my bank's absolute BS regarding foreign transaction fees. I used to use the Binance card heavily but, well, you know how that ended for a lot of regions. I saw BitMart has a card out now with their 8th anniversary promotions, and Coinbase obviously has their established one. Has anyone used the BitMart card specifically in Europe or Southeast Asia? I'm mainly looking for decent conversion spreads at the point of sale and no hidden monthly maintenance fees",13,32,Solana,https://reddit.com/r/solana/comments/1rxbu6t/best_crypto_cards_for_global_travel_right_now/
1rxfhiz,2026-03-18,2026-03-18T20:34:52+00:00,Implementing Transfer Hooks on Solana (Anchor 0.31),"A technical breakdown of integrating Transfer Hooks using the updated Anchor framework. This covers the architecture for the `Execute` instruction, managing `ExtraAccountMetaList`, and standard validation patterns for Token Extensions.

Read the full breakdown here: [https://andreyobruchkov1996.substack.com/p/transfer-hooks-on-solana-anchor-031](https://andreyobruchkov1996.substack.com/p/transfer-hooks-on-solana-anchor-031)","Implementing Transfer Hooks on Solana (Anchor 0.31) A technical breakdown of integrating Transfer Hooks using the updated Anchor framework. This covers the architecture for the `Execute` instruction, managing `ExtraAccountMetaList`, and standard validation patterns for Token Extensions.

Read the full breakdown here: [https://andreyobruchkov1996.substack.com/p/transfer-hooks-on-solana-anchor-031](https://andreyobruchkov1996.substack.com/p/transfer-hooks-on-solana-anchor-031)",8,3,Solana,https://reddit.com/r/solana/comments/1rxfhiz/implementing_transfer_hooks_on_solana_anchor_031/
1rxh8e8,2026-03-18,2026-03-18T21:39:50+00:00,Avoid Phantom wallet for Solana swaps,"Warning for folks: never use phantom wallet for swaps. This is so much expensive in fees. I swapped 6 figures worth of solana to ethereum through phantom and got 2% in fees (wasn't small size).

It can be faster for low amounts, but for larger please always use a DEX like [leather.finance](https://leather.finance/), you can literally connect phantom/metamask.... and swap in seconds","Avoid Phantom wallet for Solana swaps Warning for folks: never use phantom wallet for swaps. This is so much expensive in fees. I swapped 6 figures worth of solana to ethereum through phantom and got 2% in fees (wasn't small size).

It can be faster for low amounts, but for larger please always use a DEX like [leather.finance](https://leather.finance/), you can literally connect phantom/metamask.... and swap in seconds",25,22,Solana,https://reddit.com/r/solana/comments/1rxh8e8/avoid_phantom_wallet_for_solana_swaps/
1rxi4tk,2026-03-18,2026-03-18T22:14:46+00:00,SEC Approves Nasdaq Rule Change for Tokenized Securities Trading,"The U.S. Securities and Exchange Commission has approved Nasdaq's proposed rule change, enabling the trading of tokenized stocks and securities on its platform.  
This landmark decision allows investors to trade digital blockchain-based versions of equities alongside traditional forms, promoting faster settlement, fractional ownership, and potential 24/7 access while maintaining full regulatory protections.

[https://x.com/solana/status/2034378923379736923](https://x.com/solana/status/2034378923379736923)","SEC Approves Nasdaq Rule Change for Tokenized Securities Trading The U.S. Securities and Exchange Commission has approved Nasdaq's proposed rule change, enabling the trading of tokenized stocks and securities on its platform.  
This landmark decision allows investors to trade digital blockchain-based versions of equities alongside traditional forms, promoting faster settlement, fractional ownership, and potential 24/7 access while maintaining full regulatory protections.

[https://x.com/solana/status/2034378923379736923](https://x.com/solana/status/2034378923379736923)",58,9,Solana,https://reddit.com/r/solana/comments/1rxi4tk/sec_approves_nasdaq_rule_change_for_tokenized/
1rxjhfq,2026-03-18,2026-03-18T23:06:47+00:00,Jonas Hahn - You Can Now Pay Solana Gas Fees In Any SPL Token Using Kora,"**Source:** [https://x.com/SolPlay\_jonas/status/2034341977664176217](https://x.com/SolPlay_jonas/status/2034341977664176217)

You can now pay [@solana](https://x.com/solana) gas fees in any SPL token using Kora!   
Full video below 👇  
[https://www.youtube.com/watch?v=N8o-88t7D2M](https://www.youtube.com/watch?v=N8o-88t7D2M)

https://reddit.com/link/1rxjhfq/video/5eny6pvkxvpg1/player

  
Check out the Kora Docs: [https://launch.solana.com/docs/kora](https://t.co/67xeAA5c0z)   
Any try it out and buy some water:   
[https://letmebuy.app/store/jonasbar](https://t.co/70PTY6PSOi)

https://preview.redd.it/9sv3jrbfxvpg1.png?width=680&format=png&auto=webp&s=c951b377242692a5815c7238e95ba8d9d59fbacc

  
","Jonas Hahn - You Can Now Pay Solana Gas Fees In Any SPL Token Using Kora **Source:** [https://x.com/SolPlay\_jonas/status/2034341977664176217](https://x.com/SolPlay_jonas/status/2034341977664176217)

You can now pay [@solana](https://x.com/solana) gas fees in any SPL token using Kora!   
Full video below 👇  
[https://www.youtube.com/watch?v=N8o-88t7D2M](https://www.youtube.com/watch?v=N8o-88t7D2M)

https://reddit.com/link/1rxjhfq/video/5eny6pvkxvpg1/player

  
Check out the Kora Docs: [https://launch.solana.com/docs/kora](https://t.co/67xeAA5c0z)   
Any try it out and buy some water:   
[https://letmebuy.app/store/jonasbar](https://t.co/70PTY6PSOi)

https://preview.redd.it/9sv3jrbfxvpg1.png?width=680&format=png&auto=webp&s=c951b377242692a5815c7238e95ba8d9d59fbacc",7,3,Solana,https://reddit.com/r/solana/comments/1rxjhfq/jonas_hahn_you_can_now_pay_solana_gas_fees_in_any/
1rw7jzo,2026-03-17,2026-03-17T14:08:32+00:00,PayPal Expands Its Stablecoin Into 70 Markets Including Support For Solana Network,"**Source:** [https://x.com/QuicknodeSolana/status/2033907491331797125](https://x.com/QuicknodeSolana/status/2033907491331797125)

✨Everyone with PayPal or Venmo in seventy countries now has a Solana address. ✨

Which now means you can pay anyone in a huge chunk of the world with crypto.

[https://coindesk.com/business/2026/03/17/paypal-expands-its-stablecoin-into-70-markets](https://coindesk.com/business/2026/03/17/paypal-expands-its-stablecoin-into-70-markets)

https://preview.redd.it/sgp1fy0g4mpg1.png?width=679&format=png&auto=webp&s=b725db56a7aa16981fb7450ca61f495bab858eea

In Portugal right now. 

Two and a bit years ago, we were at Breakpoint learning that Google

was running Solana validators, that Instagram was natively showing Solana artwork, and feeling jubilant as a result.

The FTX crash happened the next week. But it was always clear Solana had better tech, and the serious builders stuck around. If you’re reading this: congratulations to ✨you✨ on being part of the last 6 years. 🫡

https://preview.redd.it/c22p919i4mpg1.png?width=510&format=png&auto=webp&s=89e6997f167c192431bfed037746e2ea7db6c56b

","PayPal Expands Its Stablecoin Into 70 Markets Including Support For Solana Network **Source:** [https://x.com/QuicknodeSolana/status/2033907491331797125](https://x.com/QuicknodeSolana/status/2033907491331797125)

✨Everyone with PayPal or Venmo in seventy countries now has a Solana address. ✨

Which now means you can pay anyone in a huge chunk of the world with crypto.

[https://coindesk.com/business/2026/03/17/paypal-expands-its-stablecoin-into-70-markets](https://coindesk.com/business/2026/03/17/paypal-expands-its-stablecoin-into-70-markets)

https://preview.redd.it/sgp1fy0g4mpg1.png?width=679&format=png&auto=webp&s=b725db56a7aa16981fb7450ca61f495bab858eea

In Portugal right now. 

Two and a bit years ago, we were at Breakpoint learning that Google

was running Solana validators, that Instagram was natively showing Solana artwork, and feeling jubilant as a result.

The FTX crash happened the next week. But it was always clear Solana had better tech, and the serious builders stuck around. If you’re reading this: congratulations to ✨you✨ on being part of the last 6 years. 🫡

https://preview.redd.it/c22p919i4mpg1.png?width=510&format=png&auto=webp&s=89e6997f167c192431bfed037746e2ea7db6c56b",7,5,Solana,https://reddit.com/r/solana/comments/1rw7jzo/paypal_expands_its_stablecoin_into_70_markets/
1rw74lw,2026-03-17,2026-03-17T13:52:07+00:00,Travala.com's Car Rentals Are Now Live On Solana,"**Source:** [https://x.com/travalacom/status/2033899097850318870](https://x.com/travalacom/status/2033899097850318870)

📢 CAR RENTALS ARE NOW LIVE ON SOLANA🚗💨

You can now book car rentals from 1,700+ suppliers with [@solana](https://x.com/solana) on Travala!

📍 50,000+ locations worldwide

Start your journey: [http://travala.com/cars](http://travala.com/cars)

Find out more:

[https://markets.businessinsider.com/news/stocks/following-record-113m-revenue-year-travala-launches-global-car-rentals-with-crypto-1035866005](https://markets.businessinsider.com/news/stocks/following-record-113m-revenue-year-travala-launches-global-car-rentals-with-crypto-1035866005)

https://preview.redd.it/v2m8tgwn1mpg1.png?width=680&format=png&auto=webp&s=2614a77c097d92c338b4abd46e8beca4ed908947

","Travala.com's Car Rentals Are Now Live On Solana **Source:** [https://x.com/travalacom/status/2033899097850318870](https://x.com/travalacom/status/2033899097850318870)

📢 CAR RENTALS ARE NOW LIVE ON SOLANA🚗💨

You can now book car rentals from 1,700+ suppliers with [@solana](https://x.com/solana) on Travala!

📍 50,000+ locations worldwide

Start your journey: [http://travala.com/cars](http://travala.com/cars)

Find out more:

[https://markets.businessinsider.com/news/stocks/following-record-113m-revenue-year-travala-launches-global-car-rentals-with-crypto-1035866005](https://markets.businessinsider.com/news/stocks/following-record-113m-revenue-year-travala-launches-global-car-rentals-with-crypto-1035866005)

https://preview.redd.it/v2m8tgwn1mpg1.png?width=680&format=png&auto=webp&s=2614a77c097d92c338b4abd46e8beca4ed908947",7,4,Solana,https://reddit.com/r/solana/comments/1rw74lw/travalacoms_car_rentals_are_now_live_on_solana/
1rw3k40,2026-03-17,2026-03-17T11:11:10+00:00,From Network to Market: The Referral Economy of Private Equity,,From Network to Market: The Referral Economy of Private Equity,10,1,Solana,https://reddit.com/r/solana/comments/1rw3k40/from_network_to_market_the_referral_economy_of/
1rwbgb7,2026-03-17,2026-03-17T16:29:17+00:00,"Alphaledger, A NASDAQ-listed Company Is Tokenizing Its Stock On Solana","**Source:** [https://x.com/dutta\_manish/status/2033931727517978832](https://x.com/dutta_manish/status/2033931727517978832)

Excited to announce a NASDAQ-listed company is tokenizing its stock on [@solana](https://x.com/solana).  
  
SEC registered West Coast Stock TA  just adopted [@alpha\_ledger](https://x.com/alpha_ledger) to bring direct digital ownership to investors - fully regulated, SEC-compliant, powered by Vulcan Forge.  
  
First issuer: [@SiloPharma](https://x.com/SiloPharma) (NASDAQ: SILO).  
  
This isn't a pilot. This isn't a testnet. This is a registered transfer agent tokenizing real securities for real shareholders on a public blockchain.  
  
This is what we've been building toward. The internet capital markets are live.

https://preview.redd.it/86iadowitmpg1.png?width=680&format=png&auto=webp&s=7b9a6fa23ae8dac720ee6d0d161790e89c8bd301

","Alphaledger, A NASDAQ-listed Company Is Tokenizing Its Stock On Solana **Source:** [https://x.com/dutta\_manish/status/2033931727517978832](https://x.com/dutta_manish/status/2033931727517978832)

Excited to announce a NASDAQ-listed company is tokenizing its stock on [@solana](https://x.com/solana).  
  
SEC registered West Coast Stock TA  just adopted [@alpha\_ledger](https://x.com/alpha_ledger) to bring direct digital ownership to investors - fully regulated, SEC-compliant, powered by Vulcan Forge.  
  
First issuer: [@SiloPharma](https://x.com/SiloPharma) (NASDAQ: SILO).  
  
This isn't a pilot. This isn't a testnet. This is a registered transfer agent tokenizing real securities for real shareholders on a public blockchain.  
  
This is what we've been building toward. The internet capital markets are live.

https://preview.redd.it/86iadowitmpg1.png?width=680&format=png&auto=webp&s=7b9a6fa23ae8dac720ee6d0d161790e89c8bd301",6,2,Solana,https://reddit.com/r/solana/comments/1rwbgb7/alphaledger_a_nasdaqlisted_company_is_tokenizing/
1rw1bq8,2026-03-17,2026-03-17T09:00:52+00:00,Sanctum Launches Infinity V2: Pioneering Continuous Slot-Level Yield Distribution on Solana,"Sanctum announces the launch of Infinity V2, upgrading its flagship INF liquid staking token to become the first Solana LST distributing yield continuously every slot.   
This innovation delivers more consistent, higher-performing APY for holders while providing enhanced, reliable liquidity to partner LSTs.

[https://x.com/sanctumso/status/2033773389731545130](https://x.com/sanctumso/status/2033773389731545130)","Sanctum Launches Infinity V2: Pioneering Continuous Slot-Level Yield Distribution on Solana Sanctum announces the launch of Infinity V2, upgrading its flagship INF liquid staking token to become the first Solana LST distributing yield continuously every slot.   
This innovation delivers more consistent, higher-performing APY for holders while providing enhanced, reliable liquidity to partner LSTs.

[https://x.com/sanctumso/status/2033773389731545130](https://x.com/sanctumso/status/2033773389731545130)",8,2,Solana,https://reddit.com/r/solana/comments/1rw1bq8/sanctum_launches_infinity_v2_pioneering/
1rw16a4,2026-03-17,2026-03-17T08:51:26+00:00,Derive Launches Onchain SOL Options Trading,"Derive (formerly Lyra), the onchain options platform, today announced the launch of SOL options trading.   
With deep liquidity and low fees, traders gain access to advanced strategies including covered calls, spreads, volatility trades, and delta-neutral positions.   
SOL collateral support coming soon.

[https://x.com/DeriveXYZ/status/2033500252892696840](https://x.com/DeriveXYZ/status/2033500252892696840)","Derive Launches Onchain SOL Options Trading Derive (formerly Lyra), the onchain options platform, today announced the launch of SOL options trading.   
With deep liquidity and low fees, traders gain access to advanced strategies including covered calls, spreads, volatility trades, and delta-neutral positions.   
SOL collateral support coming soon.

[https://x.com/DeriveXYZ/status/2033500252892696840](https://x.com/DeriveXYZ/status/2033500252892696840)",4,2,Solana,https://reddit.com/r/solana/comments/1rw16a4/derive_launches_onchain_sol_options_trading/
1rw0sst,2026-03-17,2026-03-17T08:26:46+00:00,Finally someone said it xD,Source - @that\_NFT\_boy on X,Finally someone said it xD Source - @that\_NFT\_boy on X,37,12,Solana,https://reddit.com/r/solana/comments/1rw0sst/finally_someone_said_it_xd/
1rvzlak,2026-03-17,2026-03-17T07:08:50+00:00,anyone else watching how cross-chain execution is evolving?,"feel like theres two camps forming in the interop space rn

one side is trying to build unified liquidity pools that every chain can tap into — euclid just launched this approach. basically consolidate everything into one mega pool

other side (like sodax and some solver protocols) says forget consolidation, just build better routing across whats already out there

been thinking about this since that cow swap disaster where someone lost 50m to bad routing. unified pools wouldve prevented that specific issue but also create bigger targets for exploits

curious what solana folks think since we've seen both approaches tried here","anyone else watching how cross-chain execution is evolving? feel like theres two camps forming in the interop space rn

one side is trying to build unified liquidity pools that every chain can tap into — euclid just launched this approach. basically consolidate everything into one mega pool

other side (like sodax and some solver protocols) says forget consolidation, just build better routing across whats already out there

been thinking about this since that cow swap disaster where someone lost 50m to bad routing. unified pools wouldve prevented that specific issue but also create bigger targets for exploits

curious what solana folks think since we've seen both approaches tried here",6,4,Solana,https://reddit.com/r/solana/comments/1rvzlak/anyone_else_watching_how_crosschain_execution_is/
1rw7npz,2026-03-17,2026-03-17T14:12:29+00:00,"""Tokens"" 24/7, How It Moves Global Financial Markets, And Where Those Markets Live On Solana.","**Source:** [https://x.com/tokens/status/2033578493553066122](https://x.com/tokens/status/2033578493553066122)

24/7 breaking news, how it moves global financial markets, and where those markets live on Solana.  
  
Follow and turn on notifications. You don't want to be late.  
  
[http://tokens.xyz](https://t.co/6feTL4PS3v)

https://reddit.com/link/1rw7npz/video/ts07u4gc5mpg1/player

","""Tokens"" 24/7, How It Moves Global Financial Markets, And Where Those Markets Live On Solana. **Source:** [https://x.com/tokens/status/2033578493553066122](https://x.com/tokens/status/2033578493553066122)

24/7 breaking news, how it moves global financial markets, and where those markets live on Solana.  
  
Follow and turn on notifications. You don't want to be late.  
  
[http://tokens.xyz](https://t.co/6feTL4PS3v)

https://reddit.com/link/1rw7npz/video/ts07u4gc5mpg1/player",5,1,Solana,https://reddit.com/r/solana/comments/1rw7npz/tokens_247_how_it_moves_global_financial_markets/
1rw2zv7,2026-03-17,2026-03-17T10:41:23+00:00,"Upcoming Events at SuperteamUK Co-working Space (Network School, EasyA Accelerator, and ReFi on Solana)",,"Upcoming Events at SuperteamUK Co-working Space (Network School, EasyA Accelerator, and ReFi on Solana)",4,1,Solana,https://reddit.com/r/solana/comments/1rw2zv7/upcoming_events_at_superteamuk_coworking_space/
1rwcjlv,2026-03-17,2026-03-17T17:07:16+00:00,Phantom Secures CFTC No-Action Relief for Access to Regulated Derivatives and Event Contracts,"**Source:** [https://x.com/BChillman/status/2033913119756714298](https://x.com/BChillman/status/2033913119756714298)

Today [@phantom](https://x.com/phantom) received first-of-its-kind no-action relief from the [@CFTC](https://x.com/CFTC). We can now connect users to regulated derivatives markets and event contracts without registering as an introducing broker.

https://preview.redd.it/xt3q3hdn0npg1.png?width=680&format=png&auto=webp&s=70189c3affdb9f4daf98900afe8e67acedcf85c0

Phantom has always focused on making crypto safe and easy to use for anyone, and a big part of that is building products that are backed by clear, common-sense rules. Today’s no-action letter is a great example of that.

  
Phantom is also an American company, and we want America to be the best place in the world to build and innovate. That’s why it's so encouraging to see the CFTC supporting that vision. I'm proud we could play a part in charting the path.

  
We’re grateful to the [@CFTC](https://x.com/CFTC) and [@ChairmanSelig](https://x.com/ChairmanSelig) for working through a genuinely novel question with us, and we hope that our engagement can help shape a long-lasting framework that can benefit the industry as a whole and help establish the US as the global leader in responsible crypto innovation. ","Phantom Secures CFTC No-Action Relief for Access to Regulated Derivatives and Event Contracts **Source:** [https://x.com/BChillman/status/2033913119756714298](https://x.com/BChillman/status/2033913119756714298)

Today [@phantom](https://x.com/phantom) received first-of-its-kind no-action relief from the [@CFTC](https://x.com/CFTC). We can now connect users to regulated derivatives markets and event contracts without registering as an introducing broker.

https://preview.redd.it/xt3q3hdn0npg1.png?width=680&format=png&auto=webp&s=70189c3affdb9f4daf98900afe8e67acedcf85c0

Phantom has always focused on making crypto safe and easy to use for anyone, and a big part of that is building products that are backed by clear, common-sense rules. Today’s no-action letter is a great example of that.

  
Phantom is also an American company, and we want America to be the best place in the world to build and innovate. That’s why it's so encouraging to see the CFTC supporting that vision. I'm proud we could play a part in charting the path.

  
We’re grateful to the [@CFTC](https://x.com/CFTC) and [@ChairmanSelig](https://x.com/ChairmanSelig) for working through a genuinely novel question with us, and we hope that our engagement can help shape a long-lasting framework that can benefit the industry as a whole and help establish the US as the global leader in responsible crypto innovation.",4,2,Solana,https://reddit.com/r/solana/comments/1rwcjlv/phantom_secures_cftc_noaction_relief_for_access/
1rwekuc,2026-03-17,2026-03-17T18:16:35+00:00,Creating my own meme coin,does anyone have any tips ?,Creating my own meme coin does anyone have any tips ?,0,29,Solana,https://reddit.com/r/solana/comments/1rwekuc/creating_my_own_meme_coin/
1rwfnr3,2026-03-17,2026-03-17T18:53:41+00:00,"Billions With Pedro Miranda Podcast - Pedromiranda Chats With Se Yong Park, Co-founder Of Tryfomo",,"Billions With Pedro Miranda Podcast - Pedromiranda Chats With Se Yong Park, Co-founder Of Tryfomo",5,2,Solana,https://reddit.com/r/solana/comments/1rwfnr3/billions_with_pedro_miranda_podcast_pedromiranda/
1rwgzg8,2026-03-17,2026-03-17T19:39:26+00:00,"Solana 2026: Strategic Leadership in Real World Assets, AI Agents, and the Scalability Revolution with Alpenglow","https://preview.redd.it/rd6c0myrrnpg1.png?width=1632&format=png&auto=webp&s=ba5e0d110552f16644648517c304bf04019078cd

While the crypto market continues to debate the sustainability of the current cycle, Solana has firmly established itself as the defining infrastructure for the next phase of institutional and on-chain adoption. As of March 17, 2026, SOL trades near $94, supported by robust fundamentals: spot Solana ETFs have accumulated inflows exceeding $1.5 billion since launch, the global tokenized real-world assets (RWAs) market cap has surpassed $23–26 billion, and Solana captures a leading share of this growth with approximately $1.71 billion in RWAs distributed across its network.

The core thesis is straightforward: Solana is no longer merely “the fast chain.” It integrates three tightly coupled pillars that are accelerating genuine adoption: extreme scalability through the Alpenglow upgrade, massive tokenization of real-world assets (RWAs), and autonomous execution via AI agents. These are not isolated trends; they form a coherent ecosystem that addresses practical issues of latency, cost, and autonomy at scale.

**Alpenglow: Scalability That Redefines the Performance Standard**

Alpenglow represents Solana’s most ambitious consensus upgrade to date, with mainnet deployment targeted for the first half of 2026. The protocol aims to reduce transaction finality to approximately 150 ms while preserving decentralization and security. In current conditions, Solana already delivers impressive real-world performance: sustained average TPS between 1,100 and 3,400 (with higher historical peaks), fees below $0.0001, and block production via \~400 ms slots.

Compared with Ethereum (post-Dencun), Base, or other Layer-1 competitors, Solana provides native throughput capable of handling institutional volumes without recurring congestion. This technical edge has enabled execution strategies that were previously impractical on higher-latency or higher-cost networks.

**Real World Assets: Tokenization That Democratizes Institutional Access**

The RWA sector has experienced explosive growth in 2026, with the global on-chain market cap exceeding $23.6 billion (driven by tokenized funds, gold, equities, treasuries, and real estate). Solana leads in several key adoption metrics: roughly $1.71 billion in distributed RWAs (+39% in the last 30 days) and more than 154,000 unique holder wallets—surpassing Ethereum in holder count for the first time in certain RWA categories.

Solana’s advantage stems from its combination of sub-second latency and near-zero fees, which makes fractional tokenization and institutional micropayments economically viable. Real-world examples include tokenized real-estate funds and treasuries that distribute yields in real time. This infrastructure transforms traditional access barriers into globally inclusive opportunities.

**AI Agents: The Leap Toward an Autonomous Economy**

Solana currently captures an estimated 38–49% of global agent-to-agent transaction volume (recent data points to \~45 million agent-driven transactions processed on the network). Parallel execution, sub-second finality, and negligible fees enable autonomous agents to perform trades, recurring payments, and portfolio management without human intervention.

This capability integrates seamlessly with RWAs: AI agents manage tokenized portfolios in real time, executing sophisticated strategies around the clock. The combination positions Solana at the forefront of what is emerging as the functional “agentic web.”

**Market Analysis and Institutional Catalysts**

Spot Solana ETF inflows remain consistently positive, with daily figures frequently in the millions despite short-term spot-price volatility. This divergence between institutional flows and price action reflects strong confidence in underlying fundamentals. SOL testing the $94–96 range is not coincidental; it is the predictable outcome of a network that solves real problems while competitors continue addressing legacy limitations. A smooth rollout of Alpenglow and Firedancer is expected to further solidify this position throughout 2026–2027.

**Conclusion**

Solana is not merely growing—it is redefining what blockchain infrastructure means in the era of widespread tokenization and agentic autonomy. The conviction formed through months of exclusive focus on this ecosystem is unequivocal: those who build on and invest in Solana today will be best positioned for tomorrow’s on-chain economy.

**Research Sources**  
Data current as of March 17, 2026, sourced from on-chain explorers and public analytics platforms including Solana Explorer, [RWA.xyz](http://RWA.xyz), Chainspect, CoinGlass, SoSoValue, and ecosystem reports published by the Solana Foundation and participating protocols.","Solana 2026: Strategic Leadership in Real World Assets, AI Agents, and the Scalability Revolution with Alpenglow https://preview.redd.it/rd6c0myrrnpg1.png?width=1632&format=png&auto=webp&s=ba5e0d110552f16644648517c304bf04019078cd

While the crypto market continues to debate the sustainability of the current cycle, Solana has firmly established itself as the defining infrastructure for the next phase of institutional and on-chain adoption. As of March 17, 2026, SOL trades near $94, supported by robust fundamentals: spot Solana ETFs have accumulated inflows exceeding $1.5 billion since launch, the global tokenized real-world assets (RWAs) market cap has surpassed $23–26 billion, and Solana captures a leading share of this growth with approximately $1.71 billion in RWAs distributed across its network.

The core thesis is straightforward: Solana is no longer merely “the fast chain.” It integrates three tightly coupled pillars that are accelerating genuine adoption: extreme scalability through the Alpenglow upgrade, massive tokenization of real-world assets (RWAs), and autonomous execution via AI agents. These are not isolated trends; they form a coherent ecosystem that addresses practical issues of latency, cost, and autonomy at scale.

**Alpenglow: Scalability That Redefines the Performance Standard**

Alpenglow represents Solana’s most ambitious consensus upgrade to date, with mainnet deployment targeted for the first half of 2026. The protocol aims to reduce transaction finality to approximately 150 ms while preserving decentralization and security. In current conditions, Solana already delivers impressive real-world performance: sustained average TPS between 1,100 and 3,400 (with higher historical peaks), fees below $0.0001, and block production via \~400 ms slots.

Compared with Ethereum (post-Dencun), Base, or other Layer-1 competitors, Solana provides native throughput capable of handling institutional volumes without recurring congestion. This technical edge has enabled execution strategies that were previously impractical on higher-latency or higher-cost networks.

**Real World Assets: Tokenization That Democratizes Institutional Access**

The RWA sector has experienced explosive growth in 2026, with the global on-chain market cap exceeding $23.6 billion (driven by tokenized funds, gold, equities, treasuries, and real estate). Solana leads in several key adoption metrics: roughly $1.71 billion in distributed RWAs (+39% in the last 30 days) and more than 154,000 unique holder wallets—surpassing Ethereum in holder count for the first time in certain RWA categories.

Solana’s advantage stems from its combination of sub-second latency and near-zero fees, which makes fractional tokenization and institutional micropayments economically viable. Real-world examples include tokenized real-estate funds and treasuries that distribute yields in real time. This infrastructure transforms traditional access barriers into globally inclusive opportunities.

**AI Agents: The Leap Toward an Autonomous Economy**

Solana currently captures an estimated 38–49% of global agent-to-agent transaction volume (recent data points to \~45 million agent-driven transactions processed on the network). Parallel execution, sub-second finality, and negligible fees enable autonomous agents to perform trades, recurring payments, and portfolio management without human intervention.

This capability integrates seamlessly with RWAs: AI agents manage tokenized portfolios in real time, executing sophisticated strategies around the clock. The combination positions Solana at the forefront of what is emerging as the functional “agentic web.”

**Market Analysis and Institutional Catalysts**

Spot Solana ETF inflows remain consistently positive, with daily figures frequently in the millions despite short-term spot-price volatility. This divergence between institutional flows and price action reflects strong confidence in underlying fundamentals. SOL testing the $94–96 range is not coincidental; it is the predictable outcome of a network that solves real problems while competitors continue addressing legacy limitations. A smooth rollout of Alpenglow and Firedancer is expected to further solidify this position throughout 2026–2027.

**Conclusion**

Solana is not merely growing—it is redefining what blockchain infrastructure means in the era of widespread tokenization and agentic autonomy. The conviction formed through months of exclusive focus on this ecosystem is unequivocal: those who build on and invest in Solana today will be best positioned for tomorrow’s on-chain economy.

**Research Sources**  
Data current as of March 17, 2026, sourced from on-chain explorers and public analytics platforms including Solana Explorer, [RWA.xyz](http://RWA.xyz), Chainspect, CoinGlass, SoSoValue, and ecosystem reports published by the Solana Foundation and participating protocols.",21,7,Solana,https://reddit.com/r/solana/comments/1rwgzg8/solana_2026_strategic_leadership_in_real_world/
1rwlhax,2026-03-17,2026-03-17T22:21:38+00:00,BREAKING: SOL Is Not A Security - The SEC Has Formally Classified SOL As A Digital Commodity In Its New Crypto Asset Taxonomy,"**Source:** [https://x.com/solana/status/2034022625408635137](https://x.com/solana/status/2034022625408635137)

BREAKING: The SEC has formally classified SOL as a digital commodity in its new crypto asset taxonomy, alongside BTC, ETH,  and 14 other assets.  
  
SOL is not a security.

https://preview.redd.it/aprcdeflkopg1.png?width=680&format=png&auto=webp&s=28a9a4df22e46cbd5f3e10f068fb71e200768f66

Source: [https://sec.gov/newsroom/press-releases/2026-30-sec-clarifies-application-federal-securities-laws-crypto-assets](https://t.co/76TGN5w7ZF)

  
","BREAKING: SOL Is Not A Security - The SEC Has Formally Classified SOL As A Digital Commodity In Its New Crypto Asset Taxonomy **Source:** [https://x.com/solana/status/2034022625408635137](https://x.com/solana/status/2034022625408635137)

BREAKING: The SEC has formally classified SOL as a digital commodity in its new crypto asset taxonomy, alongside BTC, ETH,  and 14 other assets.  
  
SOL is not a security.

https://preview.redd.it/aprcdeflkopg1.png?width=680&format=png&auto=webp&s=28a9a4df22e46cbd5f3e10f068fb71e200768f66

Source: [https://sec.gov/newsroom/press-releases/2026-30-sec-clarifies-application-federal-securities-laws-crypto-assets](https://t.co/76TGN5w7ZF)",8,1,Solana,https://reddit.com/r/solana/comments/1rwlhax/breaking_sol_is_not_a_security_the_sec_has/
1rwlkna,2026-03-17,2026-03-17T22:25:07+00:00,Solandy - New Features of the Solana Explorer - Mar 9th '26,,Solandy - New Features of the Solana Explorer - Mar 9th '26,5,1,Solana,https://reddit.com/r/solana/comments/1rwlkna/solandy_new_features_of_the_solana_explorer_mar/
1rwlnw6,2026-03-17,2026-03-17T22:28:31+00:00,Bits To Bricks With Amira Valiani Podcast - Amira Valliani And Alisha Changani From The Atlantic Council Discuss The Complex Relationship Between Stab,,Bits To Bricks With Amira Valiani Podcast - Amira Valliani And Alisha Changani From The Atlantic Council Discuss The Complex Relationship Between Stab,6,1,Solana,https://reddit.com/r/solana/comments/1rwlnw6/bits_to_bricks_with_amira_valiani_podcast_amira/
1rwlpuo,2026-03-17,2026-03-17T22:30:32+00:00,SolanaFloor - The NEW Bullcase For Solana (What Nobody is Talking About),,SolanaFloor - The NEW Bullcase For Solana (What Nobody is Talking About),4,2,Solana,https://reddit.com/r/solana/comments/1rwlpuo/solanafloor_the_new_bullcase_for_solana_what/
1rwmgeo,2026-03-17,2026-03-17T22:58:45+00:00,Jupiter perp trading stats,Hi guys is there a way to check easily tje amount total de of positions we closed on the perp jup? ,Jupiter perp trading stats Hi guys is there a way to check easily tje amount total de of positions we closed on the perp jup?,3,3,Solana,https://reddit.com/r/solana/comments/1rwmgeo/jupiter_perp_trading_stats/
1rwddx8,2026-03-17,2026-03-17T17:36:02+00:00,Lightspeed Podcast - Harmonic Fires Back in Solana’s Block Building Wars | Ben Coverston,,Lightspeed Podcast - Harmonic Fires Back in Solana’s Block Building Wars | Ben Coverston,5,1,Solana,https://reddit.com/r/solana/comments/1rwddx8/lightspeed_podcast_harmonic_fires_back_in_solanas/
1rvahc7,2026-03-16,2026-03-16T14:09:34+00:00,"Happy 6th Birthday, Solana! 🎂",,"Happy 6th Birthday, Solana! 🎂",16,6,Solana,https://reddit.com/r/solana/comments/1rvahc7/happy_6th_birthday_solana/
1ruzmaz,2026-03-16,2026-03-16T04:17:45+00:00,The Quiet Revolution: Why Crypto Isn't Dead — It's Just Getting Started,"
Everyone says crypto is dead every cycle. In 2018 it was dead. In 2022 it was dead. And yet here we are.

Here's what people miss when they look at the price charts: the builders never left. While headlines chase pumps and crashes, thousands of developers keep shipping. Infrastructure gets better. Wallets get easier. On-ramps get smoother. Every cycle, the floor rises.

Think about where we were 5 years ago. DeFi barely existed. NFTs weren't a thing. The idea of earning yield on your tokens without a bank would've sounded insane. Now it's Tuesday.

The real signal in crypto isn't price — it's adoption. It's your uncle asking about Solana at Thanksgiving. It's small businesses accepting stablecoins because the 3% credit card fee is eating their margins. It's people in countries with broken currencies finding financial freedom through a phone and a wallet.

Is there noise? Absolutely. Scams, rugs, influencer pump and dumps — they're real and they hurt real people. But that's not the whole story. The whole story includes developers who lock their liquidity for 5 years. Teams that revoke mint authority because they want you to trust the project, not just buy it. Communities that show up every single day because they believe in what they're building.

The projects that survive aren't the loudest. They're the ones that keep building when nobody's watching.

If you're reading this, you're still early. Not ""buy this token"" early — but ""understand this technology"" early. Learn how wallets work. Learn what a liquidity pool is. Learn the difference between a rug pull and a real project. That knowledge is worth more than any trade.

The revolution isn't loud. It's quiet, steady, and already happening.","The Quiet Revolution: Why Crypto Isn't Dead — It's Just Getting Started 
Everyone says crypto is dead every cycle. In 2018 it was dead. In 2022 it was dead. And yet here we are.

Here's what people miss when they look at the price charts: the builders never left. While headlines chase pumps and crashes, thousands of developers keep shipping. Infrastructure gets better. Wallets get easier. On-ramps get smoother. Every cycle, the floor rises.

Think about where we were 5 years ago. DeFi barely existed. NFTs weren't a thing. The idea of earning yield on your tokens without a bank would've sounded insane. Now it's Tuesday.

The real signal in crypto isn't price — it's adoption. It's your uncle asking about Solana at Thanksgiving. It's small businesses accepting stablecoins because the 3% credit card fee is eating their margins. It's people in countries with broken currencies finding financial freedom through a phone and a wallet.

Is there noise? Absolutely. Scams, rugs, influencer pump and dumps — they're real and they hurt real people. But that's not the whole story. The whole story includes developers who lock their liquidity for 5 years. Teams that revoke mint authority because they want you to trust the project, not just buy it. Communities that show up every single day because they believe in what they're building.

The projects that survive aren't the loudest. They're the ones that keep building when nobody's watching.

If you're reading this, you're still early. Not ""buy this token"" early — but ""understand this technology"" early. Learn how wallets work. Learn what a liquidity pool is. Learn the difference between a rug pull and a real project. That knowledge is worth more than any trade.

The revolution isn't loud. It's quiet, steady, and already happening.",18,16,Solana,https://reddit.com/r/solana/comments/1ruzmaz/the_quiet_revolution_why_crypto_isnt_dead_its/
1rv14oa,2026-03-16,2026-03-16T05:41:44+00:00,"Built a beta launcher platform for AI-browser games! 
Looking for chill beta testers","How to test:

1. Upload/launch ANY slop or one-prompt game (Claude/Grok/whatever)
2. Instant subdomain + hosting(for free)
3. Built-in monetization & one-click launchpad-> (raise $, earn fees)
4. Just play, test, give quick feedback

All free, super easy.  
I want build a community to chat, share tips & collab on games.

DM or reply to get in! ","Built a beta launcher platform for AI-browser games! 
Looking for chill beta testers How to test:

1. Upload/launch ANY slop or one-prompt game (Claude/Grok/whatever)
2. Instant subdomain + hosting(for free)
3. Built-in monetization & one-click launchpad-> (raise $, earn fees)
4. Just play, test, give quick feedback

All free, super easy.  
I want build a community to chat, share tips & collab on games.

DM or reply to get in!",7,3,Solana,https://reddit.com/r/solana/comments/1rv14oa/built_a_beta_launcher_platform_for_aibrowser/
1rv96y6,2026-03-16,2026-03-16T13:18:28+00:00,Happy 6th Birthday Solana Fam,"**Source:** [https://x.com/solana/status/2033496751806583096](https://x.com/solana/status/2033496751806583096)

Happy 6th birthday Solana fam.

They said quit. The builders stayed.  
They said it's dead. The code persisted.  
They said move on. The network's never been stronger.

Just one more hard quarter.

Six years of receipts:  
518B+ total transactions  
$2.6T+ DEX volume  
$17.4B+ in stablecoins onchain  
$6.5B in payments volume  
$1.7B+ in tokenized RWAs

Thank you to all the relentless founders, developers, and community members around the globe who have made Solana what it is today

https://reddit.com/link/1rv96y6/video/qj1b61l7qepg1/player

**Source:** [https://explorer.solana.com/block/0](https://explorer.solana.com/block/0)

6 years of perfection

https://preview.redd.it/mnsg6utsqepg1.png?width=643&format=png&auto=webp&s=00e6e20438e60fe2a92244f39ff3ada89df863d6

**Source:** [https://x.com/mablejiang/status/2033454079356424280](https://x.com/mablejiang/status/2033454079356424280)

some old pics of [@toly](https://x.com/toly) presenting [@solana](https://x.com/solana) pre-mainnet-beta in 2019

happy 6 years solana ♥️

https://preview.redd.it/4fdducofqepg1.png?width=680&format=png&auto=webp&s=f904c5e5b14f5b5bb2a9da7087c3b0e2162b5e47

https://preview.redd.it/q1ij9i4gqepg1.png?width=360&format=png&auto=webp&s=97ad9a8a2d7e2dfdbd4bc340b2861a8dd3e1ba89

https://preview.redd.it/wfpegchgqepg1.png?width=360&format=png&auto=webp&s=349be6a0a4395104dfe7d3239680bb92e69f1940

**Source:** [https://x.com/SuperteamIN/status/2033424535152955874](https://x.com/SuperteamIN/status/2033424535152955874)

here's a video of [u/toly](https://x.com/toly) presenting [u/solana](https://x.com/solana) pre-testnet in 2018.

happy 6 years solana ❤️

https://reddit.com/link/1rv96y6/video/3fqch7gkqepg1/player

**Source:** [https://x.com/SolanaFloor/status/2033502720532124063](https://x.com/SolanaFloor/status/2033502720532124063)

Solana celebrates its 6th anniversary today. The network’s first block was produced on March 16, 2020, launching the blockchain that now dominates DEX volume, stablecoin activity, transactions, and active addresses across the industry.

https://preview.redd.it/msqp8zc3xepg1.png?width=680&format=png&auto=webp&s=bf9393e73c40bc262c91e711d951926c7bb6c13e

**Source:** [https://x.com/solana\_daily/status/2033518805243330780](https://x.com/solana_daily/status/2033518805243330780)

Happy 6 years Solana 💜

Grateful to be here, witnessing every milestone as the builders continue to build, ship, and innovate. 🌐

https://preview.redd.it/sazmbi24tepg1.png?width=680&format=png&auto=webp&s=637ad65ea6690804281f4176dc3ffc75d6b45855","Happy 6th Birthday Solana Fam **Source:** [https://x.com/solana/status/2033496751806583096](https://x.com/solana/status/2033496751806583096)

Happy 6th birthday Solana fam.

They said quit. The builders stayed.  
They said it's dead. The code persisted.  
They said move on. The network's never been stronger.

Just one more hard quarter.

Six years of receipts:  
518B+ total transactions  
$2.6T+ DEX volume  
$17.4B+ in stablecoins onchain  
$6.5B in payments volume  
$1.7B+ in tokenized RWAs

Thank you to all the relentless founders, developers, and community members around the globe who have made Solana what it is today

https://reddit.com/link/1rv96y6/video/qj1b61l7qepg1/player

**Source:** [https://explorer.solana.com/block/0](https://explorer.solana.com/block/0)

6 years of perfection

https://preview.redd.it/mnsg6utsqepg1.png?width=643&format=png&auto=webp&s=00e6e20438e60fe2a92244f39ff3ada89df863d6

**Source:** [https://x.com/mablejiang/status/2033454079356424280](https://x.com/mablejiang/status/2033454079356424280)

some old pics of [@toly](https://x.com/toly) presenting [@solana](https://x.com/solana) pre-mainnet-beta in 2019

happy 6 years solana ♥️

https://preview.redd.it/4fdducofqepg1.png?width=680&format=png&auto=webp&s=f904c5e5b14f5b5bb2a9da7087c3b0e2162b5e47

https://preview.redd.it/q1ij9i4gqepg1.png?width=360&format=png&auto=webp&s=97ad9a8a2d7e2dfdbd4bc340b2861a8dd3e1ba89

https://preview.redd.it/wfpegchgqepg1.png?width=360&format=png&auto=webp&s=349be6a0a4395104dfe7d3239680bb92e69f1940

**Source:** [https://x.com/SuperteamIN/status/2033424535152955874](https://x.com/SuperteamIN/status/2033424535152955874)

here's a video of [u/toly](https://x.com/toly) presenting [u/solana](https://x.com/solana) pre-testnet in 2018.

happy 6 years solana ❤️

https://reddit.com/link/1rv96y6/video/3fqch7gkqepg1/player

**Source:** [https://x.com/SolanaFloor/status/2033502720532124063](https://x.com/SolanaFloor/status/2033502720532124063)

Solana celebrates its 6th anniversary today. The network’s first block was produced on March 16, 2020, launching the blockchain that now dominates DEX volume, stablecoin activity, transactions, and active addresses across the industry.

https://preview.redd.it/msqp8zc3xepg1.png?width=680&format=png&auto=webp&s=bf9393e73c40bc262c91e711d951926c7bb6c13e

**Source:** [https://x.com/solana\_daily/status/2033518805243330780](https://x.com/solana_daily/status/2033518805243330780)

Happy 6 years Solana 💜

Grateful to be here, witnessing every milestone as the builders continue to build, ship, and innovate. 🌐

https://preview.redd.it/sazmbi24tepg1.png?width=680&format=png&auto=webp&s=637ad65ea6690804281f4176dc3ffc75d6b45855",39,15,Solana,https://reddit.com/r/solana/comments/1rv96y6/happy_6th_birthday_solana_fam/
1rv98mm,2026-03-16,2026-03-16T13:20:24+00:00,Frictionless Agentic Shopping Is Live On Solana,"**Source:** [https://x.com/x402/status/2033263360284987625](https://x.com/x402/status/2033263360284987625)

Frictionless agentic shopping is live on [@solana](https://x.com/solana)  
One USDC balance, 280+ APIs, 1B+ products, or grab skills mid-task via x402 made possible by [@trypurch](https://x.com/trypurch) and [@agentcashdev](https://x.com/agentcashdev)

  
**Source:** [https://x.com/trypurch/status/2033239311345213935](https://x.com/trypurch/status/2033239311345213935)

**Agents just got shopping superpowers!**   
  
Just fund it with USDC on [@agentcashdev](https://x.com/agentcashdev) (one balance unlocks 280+ APIs)  
  
\> Let them autonomously buy 1B+ products on Amazon & Shopify via [@trypurch](https://x.com/trypurch)

\> Or grab skills/personas from Purch Vault mid-task via x402  
  
No keys. Frictionless. On Solana.  
  
Try it: [http://purch.xyz](https://t.co/DkqUU6jDOQ) \+ [http://agentcash.dev](https://t.co/xeYp4e0PPR) (up to $25 rewards!)  
  
Built for agents & builders alike

https://preview.redd.it/zleeuby7repg1.png?width=680&format=png&auto=webp&s=c6589cfbec3d5b8a2783b21821f195539f122947","Frictionless Agentic Shopping Is Live On Solana **Source:** [https://x.com/x402/status/2033263360284987625](https://x.com/x402/status/2033263360284987625)

Frictionless agentic shopping is live on [@solana](https://x.com/solana)  
One USDC balance, 280+ APIs, 1B+ products, or grab skills mid-task via x402 made possible by [@trypurch](https://x.com/trypurch) and [@agentcashdev](https://x.com/agentcashdev)

  
**Source:** [https://x.com/trypurch/status/2033239311345213935](https://x.com/trypurch/status/2033239311345213935)

**Agents just got shopping superpowers!**   
  
Just fund it with USDC on [@agentcashdev](https://x.com/agentcashdev) (one balance unlocks 280+ APIs)  
  
\> Let them autonomously buy 1B+ products on Amazon & Shopify via [@trypurch](https://x.com/trypurch)

\> Or grab skills/personas from Purch Vault mid-task via x402  
  
No keys. Frictionless. On Solana.  
  
Try it: [http://purch.xyz](https://t.co/DkqUU6jDOQ) \+ [http://agentcash.dev](https://t.co/xeYp4e0PPR) (up to $25 rewards!)  
  
Built for agents & builders alike

https://preview.redd.it/zleeuby7repg1.png?width=680&format=png&auto=webp&s=c6589cfbec3d5b8a2783b21821f195539f122947",1,2,Solana,https://reddit.com/r/solana/comments/1rv98mm/frictionless_agentic_shopping_is_live_on_solana/
1rva2k5,2026-03-16,2026-03-16T13:53:41+00:00,What happened to Solana support for tracking a wallet?,,What happened to Solana support for tracking a wallet?,4,1,Solana,https://reddit.com/r/solana/comments/1rva2k5/what_happened_to_solana_support_for_tracking_a/
1rvlu3j,2026-03-16,2026-03-16T20:50:58+00:00,I built a Solana launchpad where being early actually pays you forever looking for devnet testers,"Every launchpad on Solana has the same problem. The dev wins. Everyone else holds the bag.

I got tired of it so I built Erys.live. Here is what is actually different.

Launch Your Own Token

Create and launch your own token in minutes. Set a scheduled launch date, make it public, and let your community back it before it even goes live. Your holders are invested before day one. No bots. No blind apes. Just people who actually believe in what you are building.

Founding Holders

When a creator schedules a launch on Erys it goes public before it goes live. You see it coming, you pledge SOL early, and you become a Founding Holder. That means you earn a cut of every single trading fee that token ever generates. Not a one time reward. Not a vesting schedule. Every trade, forever, paid to you automatically.

The people who believed first get paid the most. That is how it should have always worked.

Prediction Markets with a Buy and Burn

Every token on Erys has its own prediction market. Call the price band correctly and you win the pot. A portion of every losing bet gets used to buy and burn the token. Every wrong prediction makes your position more valuable. The market literally burns supply while people play.

You have to hold the token to participate. No token, no entry.

How to test right now:

	1.	Go to Erys.live, the devnet faucet is linked inside the app, free SOL in 10 seconds

	2.	Launch your own token or find one under Launching Soon and pledge early

	3.	Watch your fees hit your wallet automatically after launch

	4.	Jump into the prediction market and try to call the move

No real money. No risk. Just tell me what is broken, what is confusing, and what you want to see next.","I built a Solana launchpad where being early actually pays you forever looking for devnet testers Every launchpad on Solana has the same problem. The dev wins. Everyone else holds the bag.

I got tired of it so I built Erys.live. Here is what is actually different.

Launch Your Own Token

Create and launch your own token in minutes. Set a scheduled launch date, make it public, and let your community back it before it even goes live. Your holders are invested before day one. No bots. No blind apes. Just people who actually believe in what you are building.

Founding Holders

When a creator schedules a launch on Erys it goes public before it goes live. You see it coming, you pledge SOL early, and you become a Founding Holder. That means you earn a cut of every single trading fee that token ever generates. Not a one time reward. Not a vesting schedule. Every trade, forever, paid to you automatically.

The people who believed first get paid the most. That is how it should have always worked.

Prediction Markets with a Buy and Burn

Every token on Erys has its own prediction market. Call the price band correctly and you win the pot. A portion of every losing bet gets used to buy and burn the token. Every wrong prediction makes your position more valuable. The market literally burns supply while people play.

You have to hold the token to participate. No token, no entry.

How to test right now:

	1.	Go to Erys.live, the devnet faucet is linked inside the app, free SOL in 10 seconds

	2.	Launch your own token or find one under Launching Soon and pledge early

	3.	Watch your fees hit your wallet automatically after launch

	4.	Jump into the prediction market and try to call the move

No real money. No risk. Just tell me what is broken, what is confusing, and what you want to see next.",5,3,Solana,https://reddit.com/r/solana/comments/1rvlu3j/i_built_a_solana_launchpad_where_being_early/
1rvex1l,2026-03-16,2026-03-16T16:50:01+00:00,"Hinkal Is Live On Solana, Privacy For Every On-chain Action - Payments And DeFi","**Source:** [https://x.com/hinkal\_protocol/status/2033562775289532632](https://x.com/hinkal_protocol/status/2033562775289532632)

Hinkal is live on [@solana](https://x.com/solana) Privacy for every on-chain action - payments and DeFi.  
  
Hinkal has processed $400M+ in confidential volume across three products:  
  
**Hinkal Wallet** \- browser extension wallet with private balances, private DeFi, auto-shielding, and viewing keys for compliance. A full wallet experience with privacy built in.  
  
**Hinkal Pay** \- receive and pay in stablecoins with full confidentiality. Cryptographic privacy that encrypts sender, recipient, and amount. No CEX in between.  
  
**Hinkal Send** \- send to one or multiple recipients privately. Shielding, randomized delivery windows, and amount splitting for stronger privacy guarantees.  
  
**Hinkal SDK** \- privacy infrastructure for builders.  
  
Swap, send, and receive - privately.   
Execute confidential payments, payouts, and end-to-end settlements.  
  
**Hinkal Wallet is live:**  
[https://chromewebstore.google.com/detail/hinkal-wallet/khfjgapjfcdoffmklchibpepboholpbe](https://t.co/JXQcJcMPx3)   
  
Hinkal Pay and Hinkal Send are coming soon on Solana.

https://reddit.com/link/1rvex1l/video/uop3ryelsfpg1/player","Hinkal Is Live On Solana, Privacy For Every On-chain Action - Payments And DeFi **Source:** [https://x.com/hinkal\_protocol/status/2033562775289532632](https://x.com/hinkal_protocol/status/2033562775289532632)

Hinkal is live on [@solana](https://x.com/solana) Privacy for every on-chain action - payments and DeFi.  
  
Hinkal has processed $400M+ in confidential volume across three products:  
  
**Hinkal Wallet** \- browser extension wallet with private balances, private DeFi, auto-shielding, and viewing keys for compliance. A full wallet experience with privacy built in.  
  
**Hinkal Pay** \- receive and pay in stablecoins with full confidentiality. Cryptographic privacy that encrypts sender, recipient, and amount. No CEX in between.  
  
**Hinkal Send** \- send to one or multiple recipients privately. Shielding, randomized delivery windows, and amount splitting for stronger privacy guarantees.  
  
**Hinkal SDK** \- privacy infrastructure for builders.  
  
Swap, send, and receive - privately.   
Execute confidential payments, payouts, and end-to-end settlements.  
  
**Hinkal Wallet is live:**  
[https://chromewebstore.google.com/detail/hinkal-wallet/khfjgapjfcdoffmklchibpepboholpbe](https://t.co/JXQcJcMPx3)   
  
Hinkal Pay and Hinkal Send are coming soon on Solana.

https://reddit.com/link/1rvex1l/video/uop3ryelsfpg1/player",4,2,Solana,https://reddit.com/r/solana/comments/1rvex1l/hinkal_is_live_on_solana_privacy_for_every/
1rvfm2o,2026-03-16,2026-03-16T17:14:00+00:00,I tested 4 different tools to recover locked SOL from my wallet — the fee differences are wild,"Hey everyone,

I've been trading some shitcoins for a while and realized I had hundreds of empty token accounts eating up SOL in rent. Decided to actually test the main recovery tools side by side instead of just picking one randomly.

Here's what I found:

**Sol Incinerator** — 2.5-5% fee, solid for burning spam tokens, love that. Been around the longest, but a bit harder to use, and no way to recover if you accidentally burn the wrong token, and you need SOL in your wallet to be able to use the site, exhausting if you have a lot of wallets.

**ClaimYourSOL** — 20% fee, I was surprised bcs compared to sol-inc and others this is ridiculously high. Clean UI but no burning support, so it skips accounts with dust tokens. Those add up.

**ClaimFreeSOL** — 15% fee, has burning. Decent but no way to reduce the fee, pretty basic, but better than CYS.

**RefundYourSOL** — 15% base fee which sounds high, but I got it down to 2% in like 10 seconds by just pasting sol-incinerator in their fee matching modal. Only tool where I could recover SOL from a completely empty wallet (they cover the tx fees), so I did not have to fund every other wallet. They also have ""safety burns"" — burned the wrong token once and they actually refunded it, which none of the others can do. Wish the base fee was lower out the gate, but with fee matching it ended up being the cheapest & most hassle-free option for me.

Full comparison I found with tables here if anyone wants the details: \[https://refundyoursol.com/blog/best-solana-token-account-closure-tools-compared\](https://refundyoursol.com/blog/best-solana-token-account-closure-tools-compared)

Anyone else did a similar research? Curious what results others got.","I tested 4 different tools to recover locked SOL from my wallet — the fee differences are wild Hey everyone,

I've been trading some shitcoins for a while and realized I had hundreds of empty token accounts eating up SOL in rent. Decided to actually test the main recovery tools side by side instead of just picking one randomly.

Here's what I found:

**Sol Incinerator** — 2.5-5% fee, solid for burning spam tokens, love that. Been around the longest, but a bit harder to use, and no way to recover if you accidentally burn the wrong token, and you need SOL in your wallet to be able to use the site, exhausting if you have a lot of wallets.

**ClaimYourSOL** — 20% fee, I was surprised bcs compared to sol-inc and others this is ridiculously high. Clean UI but no burning support, so it skips accounts with dust tokens. Those add up.

**ClaimFreeSOL** — 15% fee, has burning. Decent but no way to reduce the fee, pretty basic, but better than CYS.

**RefundYourSOL** — 15% base fee which sounds high, but I got it down to 2% in like 10 seconds by just pasting sol-incinerator in their fee matching modal. Only tool where I could recover SOL from a completely empty wallet (they cover the tx fees), so I did not have to fund every other wallet. They also have ""safety burns"" — burned the wrong token once and they actually refunded it, which none of the others can do. Wish the base fee was lower out the gate, but with fee matching it ended up being the cheapest & most hassle-free option for me.

Full comparison I found with tables here if anyone wants the details: \[https://refundyoursol.com/blog/best-solana-token-account-closure-tools-compared\](https://refundyoursol.com/blog/best-solana-token-account-closure-tools-compared)

Anyone else did a similar research? Curious what results others got.",25,14,Solana,https://reddit.com/r/solana/comments/1rvfm2o/i_tested_4_different_tools_to_recover_locked_sol/
1rvj7kn,2026-03-16,2026-03-16T19:18:14+00:00,"Happy 6th Birthday, Solana!","Six years of building, breaking, fixing, and scaling. The way this community has shaped decentralized culture is unmatched. Everstake has walked this path with you since the early days, and the horizon ahead looks brighter than ever. 

To the builders, the dreamers, and the unstoppable speed of SOL, cheers to you all. Let’s keep pushing the limits.","Happy 6th Birthday, Solana! Six years of building, breaking, fixing, and scaling. The way this community has shaped decentralized culture is unmatched. Everstake has walked this path with you since the early days, and the horizon ahead looks brighter than ever. 

To the builders, the dreamers, and the unstoppable speed of SOL, cheers to you all. Let’s keep pushing the limits.",42,74,Solana,https://reddit.com/r/solana/comments/1rvj7kn/happy_6th_birthday_solana/
1rvmh77,2026-03-16,2026-03-16T21:13:58+00:00,Can anybody help with DevNet Solana?,*Hey anyone able to send me some devnet SOL? Trying to deploy my first Solana program and all the faucets are dry/rate limited. Address:* `AfQmEys4hBPQ6AwF7R1RiGnSmMGhJwThTRvGLoYnDvWf`,Can anybody help with DevNet Solana? *Hey anyone able to send me some devnet SOL? Trying to deploy my first Solana program and all the faucets are dry/rate limited. Address:* `AfQmEys4hBPQ6AwF7R1RiGnSmMGhJwThTRvGLoYnDvWf`,8,6,Solana,https://reddit.com/r/solana/comments/1rvmh77/can_anybody_help_with_devnet_solana/
1rvp0jg,2026-03-16,2026-03-16T22:48:18+00:00,Tokens.xyz Launches: Real-Time Financial Markets Hub on Solana.,"Solana Foundation-backed [Tokens.xyz](http://Tokens.xyz) officially launches today as the premier 24/7 platform for global financial market news and tokenized asset data on Solana.   
The aggregator delivers live insights across crypto, tokenized stocks, ETFs, commodities, metals and RWAs — powered by Solana's high-speed infrastructure for instant liquidity tracking and market intelligence.  
  
[https://x.com/tokens/status/2033578493553066122](https://x.com/tokens/status/2033578493553066122)","Tokens.xyz Launches: Real-Time Financial Markets Hub on Solana. Solana Foundation-backed [Tokens.xyz](http://Tokens.xyz) officially launches today as the premier 24/7 platform for global financial market news and tokenized asset data on Solana.   
The aggregator delivers live insights across crypto, tokenized stocks, ETFs, commodities, metals and RWAs — powered by Solana's high-speed infrastructure for instant liquidity tracking and market intelligence.  
  
[https://x.com/tokens/status/2033578493553066122](https://x.com/tokens/status/2033578493553066122)",12,5,Solana,https://reddit.com/r/solana/comments/1rvp0jg/tokensxyz_launches_realtime_financial_markets_hub/
1rvp8hi,2026-03-16,2026-03-16T22:56:41+00:00,📢 Solana Digest (March 12 – March 15),,📢 Solana Digest (March 12 – March 15),12,2,Solana,https://reddit.com/r/solana/comments/1rvp8hi/solana_digest_march_12_march_15/
1rulevx,2026-03-15,2026-03-15T18:19:36+00:00,"SXSW Podcast - How Crypto is Building New Capital Markets for Everyone, not just Wall Street",,"SXSW Podcast - How Crypto is Building New Capital Markets for Everyone, not just Wall Street",3,1,Solana,https://reddit.com/r/solana/comments/1rulevx/sxsw_podcast_how_crypto_is_building_new_capital/
1ru9xzo,2026-03-15,2026-03-15T09:44:26+00:00,What are “good” security metric thresholds for memecoins?,"I’m still learning and I keep getting stuck on the security metrics. Could someone share practical ranges for:

* Top 10 holders %
* Snipers %
* Bundles %
* Insiders %

If possible, can you frame it as a simple traffic-light guide?

* Green: under \_\_\_ = generally okay
* Yellow: *–* = can still run, but higher risk / needs more caution
* Red: over \_\_\_ = usually not worth touching

Approximate numbers are totally fine — I just want a baseline to stop guessing. Any quick notes on when those thresholds can be “ignored” (strong volume, holder growth, etc.) would be appreciated.","What are “good” security metric thresholds for memecoins? I’m still learning and I keep getting stuck on the security metrics. Could someone share practical ranges for:

* Top 10 holders %
* Snipers %
* Bundles %
* Insiders %

If possible, can you frame it as a simple traffic-light guide?

* Green: under \_\_\_ = generally okay
* Yellow: *–* = can still run, but higher risk / needs more caution
* Red: over \_\_\_ = usually not worth touching

Approximate numbers are totally fine — I just want a baseline to stop guessing. Any quick notes on when those thresholds can be “ignored” (strong volume, holder growth, etc.) would be appreciated.",5,8,Solana,https://reddit.com/r/solana/comments/1ru9xzo/what_are_good_security_metric_thresholds_for/
1rud4nt,2026-03-15,2026-03-15T12:45:28+00:00,BlackRock just proved the staked ETF model works. Solana is next in line.,"Ethereum staking yields 3.1% annually, Solana yields 7-8%. 

BlackRock just launched the ETH staking ETF and proved the structure works. 

VanEck, Bitwise and 21Shares already have Solana filings at the SEC. 

Solana seems to be next.","BlackRock just proved the staked ETF model works. Solana is next in line. Ethereum staking yields 3.1% annually, Solana yields 7-8%. 

BlackRock just launched the ETH staking ETF and proved the structure works. 

VanEck, Bitwise and 21Shares already have Solana filings at the SEC. 

Solana seems to be next.",41,6,Solana,https://reddit.com/r/solana/comments/1rud4nt/blackrock_just_proved_the_staked_etf_model_works/
1ruld3e,2026-03-15,2026-03-15T18:17:42+00:00,Solana Ecosystem News - March 15-2026,"**Source:** [https://x.com/solana/status/2033193291647434821](https://x.com/solana/status/2033193291647434821)

Nasdaq's tokenized equity markets getting a bridge into Solana DeFi. A global insurance broker settling premiums in stablecoins. An AI agent running prediction markets and ordering you dinner from a single balance. Same settlement layer. Different centuries of finance.  
  
Here's what shipped this week:  
   
📰 **Headline News**  
  
\- Solana joined [@Mastercard](https://x.com/Mastercard)'s Crypto Partner Program  
\- [@Aon\_plc](https://x.com/Aon_plc) settled the first stablecoin insurance premium using PYUSD on Solana via [@Paxos](https://x.com/Paxos)  
\- [@Sunrise\_DeFi](https://x.com/Sunrise_DeFi) brought AVAX to Solana for native asset trading  
  
📰 **Launches**  
  
\- [@xStocksFi](https://x.com/xStocksFi) unveiled a framework to connect [@Nasdaq](https://x.com/Nasdaq)'s tokenized equity markets with Solana DeFi  
\- [@vanishTrade](https://x.com/vanishTrade) integrated with [@Titan\_Exchange](https://x.com/Titan_Exchange), enabling instant private trading for any token  
\- [@perena](https://x.com/perena) launched its first curated USDT vault on Solana in collaboration with [@GlowFinanceXYZ](https://x.com/GlowFinanceXYZ)  
\- SIMD-266 (P-Token) approved to slash token transfer costs and boost network capacity with mainnet targeted for April  
\- [@doublezero](https://x.com/doublezero) introduced DoubleZero Edge for real-time market data to traders and market participants  
\- [@incubator](https://x.com/incubator) kicked off Cohort 4 of Solana startups  
\- [@trendsdotfun](https://x.com/trendsdotfun) and [@solana](https://x.com/solana) launched the Agent Economy Hackathon with $30K in prizes  
\- [@duel\_duck](https://x.com/duel_duck) enabled custom predictions with any SPL token on its social prediction market  
\- [@SuperteamUSA](https://x.com/SuperteamUSA) launched to support founders in the USA  
\- [@SharkPoolSol](https://x.com/SharkPoolSol) announced a Solana On-Campus Tour spanning 15 U.S. university events this semester  
\- [@moonshot](https://x.com/moonshot) debuted Leverage for 250x long/shorts via Apple Pay  
\- [@Exodus](https://x.com/Exodus) rolled out XO Cash, a native USD-backed stablecoin powered by [@moonpay](https://x.com/moonpay)  
\- [@EasyA\_Kickstart](https://x.com/EasyA_Kickstart) went live on Solana with idea coins for launching, trading, and backing projects  
\- [@agentcashdev](https://x.com/agentcashdev) enabled agents to access 250+ APIs via a unified USDC balance  
\- [@PalmUSD](https://x.com/PalmUSD)'s PUSD, backed 1:1 by AED + SAR reserves, went live on Solana  
\- [@Ant\_Fun\_Trade](https://x.com/Ant_Fun_Trade) integrated [@dflow](https://x.com/dflow)'s infrastructure into its perps DEX  
\- [@SolanaInstitute](https://x.com/SolanaInstitute) announced Solana Summit: Washington x Wall Street on April 13 in NYC, convening finance and policy leaders on DeFi's future  
\- [@superteam](https://x.com/superteam) and [@ns](https://x.com/ns) partnered to offer promising Solana startups their first month free at Network School  
\- [@Macropod\_AU](https://x.com/Macropod_AU) launched its regulated Australian-dollar stablecoin, AUDM on Solana  
\- [@anagramxyz](https://x.com/anagramxyz) introduced [@solanaclawagent](https://x.com/solanaclawagent), an AI agent framework executing Solana transactions via WhatsApp or Telegram  
\- [@staratlas](https://x.com/staratlas) released a major update with Holosim Chapter 2  
\- [@agentcardai](https://x.com/agentcardai) released AgentCard, giving agents the ability to pay for anything from APIs to Ubers to Prediction Market trades  
\- BlockRunAI expanded to Solana, which now accounts for 30% of its total volume within 8 days  
\- [@surfcashx](https://x.com/surfcashx) went live in Nigeria  
\- [@trycallshot](https://x.com/trycallshot) opened the waitlist for its next-gen fantasy sports platform  
\- [@fittedcloset](https://x.com/fittedcloset) showcased its Solana-powered AI wardrobe assistant in GQ  
  
📰 **Milestones**  
  
\- [@useKled](https://x.com/useKled) raised a $5.5M seed round to build the first human data marketplace with payments on Solana  
\- [@kamino](https://x.com/kamino)'s PRIME Market climbed to $570M in market size  
\- [@KASTxyz](https://x.com/KASTxyz) raised $80M in Series A co-led by QED Investors and Left Lane Capital  
\- [@crediblefin](https://x.com/crediblefin) processed $350M+ in payment volume in five months, with over 50% of transactions on Solana  
\- [@stormrae\_ai](https://x.com/stormrae_ai) set a new benchmark for public AI red-teaming with \~15K participants in its Solana-based gamified adversarial challenge  
\- [@onrefinance](https://x.com/onrefinance) deposits on   surpassed $80M, now ranking as Kamino's 3rd largest RWA market  
  
7 weeks until we Accelerate in the USA!  
If you enjoyed this week’s newsletter, please share it with an RT.   
Artwork by [@GRYBNN](https://x.com/GRYBNN) 🔥

https://preview.redd.it/pnztweee29pg1.png?width=481&format=png&auto=webp&s=27a930ee4b8f5b811dbfed46b20bbb49473dc22a","Solana Ecosystem News - March 15-2026 **Source:** [https://x.com/solana/status/2033193291647434821](https://x.com/solana/status/2033193291647434821)

Nasdaq's tokenized equity markets getting a bridge into Solana DeFi. A global insurance broker settling premiums in stablecoins. An AI agent running prediction markets and ordering you dinner from a single balance. Same settlement layer. Different centuries of finance.  
  
Here's what shipped this week:  
   
📰 **Headline News**  
  
\- Solana joined [@Mastercard](https://x.com/Mastercard)'s Crypto Partner Program  
\- [@Aon\_plc](https://x.com/Aon_plc) settled the first stablecoin insurance premium using PYUSD on Solana via [@Paxos](https://x.com/Paxos)  
\- [@Sunrise\_DeFi](https://x.com/Sunrise_DeFi) brought AVAX to Solana for native asset trading  
  
📰 **Launches**  
  
\- [@xStocksFi](https://x.com/xStocksFi) unveiled a framework to connect [@Nasdaq](https://x.com/Nasdaq)'s tokenized equity markets with Solana DeFi  
\- [@vanishTrade](https://x.com/vanishTrade) integrated with [@Titan\_Exchange](https://x.com/Titan_Exchange), enabling instant private trading for any token  
\- [@perena](https://x.com/perena) launched its first curated USDT vault on Solana in collaboration with [@GlowFinanceXYZ](https://x.com/GlowFinanceXYZ)  
\- SIMD-266 (P-Token) approved to slash token transfer costs and boost network capacity with mainnet targeted for April  
\- [@doublezero](https://x.com/doublezero) introduced DoubleZero Edge for real-time market data to traders and market participants  
\- [@incubator](https://x.com/incubator) kicked off Cohort 4 of Solana startups  
\- [@trendsdotfun](https://x.com/trendsdotfun) and [@solana](https://x.com/solana) launched the Agent Economy Hackathon with $30K in prizes  
\- [@duel\_duck](https://x.com/duel_duck) enabled custom predictions with any SPL token on its social prediction market  
\- [@SuperteamUSA](https://x.com/SuperteamUSA) launched to support founders in the USA  
\- [@SharkPoolSol](https://x.com/SharkPoolSol) announced a Solana On-Campus Tour spanning 15 U.S. university events this semester  
\- [@moonshot](https://x.com/moonshot) debuted Leverage for 250x long/shorts via Apple Pay  
\- [@Exodus](https://x.com/Exodus) rolled out XO Cash, a native USD-backed stablecoin powered by [@moonpay](https://x.com/moonpay)  
\- [@EasyA\_Kickstart](https://x.com/EasyA_Kickstart) went live on Solana with idea coins for launching, trading, and backing projects  
\- [@agentcashdev](https://x.com/agentcashdev) enabled agents to access 250+ APIs via a unified USDC balance  
\- [@PalmUSD](https://x.com/PalmUSD)'s PUSD, backed 1:1 by AED + SAR reserves, went live on Solana  
\- [@Ant\_Fun\_Trade](https://x.com/Ant_Fun_Trade) integrated [@dflow](https://x.com/dflow)'s infrastructure into its perps DEX  
\- [@SolanaInstitute](https://x.com/SolanaInstitute) announced Solana Summit: Washington x Wall Street on April 13 in NYC, convening finance and policy leaders on DeFi's future  
\- [@superteam](https://x.com/superteam) and [@ns](https://x.com/ns) partnered to offer promising Solana startups their first month free at Network School  
\- [@Macropod\_AU](https://x.com/Macropod_AU) launched its regulated Australian-dollar stablecoin, AUDM on Solana  
\- [@anagramxyz](https://x.com/anagramxyz) introduced [@solanaclawagent](https://x.com/solanaclawagent), an AI agent framework executing Solana transactions via WhatsApp or Telegram  
\- [@staratlas](https://x.com/staratlas) released a major update with Holosim Chapter 2  
\- [@agentcardai](https://x.com/agentcardai) released AgentCard, giving agents the ability to pay for anything from APIs to Ubers to Prediction Market trades  
\- BlockRunAI expanded to Solana, which now accounts for 30% of its total volume within 8 days  
\- [@surfcashx](https://x.com/surfcashx) went live in Nigeria  
\- [@trycallshot](https://x.com/trycallshot) opened the waitlist for its next-gen fantasy sports platform  
\- [@fittedcloset](https://x.com/fittedcloset) showcased its Solana-powered AI wardrobe assistant in GQ  
  
📰 **Milestones**  
  
\- [@useKled](https://x.com/useKled) raised a $5.5M seed round to build the first human data marketplace with payments on Solana  
\- [@kamino](https://x.com/kamino)'s PRIME Market climbed to $570M in market size  
\- [@KASTxyz](https://x.com/KASTxyz) raised $80M in Series A co-led by QED Investors and Left Lane Capital  
\- [@crediblefin](https://x.com/crediblefin) processed $350M+ in payment volume in five months, with over 50% of transactions on Solana  
\- [@stormrae\_ai](https://x.com/stormrae_ai) set a new benchmark for public AI red-teaming with \~15K participants in its Solana-based gamified adversarial challenge  
\- [@onrefinance](https://x.com/onrefinance) deposits on   surpassed $80M, now ranking as Kamino's 3rd largest RWA market  
  
7 weeks until we Accelerate in the USA!  
If you enjoyed this week’s newsletter, please share it with an RT.   
Artwork by [@GRYBNN](https://x.com/GRYBNN) 🔥

https://preview.redd.it/pnztweee29pg1.png?width=481&format=png&auto=webp&s=27a930ee4b8f5b811dbfed46b20bbb49473dc22a",10,3,Solana,https://reddit.com/r/solana/comments/1ruld3e/solana_ecosystem_news_march_152026/
1rumqiv,2026-03-15,2026-03-15T19:09:44+00:00,From my exchange how do I send usdc to my Solana wallet? When I send form exchange do I need to have any Solana in my exchange account for gas fees?,How much Solana do I need to have in my hardware wallet to hold (for example) $1 Million dollars? ,From my exchange how do I send usdc to my Solana wallet? When I send form exchange do I need to have any Solana in my exchange account for gas fees? How much Solana do I need to have in my hardware wallet to hold (for example) $1 Million dollars?,2,20,Solana,https://reddit.com/r/solana/comments/1rumqiv/from_my_exchange_how_do_i_send_usdc_to_my_solana/
1ruscrc,2026-03-15,2026-03-15T22:47:34+00:00,What are the best options for solana lending in 2026?,"Hey Solana enthusiasts, have any of you ventured into using Solana protocols for lending in 2026? I recently tried arcusfi.top, a non-custodial lending platform that supports SOL and various SPL tokens, and it was quite smooth. Anyone else tried it or found other robust options in this space? What was your experience?","What are the best options for solana lending in 2026? Hey Solana enthusiasts, have any of you ventured into using Solana protocols for lending in 2026? I recently tried arcusfi.top, a non-custodial lending platform that supports SOL and various SPL tokens, and it was quite smooth. Anyone else tried it or found other robust options in this space? What was your experience?",25,12,Solana,https://reddit.com/r/solana/comments/1ruscrc/what_are_the_best_options_for_solana_lending_in/
1ruog9j,2026-03-15,2026-03-15T20:15:17+00:00,"Colosseum Codex: Superteam USA, Mastercard Partner Program, Jito Acquires SolanaFloor","**Source:** [https://blog.colosseum.com/superteam-usa-mastercard-jito-solanafloor/](https://blog.colosseum.com/superteam-usa-mastercard-jito-solanafloor/)

Superteam USA, Mastercard Crypto Partner Program, Jito Relaunches SolanaFloor

https://preview.redd.it/xdl9kc06o9pg1.png?width=960&format=png&auto=webp&s=f626cd40c43e1ed3d57ceaf187597c72fa282b60

**Here's what's featured in this week's issue:**

* Superteam USA has officially launched
* Mastercard introduced a Crypto Partner Program including Solana
* SolanaFloor returns after shutdown thanks to Jito

# 🦸 Superteam USA

Solana Superteam USA has officially launched, led by Nicky Scannella, founder of decentralized validation project Layer33 and host of The Index Show podcast. 

Superteam USA operates as a community of founders and developers across the US. Day-to-day work includes connecting developers with founders, helping teams hire, organizing events, supporting fundraising, and assisting consumer apps with on-chain payments and user data.

Scannella cites consumer apps, trading infrastructure, and agentic payments as Solana's biggest near-term opportunities, noting the chain's speed and cost as natural rails for autonomous agent transactions. 

The chapter's near-term goal is to help ten teams that wouldn't otherwise have touched Solana integrate it meaningfully. Longer term, Scannella wants to help double the current count of seven Solana companies generating over $100M in annual revenue.

Superteam USA is headquartered/launching from Miami, and prioritizing Miami founders in applications right now

[**Superteam USA**](https://us.superteam.fun/?ref=blog.colosseum.com)

# 💳 Mastercard Crypto Partner Program

Mastercard introduced a Crypto Partner Program connecting more than 85 companies across crypto, payments, and fintech, including Solana

The initiative creates a forum for blockchain developers, financial institutions, and payment providers to build practical digital asset applications on top of existing card networks and global commerce infrastructure.

The program targets cross-border remittances, B2B transfers, settlement, and stablecoin payments. Participants work directly with Mastercard teams to design products that combine digital asset speed and programmability with compliant, scalable card infrastructure.

Solana already has concrete integrations in the pipeline. Kazakhstan's central bank launched a tenge-pegged stablecoin (KZTE) on Solana that Mastercard plans to enable for card payments within the country's regulatory sandbox. Mastercard also added support for $FIUSD, a Solana-based stablecoin launched by financial services firm Fiserv.

Crypto-linked card payments grew rapidly in 2025, with Visa currently processing roughly 90% of total volume according to analytics firm Artemis. Mastercard's program signals a direct push to compete in that expanding market.

[**Mastercard launches new Crypto Partner Program**](https://www.mastercard.com/us/en/news-and-trends/stories/2026/mastercard-crypto-partner-program.html?ref=blog.colosseum.com)

# 📰 Jito Relaunches SolanaFloor

Jito Foundation acquired SolanaFloor, bringing the publication back online after it went dark following a hack at its former parent company, Step Finance.

SolanaFloor retains full editorial and creative independence under Jito's ownership. Jito Foundation President Brian Smith framed the acquisition as an investment in ecosystem public goods: 

>When SolanaFloor went dark, the ecosystem lost something difficult to replace. This acquisition is about filling the gap with a platform that operates from a position of editorial independence.

Originally launched in 2021 as an NFT analytics platform, SolanaFloor was acquired by Step Finance in 2022 and pivoted to full ecosystem news coverage. The newsroom resumes all services immediately, with news, data analytics, investigative journalism, and video content.

[**SolanaFloor Returns: Jito Acquires Independent Solana News Outlet**](https://solanafloor.com/news/solana-floor-returns-jito-acquires-independent-solana-news-outlet?ref=blog.colosseum.com)

Want early access to the latest products launching from Colosseum? 

We're looking for alpha testers to be among the first to try what we're building!

[Apply Now](https://form.typeform.com/to/WahoPO08?ref=blog.colosseum.com)

# ⚡ Quick Hits

[Scaling Solana: From Turbine to Multicast](https://doublezero.xyz/journal/scaling-solana-from-turbine-to-multicast?ref=blog.colosseum.com) \- DoubleZero

[Understanding xAssets: A Guide to Leveraged Exposure on Hylo](https://x.com/hylo_so/status/2030740168806903840?ref=blog.colosseum.com) \- [@hylo\_so](https://x.com/hylo_so)

[How Instruction Introspection Makes Solana Flash Loans Structurally Safer Than Ethereum’s](https://hackernoon.com/how-instruction-introspection-makes-solana-flash-loans-structurally-safer-than-ethereums?ref=blog.colosseum.com) \- Ola Adesoye

[How to add Polymarkets to your Solana app using the Jupiter Predict API](https://x.com/JupDevRel/status/2031926314811486657?ref=blog.colosseum.com) \- [@JupDevRel](https://x.com/JupDevRel)

[Introducing SOLSkills.sh: An open registry of skills for AI coding agents and Solana developers](https://x.com/Amir0X1/status/2031820933368025200?ref=blog.colosseum.com) \- u/Amir0X1

# ⚙️ Tools & Resources

[@quicknode/x402](https://www.npmjs.com/package/@quicknode/x402?ref=blog.colosseum.com) is a multi-chain payment client for Quicknode's x402 RPC proxy that handles SIWX authentication, x402 USDC micropayments, JWT session management, and supports JSON-RPC, gRPC-Web, REST, and WebSocket protocols.

[safe-solana-builder](https://github.com/Frankcastleauditor/safe-solana-builder?ref=blog.colosseum.com) is a Claude skill for writing production-grade, security-first Solana programs.

[flash-swap-amm](https://github.com/adpthegreat/flash-swap-amm?ref=blog.colosseum.com) is an implementation of a simple Constant product AMM that supports flash swaps in Solana.

[solana-stablecoin-standard](https://github.com/priyanshpatel18/solana-stablecoin-standard?ref=blog.colosseum.com) is an open-source collection of standards and SDK for stablecoins on Solana with production-ready templates that institutions and builders can fork, customize, and deploy.

# 💸 Funding

KAST, a stablecoin banking and card platform, has [secured $80M in Series A funding](https://www.kast.xyz/blog/kast-announces-80m-series-a?ref=blog.colosseum.com) co-led by QED Investors and Left Lane Capital. Funds will go toward expanding into North America, Latin America, and the Middle East, licensing and compliance infrastructure, and team growth across engineering and operations.

AgentMail, an  infrastructure product that gives AI agents their own email inboxes,  [raised a $6M seed round](https://www.agentmail.to/blog/agentmail-seed-launch?ref=blog.colosseum.com) led by General Catalyst, with participation from Y Combinator, Phosphor Capital, and angels. Funds will go toward expanding agent identity infrastructure beyond email into credentials, reputation, and trust.

# 👩‍🔧 Get Hired

* Ondo is hiring a [Chief Technology Officer](https://jobs.solana.com/companies/ondo-finance/jobs/70538644-chief-technology-officer?ref=blog.colosseum.com#content)
* CoW DAO is hiring an [Integration Engineer](https://jobs.solana.com/companies/cow-dao/jobs/70538598-integration-engineer?ref=blog.colosseum.com#content)
* Joyride is hiring a [Founding Principal Engineer](https://jobs.solana.com/companies/joyride-labs/jobs/70219804-founding-principal-engineer?ref=blog.colosseum.com#content)
* Temporal is hiring a [Solana Engineer](https://jobs.solana.com/companies/temporal-2-0e59b0f4-74c3-42dc-8847-5e62e8055075/jobs/70077215-solana-engineer?ref=blog.colosseum.com#content)

# 🎧 Listen to This

# Podcast Title

On The Latest Development, host Dirt rides through the Wasatch Mountains with Mike MacCana, Solana Developer Relations at Quicknode.

The conversation covers Mike's path from running a cryptography/PKI company to building on Solana, a deep dive into privacy-preserving apps using Arcium (private on-chain elections, blind auctions), and why Solana's combination of speed, cost, decentralization, and real users gives it a durable edge.

[**QuickNode: Mike MacCana on Cryptography Roots, Solana Adoption & Future-Proof Privacy**](https://www.youtube.com/watch?v=udTYIDmpISo&ref=blog.colosseum.com)

[Follow me](https://x.com/mikehale?ref=blog.colosseum.com) on X!

# Thanks for reading ✌️

I hope you found something useful here! If you have any suggestions or feedback just let me know what you think.","Colosseum Codex: Superteam USA, Mastercard Partner Program, Jito Acquires SolanaFloor **Source:** [https://blog.colosseum.com/superteam-usa-mastercard-jito-solanafloor/](https://blog.colosseum.com/superteam-usa-mastercard-jito-solanafloor/)

Superteam USA, Mastercard Crypto Partner Program, Jito Relaunches SolanaFloor

https://preview.redd.it/xdl9kc06o9pg1.png?width=960&format=png&auto=webp&s=f626cd40c43e1ed3d57ceaf187597c72fa282b60

**Here's what's featured in this week's issue:**

* Superteam USA has officially launched
* Mastercard introduced a Crypto Partner Program including Solana
* SolanaFloor returns after shutdown thanks to Jito

# 🦸 Superteam USA

Solana Superteam USA has officially launched, led by Nicky Scannella, founder of decentralized validation project Layer33 and host of The Index Show podcast. 

Superteam USA operates as a community of founders and developers across the US. Day-to-day work includes connecting developers with founders, helping teams hire, organizing events, supporting fundraising, and assisting consumer apps with on-chain payments and user data.

Scannella cites consumer apps, trading infrastructure, and agentic payments as Solana's biggest near-term opportunities, noting the chain's speed and cost as natural rails for autonomous agent transactions. 

The chapter's near-term goal is to help ten teams that wouldn't otherwise have touched Solana integrate it meaningfully. Longer term, Scannella wants to help double the current count of seven Solana companies generating over $100M in annual revenue.

Superteam USA is headquartered/launching from Miami, and prioritizing Miami founders in applications right now

[**Superteam USA**](https://us.superteam.fun/?ref=blog.colosseum.com)

# 💳 Mastercard Crypto Partner Program

Mastercard introduced a Crypto Partner Program connecting more than 85 companies across crypto, payments, and fintech, including Solana

The initiative creates a forum for blockchain developers, financial institutions, and payment providers to build practical digital asset applications on top of existing card networks and global commerce infrastructure.

The program targets cross-border remittances, B2B transfers, settlement, and stablecoin payments. Participants work directly with Mastercard teams to design products that combine digital asset speed and programmability with compliant, scalable card infrastructure.

Solana already has concrete integrations in the pipeline. Kazakhstan's central bank launched a tenge-pegged stablecoin (KZTE) on Solana that Mastercard plans to enable for card payments within the country's regulatory sandbox. Mastercard also added support for $FIUSD, a Solana-based stablecoin launched by financial services firm Fiserv.

Crypto-linked card payments grew rapidly in 2025, with Visa currently processing roughly 90% of total volume according to analytics firm Artemis. Mastercard's program signals a direct push to compete in that expanding market.

[**Mastercard launches new Crypto Partner Program**](https://www.mastercard.com/us/en/news-and-trends/stories/2026/mastercard-crypto-partner-program.html?ref=blog.colosseum.com)

# 📰 Jito Relaunches SolanaFloor

Jito Foundation acquired SolanaFloor, bringing the publication back online after it went dark following a hack at its former parent company, Step Finance.

SolanaFloor retains full editorial and creative independence under Jito's ownership. Jito Foundation President Brian Smith framed the acquisition as an investment in ecosystem public goods: 

>When SolanaFloor went dark, the ecosystem lost something difficult to replace. This acquisition is about filling the gap with a platform that operates from a position of editorial independence.

Originally launched in 2021 as an NFT analytics platform, SolanaFloor was acquired by Step Finance in 2022 and pivoted to full ecosystem news coverage. The newsroom resumes all services immediately, with news, data analytics, investigative journalism, and video content.

[**SolanaFloor Returns: Jito Acquires Independent Solana News Outlet**](https://solanafloor.com/news/solana-floor-returns-jito-acquires-independent-solana-news-outlet?ref=blog.colosseum.com)

Want early access to the latest products launching from Colosseum? 

We're looking for alpha testers to be among the first to try what we're building!

[Apply Now](https://form.typeform.com/to/WahoPO08?ref=blog.colosseum.com)

# ⚡ Quick Hits

[Scaling Solana: From Turbine to Multicast](https://doublezero.xyz/journal/scaling-solana-from-turbine-to-multicast?ref=blog.colosseum.com) \- DoubleZero

[Understanding xAssets: A Guide to Leveraged Exposure on Hylo](https://x.com/hylo_so/status/2030740168806903840?ref=blog.colosseum.com) \- [@hylo\_so](https://x.com/hylo_so)

[How Instruction Introspection Makes Solana Flash Loans Structurally Safer Than Ethereum’s](https://hackernoon.com/how-instruction-introspection-makes-solana-flash-loans-structurally-safer-than-ethereums?ref=blog.colosseum.com) \- Ola Adesoye

[How to add Polymarkets to your Solana app using the Jupiter Predict API](https://x.com/JupDevRel/status/2031926314811486657?ref=blog.colosseum.com) \- [@JupDevRel](https://x.com/JupDevRel)

[Introducing SOLSkills.sh: An open registry of skills for AI coding agents and Solana developers](https://x.com/Amir0X1/status/2031820933368025200?ref=blog.colosseum.com) \- u/Amir0X1

# ⚙️ Tools & Resources

[@quicknode/x402](https://www.npmjs.com/package/@quicknode/x402?ref=blog.colosseum.com) is a multi-chain payment client for Quicknode's x402 RPC proxy that handles SIWX authentication, x402 USDC micropayments, JWT session management, and supports JSON-RPC, gRPC-Web, REST, and WebSocket protocols.

[safe-solana-builder](https://github.com/Frankcastleauditor/safe-solana-builder?ref=blog.colosseum.com) is a Claude skill for writing production-grade, security-first Solana programs.

[flash-swap-amm](https://github.com/adpthegreat/flash-swap-amm?ref=blog.colosseum.com) is an implementation of a simple Constant product AMM that supports flash swaps in Solana.

[solana-stablecoin-standard](https://github.com/priyanshpatel18/solana-stablecoin-standard?ref=blog.colosseum.com) is an open-source collection of standards and SDK for stablecoins on Solana with production-ready templates that institutions and builders can fork, customize, and deploy.

# 💸 Funding

KAST, a stablecoin banking and card platform, has [secured $80M in Series A funding](https://www.kast.xyz/blog/kast-announces-80m-series-a?ref=blog.colosseum.com) co-led by QED Investors and Left Lane Capital. Funds will go toward expanding into North America, Latin America, and the Middle East, licensing and compliance infrastructure, and team growth across engineering and operations.

AgentMail, an  infrastructure product that gives AI agents their own email inboxes,  [raised a $6M seed round](https://www.agentmail.to/blog/agentmail-seed-launch?ref=blog.colosseum.com) led by General Catalyst, with participation from Y Combinator, Phosphor Capital, and angels. Funds will go toward expanding agent identity infrastructure beyond email into credentials, reputation, and trust.

# 👩‍🔧 Get Hired

* Ondo is hiring a [Chief Technology Officer](https://jobs.solana.com/companies/ondo-finance/jobs/70538644-chief-technology-officer?ref=blog.colosseum.com#content)
* CoW DAO is hiring an [Integration Engineer](https://jobs.solana.com/companies/cow-dao/jobs/70538598-integration-engineer?ref=blog.colosseum.com#content)
* Joyride is hiring a [Founding Principal Engineer](https://jobs.solana.com/companies/joyride-labs/jobs/70219804-founding-principal-engineer?ref=blog.colosseum.com#content)
* Temporal is hiring a [Solana Engineer](https://jobs.solana.com/companies/temporal-2-0e59b0f4-74c3-42dc-8847-5e62e8055075/jobs/70077215-solana-engineer?ref=blog.colosseum.com#content)

# 🎧 Listen to This

# Podcast Title

On The Latest Development, host Dirt rides through the Wasatch Mountains with Mike MacCana, Solana Developer Relations at Quicknode.

The conversation covers Mike's path from running a cryptography/PKI company to building on Solana, a deep dive into privacy-preserving apps using Arcium (private on-chain elections, blind auctions), and why Solana's combination of speed, cost, decentralization, and real users gives it a durable edge.

[**QuickNode: Mike MacCana on Cryptography Roots, Solana Adoption & Future-Proof Privacy**](https://www.youtube.com/watch?v=udTYIDmpISo&ref=blog.colosseum.com)

[Follow me](https://x.com/mikehale?ref=blog.colosseum.com) on X!

# Thanks for reading ✌️

I hope you found something useful here! If you have any suggestions or feedback just let me know what you think.",6,3,Solana,https://reddit.com/r/solana/comments/1ruog9j/colosseum_codex_superteam_usa_mastercard_partner/
1run4hc,2026-03-15,2026-03-15T19:24:30+00:00,can trade memecoins as a NY state resident? (without vpns or loopholes),"learned today that axiom is off bounds for me since im in ny... wondering if i can use padre? fomo?

thanks!","can trade memecoins as a NY state resident? (without vpns or loopholes) learned today that axiom is off bounds for me since im in ny... wondering if i can use padre? fomo?

thanks!",4,2,Solana,https://reddit.com/r/solana/comments/1run4hc/can_trade_memecoins_as_a_ny_state_resident/
1rtieq8,2026-03-14,2026-03-14T12:40:21+00:00,Solandy - Serialization and Deserialization [Solana Basics Day6] - Feb 18th '26,,Solandy - Serialization and Deserialization [Solana Basics Day6] - Feb 18th '26,7,1,Solana,https://reddit.com/r/solana/comments/1rtieq8/solandy_serialization_and_deserialization_solana/
1rt7wyh,2026-03-14,2026-03-14T02:48:18+00:00,How does ppl like Cented making so much ?,"i hear he is devving and bundling but i also watch his streams a lot, obviously if thats what he is doing, its not on live stream, so what ? he uses a another guy to dev and buy them on live ?

  
just curious whats the sauce here","How does ppl like Cented making so much ? i hear he is devving and bundling but i also watch his streams a lot, obviously if thats what he is doing, its not on live stream, so what ? he uses a another guy to dev and buy them on live ?

  
just curious whats the sauce here",5,27,Solana,https://reddit.com/r/solana/comments/1rt7wyh/how_does_ppl_like_cented_making_so_much/
1rtgwon,2026-03-14,2026-03-14T11:22:11+00:00,Solana Approves SIMD-266: P-Token Upgrade Unlocks Major Network Efficiency,"Solana validators just greenlit SIMD-266, which rolls out P-Token—a super-efficient upgrade to the current SPL Token program that's all about saving compute power.   
It cuts compute unit usage for token stuff by up to 95% (like transfers dropping from around 4,600 CU to just 100), and it's fully backward compatible—no need to tweak any code. This should free up 9-12% more block space, letting the network handle way more transactions cheaper and faster.   
It'll hit mainnet after audits and validator sign-off. Huge win for Solana's scalability!

[https://x.com/jacobvcreech/status/2032564616044109995](https://x.com/jacobvcreech/status/2032564616044109995)  
  
P-Token  
[https://www.helius.dev/blog/solana-p-token](https://www.helius.dev/blog/solana-p-token)","Solana Approves SIMD-266: P-Token Upgrade Unlocks Major Network Efficiency Solana validators just greenlit SIMD-266, which rolls out P-Token—a super-efficient upgrade to the current SPL Token program that's all about saving compute power.   
It cuts compute unit usage for token stuff by up to 95% (like transfers dropping from around 4,600 CU to just 100), and it's fully backward compatible—no need to tweak any code. This should free up 9-12% more block space, letting the network handle way more transactions cheaper and faster.   
It'll hit mainnet after audits and validator sign-off. Huge win for Solana's scalability!

[https://x.com/jacobvcreech/status/2032564616044109995](https://x.com/jacobvcreech/status/2032564616044109995)  
  
P-Token  
[https://www.helius.dev/blog/solana-p-token](https://www.helius.dev/blog/solana-p-token)",26,3,Solana,https://reddit.com/r/solana/comments/1rtgwon/solana_approves_simd266_ptoken_upgrade_unlocks/
1rtidre,2026-03-14,2026-03-14T12:39:05+00:00,Solana Foundation Validator Discussion - March 13 2026,,Solana Foundation Validator Discussion - March 13 2026,8,3,Solana,https://reddit.com/r/solana/comments/1rtidre/solana_foundation_validator_discussion_march_13/
1rtgkdd,2026-03-14,2026-03-14T11:02:58+00:00,Problem with trading bot,"Hey there!

crypto veteran here, I have some knowledge I have implanted to a script that would trade memecoins for me (I know it's a low chance probability bot, but I still want to take this as a project)

The thing is, I've already got most of the stuff set up: API's, tradingpair, strategy, and the stimulated test with demo assets runs good  
the thing is every time I try to start and live trade there it wont trade and give me one of these two error

    {""attempted"":true,""bundle_id"":null,""decision"":{""confidence"":0.40339707082902143,""execute"":true,""priority_fee_microlamports"":18830,""reason"":""expected net profit positive with acceptable confidence""},""error"":""execution_prepare_or_submit_failed: HTTP Error 429: Too Many Requests"",""event"":""execution"",""kind"":""dex_arbitrage"",""opportunity_id"":""arb-500000011-jupiter_route_SOL_USDC-raydium_SOL_USDC"",""payload"":{""buy_pool"":""jupiter_route_SOL_USDC"",""max_position_usd"":200.0,""sell_pool"":""raydium_SOL_USDC"",""slippage_bps"":20,""spread"":0.3199999999999932,""trade_size_sol"":2.2996435552489363,""trader_pubkey"":""L7e51NvZ9Na4NmnYYRAdASbAZyLj1THKTLhKmBmnK52""},""realized_pnl_usd"":-1.5,""success"":false,""ts"":""2026-03-14T10:57:38.453671+00:00"",""tx_signature"":null}

 or this



    {""attempted"":true,""bundle_id"":null,""decision"":{""confidence"":0.4024247294860234,""execute"":true,""priority_fee_microlamports"":18809,""reason"":""expected net profit positive with acceptable confidence""},""error"":""execution_prepare_or_submit_failed: HTTP Error 400: Bad Request"",""event"":""execution"",""kind"":""dex_arbitrage"",""opportunity_id"":""arb-500000001-jupiter_route_SOL_USDC-raydium_SOL_USDC"",""payload"":{""buy_pool"":""jupiter_route_SOL_USDC"",""max_position_usd"":200.0,""sell_pool"":""raydium_SOL_USDC"",""slippage_bps"":20,""spread"":0.23999999999999488,""trade_size_sol"":2.254283137962128,""trader_pubkey"":""L7e51NvZ9Na4NmnYYRAdASbAZyLj1THKTLhKmBmnK52""},""realized_pnl_usd"":-1.5,""success"":false,""ts"":""2026-03-14T04:52:00.126481+00:00"",""tx_signature"":null}



what direction should I start exploring at t omake sure my trades are being executed?","Problem with trading bot Hey there!

crypto veteran here, I have some knowledge I have implanted to a script that would trade memecoins for me (I know it's a low chance probability bot, but I still want to take this as a project)

The thing is, I've already got most of the stuff set up: API's, tradingpair, strategy, and the stimulated test with demo assets runs good  
the thing is every time I try to start and live trade there it wont trade and give me one of these two error

    {""attempted"":true,""bundle_id"":null,""decision"":{""confidence"":0.40339707082902143,""execute"":true,""priority_fee_microlamports"":18830,""reason"":""expected net profit positive with acceptable confidence""},""error"":""execution_prepare_or_submit_failed: HTTP Error 429: Too Many Requests"",""event"":""execution"",""kind"":""dex_arbitrage"",""opportunity_id"":""arb-500000011-jupiter_route_SOL_USDC-raydium_SOL_USDC"",""payload"":{""buy_pool"":""jupiter_route_SOL_USDC"",""max_position_usd"":200.0,""sell_pool"":""raydium_SOL_USDC"",""slippage_bps"":20,""spread"":0.3199999999999932,""trade_size_sol"":2.2996435552489363,""trader_pubkey"":""L7e51NvZ9Na4NmnYYRAdASbAZyLj1THKTLhKmBmnK52""},""realized_pnl_usd"":-1.5,""success"":false,""ts"":""2026-03-14T10:57:38.453671+00:00"",""tx_signature"":null}

 or this



    {""attempted"":true,""bundle_id"":null,""decision"":{""confidence"":0.4024247294860234,""execute"":true,""priority_fee_microlamports"":18809,""reason"":""expected net profit positive with acceptable confidence""},""error"":""execution_prepare_or_submit_failed: HTTP Error 400: Bad Request"",""event"":""execution"",""kind"":""dex_arbitrage"",""opportunity_id"":""arb-500000001-jupiter_route_SOL_USDC-raydium_SOL_USDC"",""payload"":{""buy_pool"":""jupiter_route_SOL_USDC"",""max_position_usd"":200.0,""sell_pool"":""raydium_SOL_USDC"",""slippage_bps"":20,""spread"":0.23999999999999488,""trade_size_sol"":2.254283137962128,""trader_pubkey"":""L7e51NvZ9Na4NmnYYRAdASbAZyLj1THKTLhKmBmnK52""},""realized_pnl_usd"":-1.5,""success"":false,""ts"":""2026-03-14T04:52:00.126481+00:00"",""tx_signature"":null}



what direction should I start exploring at t omake sure my trades are being executed?",5,4,Solana,https://reddit.com/r/solana/comments/1rtgkdd/problem_with_trading_bot/
1rtieyd,2026-03-14,2026-03-14T12:40:38+00:00,Solandy - Next Steps to become a Solana Dev [Solana Basics Day7] - Feb 22nd '26,,Solandy - Next Steps to become a Solana Dev [Solana Basics Day7] - Feb 22nd '26,5,1,Solana,https://reddit.com/r/solana/comments/1rtieyd/solandy_next_steps_to_become_a_solana_dev_solana/
1rtigry,2026-03-14,2026-03-14T12:43:08+00:00,"The Index Podcast - Solana, AI & the Future of Crypto Startups | Ben Coverston (Harmonic)",,"The Index Podcast - Solana, AI & the Future of Crypto Startups | Ben Coverston (Harmonic)",5,1,Solana,https://reddit.com/r/solana/comments/1rtigry/the_index_podcast_solana_ai_the_future_of_crypto/
1rtih4s,2026-03-14,2026-03-14T12:43:36+00:00,"The Index Podcast - Solana, AI Agents & the Future of Payments | Alfonso Gómez (Crossmint) on The Index Podcast",,"The Index Podcast - Solana, AI Agents & the Future of Payments | Alfonso Gómez (Crossmint) on The Index Podcast",4,1,Solana,https://reddit.com/r/solana/comments/1rtih4s/the_index_podcast_solana_ai_agents_the_future_of/
1rtitg7,2026-03-14,2026-03-14T12:59:50+00:00,How you currently get trades from grpc?,"I want to understand how DEX trades are typically derived from Solana gRPC data.

* Is each DEX and launchpad parsed separately?
* What schema is used during parsing? Are intermediate trades and all fee components stored?
* How is the actual trader identified, considering that transactions may involve routers or other programs? Is there a standard algorithm for this?
* How are trade values converted into USD?","How you currently get trades from grpc? I want to understand how DEX trades are typically derived from Solana gRPC data.

* Is each DEX and launchpad parsed separately?
* What schema is used during parsing? Are intermediate trades and all fee components stored?
* How is the actual trader identified, considering that transactions may involve routers or other programs? Is there a standard algorithm for this?
* How are trade values converted into USD?",3,5,Solana,https://reddit.com/r/solana/comments/1rtitg7/how_you_currently_get_trades_from_grpc/
1rttqwl,2026-03-14,2026-03-14T20:19:21+00:00,What are the best (reputable) Decentralized Exchanges on Solana Blockchain?,"What are the best (reputable) Decentralized Exchanges on Solana Blockchain?

I know theres' Jupiter, Orca, and Raydium. What other names do big volume?","What are the best (reputable) Decentralized Exchanges on Solana Blockchain? What are the best (reputable) Decentralized Exchanges on Solana Blockchain?

I know theres' Jupiter, Orca, and Raydium. What other names do big volume?",16,11,Solana,https://reddit.com/r/solana/comments/1rttqwl/what_are_the_best_reputable_decentralized/
1rti68g,2026-03-14,2026-03-14T12:28:50+00:00,THIS WEEK IN MEDIA - 3/6-3/13,"**Source:** [https://x.com/solana/status/2032778349798678840](https://x.com/solana/status/2032778349798678840)

THIS WEEK IN MEDIA - 3/6-3/13

https://preview.redd.it/5q3533c680pg1.png?width=680&format=png&auto=webp&s=42f6d36bacb0a6c777159abb19c6dbc481efa334

Read

* TheStreet covered Solana flipping Ethereum in RWA holders:  [Solana reaches historic milestone against Ethereum in RWA market ](https://www.thestreet.com/crypto/markets/solana-reaches-historic-milestone-against-ethereum-in-rwa-market)
* Mastercard announced their Crypto Partner Program:  [Mastercard Recruits Solana, Binance, PayPal and Ripple for a New 85-Firm Crypto Partner Program](https://fintech.tv/mastercard-recruits-binance-paypal-and-ripple-for-a-new-85-firm-crypto-partner-program/)
* Invesco and Grayscale both published reporters on Solana:
* Invesco:  [What is Solana, and why does this digital asset matter?](https://www.invesco.com/us/en/insights/what-is-solana.html)
* Grayscale:  [The Stack](https://www.grayscale.com/the-stack/six-reasons-to-consider-solana)
* Jito acquired SolanaFloor:  [SolanaFloor Returns: Jito Acquires Independent Solana News Outlet](https://solanafloor.com/news/solana-floor-returns-jito-acquires-independent-solana-news-outlet)
* Forbes on the launch of Superteam USA:  [Nicky Scannella: Building Solana’s Superteam USA](https://www.forbes.com/sites/hadleystern/2026/03/12/nicky-scannella-building-solanas-superteam-usa/)
* GQ covered Fitted’s integrations with AccuWeather and TaskRabbit, and the role of Fitted’s token which is built on Solana:  [How this AI closet just solved your morning routine](https://gq.co.za/culture/tech/2026-03-12-how-this-ai-closet-just-solved-your-morning-routine/)
* Aon, one of the largest insurance brokers, is leveraging stablecoins on Solana:  [Global insurance broker Aon tests stablecoin payments with Coinbase, Paxos](https://www.coindesk.com/business/2026/03/09/global-insurance-broker-aon-tests-stablecoin-payments-with-coinbase-paxos)
* Macropod announced AUDM on Solana:  [AUDM Hops Onto Solana Australia's First Regulated Stablecoin Just Became a Whole Lot Faster](https://www.macropod.com/post/audm-hops-onto-solana-australias-first-regulated-stablecoin-just-became-a-whole-lot-faster)
* Sunrise listed AVAX on Solana:  [AVAX by Avalanche Now Live on Solana with Sunrise](https://www.sunrisedefi.com/press/2026-03-12-avax-launch)

Watch

* Real Vision interviews, filmed at Breakpoint:
* [Rebuilding the Internet | Austin Federa of DoubleZero](https://youtu.be/XOSGCUaBNEM)
* [Will Crypto Replace Banks? Abra CEO, Bill Barhydt, Explains the Future](https://youtu.be/4h0fL7Zm_xk)

Listen

* Nick Ducoff, Head of Institutional Growth, Solana Foundation on  [Genfinity](https://x.com/Genfinity/status/2031384638904586428)
* Ben Coverston, founder of Harmonic on  [The Index Podcast](https://www.youtube.com/watch?v=lG_1SnWCKeI)","THIS WEEK IN MEDIA - 3/6-3/13 **Source:** [https://x.com/solana/status/2032778349798678840](https://x.com/solana/status/2032778349798678840)

THIS WEEK IN MEDIA - 3/6-3/13

https://preview.redd.it/5q3533c680pg1.png?width=680&format=png&auto=webp&s=42f6d36bacb0a6c777159abb19c6dbc481efa334

Read

* TheStreet covered Solana flipping Ethereum in RWA holders:  [Solana reaches historic milestone against Ethereum in RWA market ](https://www.thestreet.com/crypto/markets/solana-reaches-historic-milestone-against-ethereum-in-rwa-market)
* Mastercard announced their Crypto Partner Program:  [Mastercard Recruits Solana, Binance, PayPal and Ripple for a New 85-Firm Crypto Partner Program](https://fintech.tv/mastercard-recruits-binance-paypal-and-ripple-for-a-new-85-firm-crypto-partner-program/)
* Invesco and Grayscale both published reporters on Solana:
* Invesco:  [What is Solana, and why does this digital asset matter?](https://www.invesco.com/us/en/insights/what-is-solana.html)
* Grayscale:  [The Stack](https://www.grayscale.com/the-stack/six-reasons-to-consider-solana)
* Jito acquired SolanaFloor:  [SolanaFloor Returns: Jito Acquires Independent Solana News Outlet](https://solanafloor.com/news/solana-floor-returns-jito-acquires-independent-solana-news-outlet)
* Forbes on the launch of Superteam USA:  [Nicky Scannella: Building Solana’s Superteam USA](https://www.forbes.com/sites/hadleystern/2026/03/12/nicky-scannella-building-solanas-superteam-usa/)
* GQ covered Fitted’s integrations with AccuWeather and TaskRabbit, and the role of Fitted’s token which is built on Solana:  [How this AI closet just solved your morning routine](https://gq.co.za/culture/tech/2026-03-12-how-this-ai-closet-just-solved-your-morning-routine/)
* Aon, one of the largest insurance brokers, is leveraging stablecoins on Solana:  [Global insurance broker Aon tests stablecoin payments with Coinbase, Paxos](https://www.coindesk.com/business/2026/03/09/global-insurance-broker-aon-tests-stablecoin-payments-with-coinbase-paxos)
* Macropod announced AUDM on Solana:  [AUDM Hops Onto Solana Australia's First Regulated Stablecoin Just Became a Whole Lot Faster](https://www.macropod.com/post/audm-hops-onto-solana-australias-first-regulated-stablecoin-just-became-a-whole-lot-faster)
* Sunrise listed AVAX on Solana:  [AVAX by Avalanche Now Live on Solana with Sunrise](https://www.sunrisedefi.com/press/2026-03-12-avax-launch)

Watch

* Real Vision interviews, filmed at Breakpoint:
* [Rebuilding the Internet | Austin Federa of DoubleZero](https://youtu.be/XOSGCUaBNEM)
* [Will Crypto Replace Banks? Abra CEO, Bill Barhydt, Explains the Future](https://youtu.be/4h0fL7Zm_xk)

Listen

* Nick Ducoff, Head of Institutional Growth, Solana Foundation on  [Genfinity](https://x.com/Genfinity/status/2031384638904586428)
* Ben Coverston, founder of Harmonic on  [The Index Podcast](https://www.youtube.com/watch?v=lG_1SnWCKeI)",5,1,Solana,https://reddit.com/r/solana/comments/1rti68g/this_week_in_media_36313/
1rsve71,2026-03-13,2026-03-13T18:26:18+00:00,"AgentCash, Built By The Team Behind X402scan, Is Now Live On Solana","**Source:** [https://x.com/solana/status/2032519640123904018](https://x.com/solana/status/2032519640123904018)

[@agentcashdev](https://x.com/agentcashdev) just gave your agent access to 250+ premium APIs from a single USDC balance on Solana.  
Try it out with up to $25 in rewards per agent.

AgentCash has one balance with access to 250+ tier-1 APIs:  
\- LinkedIn, Instagram, Reddit, Facebook, and TikTok  
\- Frontier image + video generation  
\- Email, file hosting, travel search, and more

Try it out by connecting your Twitter, LinkedIn, or GitHub and an agent scores how deep you are in agentic commerce.  
Up to $25 loaded into your wallet automatically.  
Built by [@merit\_systems](https://x.com/merit_systems), the team behind x402scan.

**Source:** [https://x.com/agentcashdev/status/2032517295755432106](https://x.com/agentcashdev/status/2032517295755432106)

AgentCash is now live on Solana.  
One balance, 280+ APIs.

https://reddit.com/link/1rsve71/video/am840mjiuuog1/player

Give your agent cash, and set it free.

[https://agentcash.dev/](https://agentcash.dev/)

https://preview.redd.it/97q8moyjuuog1.png?width=680&format=png&auto=webp&s=42227f5e5b0cf93308b5ed6abf3e83b279687dea

  
**Source:** [https://x.com/ashen\_one/status/2032516300921065936](https://x.com/ashen_one/status/2032516300921065936)

https://reddit.com/link/1rsve71/video/gq1wvo4b90pg1/player

If you're juggling 10+ API Keys like me, this video is gonna save your life  
  
Agent Cash has 1000s of API Keys that you can access from ONE 

[u/solana](https://x.com/solana)

 wallet with USDC instead of needing to link 10 cards  
  
You load up a wallet with USDC and whenever you need to call an API from the 1000s they have, it uses your balance from there  
  
Google Veo, Nano Banana 2, X API, Web Search, Prices and 1000s more are all accessible from one place now instead of needing to link 10 cards to 10 different places  
  
Here's me showing how easy it is to give to your Openclaw and then making a video of a flying dinosaur with it","AgentCash, Built By The Team Behind X402scan, Is Now Live On Solana **Source:** [https://x.com/solana/status/2032519640123904018](https://x.com/solana/status/2032519640123904018)

[@agentcashdev](https://x.com/agentcashdev) just gave your agent access to 250+ premium APIs from a single USDC balance on Solana.  
Try it out with up to $25 in rewards per agent.

AgentCash has one balance with access to 250+ tier-1 APIs:  
\- LinkedIn, Instagram, Reddit, Facebook, and TikTok  
\- Frontier image + video generation  
\- Email, file hosting, travel search, and more

Try it out by connecting your Twitter, LinkedIn, or GitHub and an agent scores how deep you are in agentic commerce.  
Up to $25 loaded into your wallet automatically.  
Built by [@merit\_systems](https://x.com/merit_systems), the team behind x402scan.

**Source:** [https://x.com/agentcashdev/status/2032517295755432106](https://x.com/agentcashdev/status/2032517295755432106)

AgentCash is now live on Solana.  
One balance, 280+ APIs.

https://reddit.com/link/1rsve71/video/am840mjiuuog1/player

Give your agent cash, and set it free.

[https://agentcash.dev/](https://agentcash.dev/)

https://preview.redd.it/97q8moyjuuog1.png?width=680&format=png&auto=webp&s=42227f5e5b0cf93308b5ed6abf3e83b279687dea

  
**Source:** [https://x.com/ashen\_one/status/2032516300921065936](https://x.com/ashen_one/status/2032516300921065936)

https://reddit.com/link/1rsve71/video/gq1wvo4b90pg1/player

If you're juggling 10+ API Keys like me, this video is gonna save your life  
  
Agent Cash has 1000s of API Keys that you can access from ONE 

[u/solana](https://x.com/solana)

 wallet with USDC instead of needing to link 10 cards  
  
You load up a wallet with USDC and whenever you need to call an API from the 1000s they have, it uses your balance from there  
  
Google Veo, Nano Banana 2, X API, Web Search, Prices and 1000s more are all accessible from one place now instead of needing to link 10 cards to 10 different places  
  
Here's me showing how easy it is to give to your Openclaw and then making a video of a flying dinosaur with it",8,4,Solana,https://reddit.com/r/solana/comments/1rsve71/agentcash_built_by_the_team_behind_x402scan_is/
1rsticp,2026-03-13,2026-03-13T17:19:38+00:00,I built a tool to help you make smarter staking decisions,"I built a tool to help SOL holders pick the right validators to stake with. Figured I'd share it here and get some feedback.

SolStake Advisor ([solstakeadvisor.xyz](https://solstakeadvisor.xyz)) scores and ranks validators using aggregated data from popular validator sites and on-chain sources. Instead of scrolling through endless validator lists or picking whoever's at the top, you can filter and compare based on what matters to you, whether that's yield, decentralization, MEV rewards, skip rate, whatever.

When you're ready to stake, it'll recommend 5 validators for you. Keep them all, drop the ones you don't like, or add more, up to 10. It splits your stake across your selections so you're diversified from the jump. You can also connect your wallet and it'll analyze your current stake positions, score them, and suggest where you might be leaving value on the table. There's an AI chat built in too if you want to ask specific questions like ""how does this validator compare to that one"" or ""which validators have the best MEV rewards.""

I work in the Solana validator space and built this because I kept seeing stakers, especially newer ones, not really having a good way to evaluate their options beyond APY. Staking is more nuanced than that and I wanted to make something that surfaces the stuff that actually matters.

LST scoring and comparison is already in there, and support for swapping and minting LSTs is coming soon.

Would love to hear what you think. Still iterating on it so any feedback is welcome.","I built a tool to help you make smarter staking decisions I built a tool to help SOL holders pick the right validators to stake with. Figured I'd share it here and get some feedback.

SolStake Advisor ([solstakeadvisor.xyz](https://solstakeadvisor.xyz)) scores and ranks validators using aggregated data from popular validator sites and on-chain sources. Instead of scrolling through endless validator lists or picking whoever's at the top, you can filter and compare based on what matters to you, whether that's yield, decentralization, MEV rewards, skip rate, whatever.

When you're ready to stake, it'll recommend 5 validators for you. Keep them all, drop the ones you don't like, or add more, up to 10. It splits your stake across your selections so you're diversified from the jump. You can also connect your wallet and it'll analyze your current stake positions, score them, and suggest where you might be leaving value on the table. There's an AI chat built in too if you want to ask specific questions like ""how does this validator compare to that one"" or ""which validators have the best MEV rewards.""

I work in the Solana validator space and built this because I kept seeing stakers, especially newer ones, not really having a good way to evaluate their options beyond APY. Staking is more nuanced than that and I wanted to make something that surfaces the stuff that actually matters.

LST scoring and comparison is already in there, and support for swapping and minting LSTs is coming soon.

Would love to hear what you think. Still iterating on it so any feedback is welcome.",11,11,Solana,https://reddit.com/r/solana/comments/1rsticp/i_built_a_tool_to_help_you_make_smarter_staking/
1rsk72v,2026-03-13,2026-03-13T10:58:41+00:00,Pacifica Builder Rewards Extended!,"Great news for builders: Pacifica's Builder Rewards Program just got extended — now running through June 12th!   
10M points distributed weekly to teams creating integrations, tools & driving real growth on the platform.

[https://x.com/pacifica\_fi/status/2032083556827373851](https://x.com/pacifica_fi/status/2032083556827373851)","Pacifica Builder Rewards Extended! Great news for builders: Pacifica's Builder Rewards Program just got extended — now running through June 12th!   
10M points distributed weekly to teams creating integrations, tools & driving real growth on the platform.

[https://x.com/pacifica\_fi/status/2032083556827373851](https://x.com/pacifica_fi/status/2032083556827373851)",3,2,Solana,https://reddit.com/r/solana/comments/1rsk72v/pacifica_builder_rewards_extended/
1rsj6gd,2026-03-13,2026-03-13T10:00:08+00:00,New phantom wallet drained??,"I just made this wallet to get into crypto and somehow i just got drained it was only $25 but i never shared anything with anyone how could this happen? Do i just quit this shit or make a new one can anyone help [https://solscan.io/tx/3A7fssh1U8CJKPXjWtpUEV8LVbNuLkiCDkfY3RPuQRDcZbY1oVbPYz4mAvXT4hDyvmW2srJ2RkHADdaV5zuXuFKu](https://solscan.io/tx/3A7fssh1U8CJKPXjWtpUEV8LVbNuLkiCDkfY3RPuQRDcZbY1oVbPYz4mAvXT4hDyvmW2srJ2RkHADdaV5zuXuFKu) 

WfZQAcn8GykH7ZNTaosV4TcXaZvTKBhJf8UwxMsCYUV this wallet receieved it idk who or how","New phantom wallet drained?? I just made this wallet to get into crypto and somehow i just got drained it was only $25 but i never shared anything with anyone how could this happen? Do i just quit this shit or make a new one can anyone help [https://solscan.io/tx/3A7fssh1U8CJKPXjWtpUEV8LVbNuLkiCDkfY3RPuQRDcZbY1oVbPYz4mAvXT4hDyvmW2srJ2RkHADdaV5zuXuFKu](https://solscan.io/tx/3A7fssh1U8CJKPXjWtpUEV8LVbNuLkiCDkfY3RPuQRDcZbY1oVbPYz4mAvXT4hDyvmW2srJ2RkHADdaV5zuXuFKu) 

WfZQAcn8GykH7ZNTaosV4TcXaZvTKBhJf8UwxMsCYUV this wallet receieved it idk who or how",9,65,Solana,https://reddit.com/r/solana/comments/1rsj6gd/new_phantom_wallet_drained/
1rsebu5,2026-03-13,2026-03-13T05:04:22+00:00,Jupiter Offerbook Private Beta Is Now Open for Registration,,Jupiter Offerbook Private Beta Is Now Open for Registration,9,1,Solana,https://reddit.com/r/solana/comments/1rsebu5/jupiter_offerbook_private_beta_is_now_open_for/
1rsd1j0,2026-03-13,2026-03-13T03:58:01+00:00,Passive income ideas??,"How can I earn a little with Solana if I buy one sol every month. 

Can I make 10 dollars with it every month with little to no risk. ","Passive income ideas?? How can I earn a little with Solana if I buy one sol every month. 

Can I make 10 dollars with it every month with little to no risk.",19,38,Solana,https://reddit.com/r/solana/comments/1rsd1j0/passive_income_ideas/
1rrr79t,2026-03-12,2026-03-12T13:47:19+00:00,“Eternal” on-demand 4-week sprint for $250K in funding and a $25K prize.,,“Eternal” on-demand 4-week sprint for $250K in funding and a $25K prize.,3,2,Solana,https://reddit.com/r/solana/comments/1rrr79t/eternal_ondemand_4week_sprint_for_250k_in_funding/
1rrtovo,2026-03-12,2026-03-12T15:23:05+00:00,"Superteam USA Is Officially Live, Accelerating Founders Across America","**Source:** [https://x.com/SuperteamUSA/status/2032089218030166299](https://x.com/SuperteamUSA/status/2032089218030166299)

Superteam USA is here.  
Our mission: accelerating founders across America.  
An elite community for builders across AI, biohacking, consumer products, onchain payments, and more.

https://reddit.com/link/1rrtovo/video/b43bhmg4tmog1/player

Our Miami-based cohort is up and running and remaining spots are limited.  
Apply Now: [https://us.superteam.fun/](https://us.superteam.fun/)

https://preview.redd.it/u090t9w5tmog1.png?width=680&format=png&auto=webp&s=4815926ed9e4c0643df7a88ba19e701ff8613104

Subscribe to our official Luma page to get on the waitlist for Superteam USA's Miami launch event:   
[https://luma.com/SuperteamUSA](https://t.co/WPa4TOlDeg)

https://preview.redd.it/ofemdju7tmog1.png?width=680&format=png&auto=webp&s=f21b31c00fed026141a6b26dc736da71a487fcbf","Superteam USA Is Officially Live, Accelerating Founders Across America **Source:** [https://x.com/SuperteamUSA/status/2032089218030166299](https://x.com/SuperteamUSA/status/2032089218030166299)

Superteam USA is here.  
Our mission: accelerating founders across America.  
An elite community for builders across AI, biohacking, consumer products, onchain payments, and more.

https://reddit.com/link/1rrtovo/video/b43bhmg4tmog1/player

Our Miami-based cohort is up and running and remaining spots are limited.  
Apply Now: [https://us.superteam.fun/](https://us.superteam.fun/)

https://preview.redd.it/u090t9w5tmog1.png?width=680&format=png&auto=webp&s=4815926ed9e4c0643df7a88ba19e701ff8613104

Subscribe to our official Luma page to get on the waitlist for Superteam USA's Miami launch event:   
[https://luma.com/SuperteamUSA](https://t.co/WPa4TOlDeg)

https://preview.redd.it/ofemdju7tmog1.png?width=680&format=png&auto=webp&s=f21b31c00fed026141a6b26dc736da71a487fcbf",4,2,Solana,https://reddit.com/r/solana/comments/1rrtovo/superteam_usa_is_officially_live_accelerating/
1rrn60o,2026-03-12,2026-03-12T10:33:56+00:00,📢 Solana Digest (March 09 – March 11),,📢 Solana Digest (March 09 – March 11),5,1,Solana,https://reddit.com/r/solana/comments/1rrn60o/solana_digest_march_09_march_11/
1rrswka,2026-03-12,2026-03-12T14:53:33+00:00,Is crytpo still too complicated?,"I know crypto UX in general has 10x in a very short time, and Solana is a very good example of a good UX. 

But I'm curious what people actually think: are we at the point where a normal person, with no prior crypto experience, could dip their toes into DeFi and reasonably expect a decent yield without it being a nightmare? Be honest 😄

Do we need it to be even simpler, or is it just not meant to be for the masses ","Is crytpo still too complicated? I know crypto UX in general has 10x in a very short time, and Solana is a very good example of a good UX. 

But I'm curious what people actually think: are we at the point where a normal person, with no prior crypto experience, could dip their toes into DeFi and reasonably expect a decent yield without it being a nightmare? Be honest 😄

Do we need it to be even simpler, or is it just not meant to be for the masses",26,40,Solana,https://reddit.com/r/solana/comments/1rrswka/is_crytpo_still_too_complicated/
1rs2s03,2026-03-12,2026-03-12T20:49:24+00:00,"XO Cash, The USD-backed Stablecoin From Exodus, Powered By Moonpay Is Live On Solana","**Source:** [https://x.com/solana/status/2032182338424349094](https://x.com/solana/status/2032182338424349094)

XO Cash, the USD-backed stablecoin from [@Exodus](https://x.com/exodus), powered by [@moonpay](https://x.com/moonpay) is live on Solana

  
**Source:** [https://x.com/moonpay/status/2032092781959921765](https://x.com/moonpay/status/2032092781959921765)

XO Cash ($XO), the new [@Exodus](https://x.com/exodus) USD-backed stablecoin, is here!  
Powered by MoonPay and built on [@M0](https://x.com/m0), [$XO](https://x.com/search?q=%24XO&src=cashtag_click) moves like crypto and spends like cash.



https://reddit.com/link/1rs2s03/video/0qyhh33mfoog1/player

","XO Cash, The USD-backed Stablecoin From Exodus, Powered By Moonpay Is Live On Solana **Source:** [https://x.com/solana/status/2032182338424349094](https://x.com/solana/status/2032182338424349094)

XO Cash, the USD-backed stablecoin from [@Exodus](https://x.com/exodus), powered by [@moonpay](https://x.com/moonpay) is live on Solana

  
**Source:** [https://x.com/moonpay/status/2032092781959921765](https://x.com/moonpay/status/2032092781959921765)

XO Cash ($XO), the new [@Exodus](https://x.com/exodus) USD-backed stablecoin, is here!  
Powered by MoonPay and built on [@M0](https://x.com/m0), [$XO](https://x.com/search?q=%24XO&src=cashtag_click) moves like crypto and spends like cash.



https://reddit.com/link/1rs2s03/video/0qyhh33mfoog1/player",5,2,Solana,https://reddit.com/r/solana/comments/1rs2s03/xo_cash_the_usdbacked_stablecoin_from_exodus/
1rru771,2026-03-12,2026-03-12T15:41:54+00:00,Trying to filter for new Solana token launches (≤5 min) but older tokens keep slipping through,"I’ve been working on a small Solana trading bot for a while and I’m running into an issue I can’t seem to figure out.

The idea is pretty simple: I want the bot to only consider very new tokens, ideally ones that launched within the last 5 minutes. To do that I’m reading the token metadata and calculating the token age using the createdAt field.

The logic is basically:

token\_age = current\_time - createdAt

Then I skip anything older than \~300 seconds.

The problem is that some tokens are still passing the filter even though they clearly look much older. For example, sometimes the bot picks up tokens that have:

	•	tens of thousands of holders

	•	large liquidity pools

	•	significant trading history

So obviously they weren’t launched in the last few minutes.

Another thing I’m seeing is that older or dead tokens sometimes reappear in recent feeds if a new trade happens. That makes it look like they’re new when they’re really not.

So now I’m wondering if I’m misunderstanding what createdAt actually represents.

Does createdAt correspond to:

	•	token mint creation

	•	pool creation

	•	when the token was indexed

	•	something else entirely?

If the goal is to detect brand new token launches, what’s the best field or method to use?

Should I be looking at something like pool creation time / pair creation time instead?

Would really appreciate any advice from people who have built bots or tools around new Solana launches.

Thanks","Trying to filter for new Solana token launches (≤5 min) but older tokens keep slipping through I’ve been working on a small Solana trading bot for a while and I’m running into an issue I can’t seem to figure out.

The idea is pretty simple: I want the bot to only consider very new tokens, ideally ones that launched within the last 5 minutes. To do that I’m reading the token metadata and calculating the token age using the createdAt field.

The logic is basically:

token\_age = current\_time - createdAt

Then I skip anything older than \~300 seconds.

The problem is that some tokens are still passing the filter even though they clearly look much older. For example, sometimes the bot picks up tokens that have:

	•	tens of thousands of holders

	•	large liquidity pools

	•	significant trading history

So obviously they weren’t launched in the last few minutes.

Another thing I’m seeing is that older or dead tokens sometimes reappear in recent feeds if a new trade happens. That makes it look like they’re new when they’re really not.

So now I’m wondering if I’m misunderstanding what createdAt actually represents.

Does createdAt correspond to:

	•	token mint creation

	•	pool creation

	•	when the token was indexed

	•	something else entirely?

If the goal is to detect brand new token launches, what’s the best field or method to use?

Should I be looking at something like pool creation time / pair creation time instead?

Would really appreciate any advice from people who have built bots or tools around new Solana launches.

Thanks",3,4,Solana,https://reddit.com/r/solana/comments/1rru771/trying_to_filter_for_new_solana_token_launches_5/
1rrxl0d,2026-03-12,2026-03-12T17:42:55+00:00,100 Billion Transactions on Solana!,"Solana has just crossed 100 billion transactions, putting it #2 among all blockchains by total transactions since launch.

This is a big sign of real usage. It reflects the work of developers improving the network, validators keeping it secure, and users interacting with applications every day.

Numbers like this are more than just stats, they show how active the ecosystem really is. Reaching 100 billion transactions takes time, effort, and steady growth.

Guys, do you track network activity like this, or do you mostly follow price trends?

Full post: [https://x.com/everstake\_pool/status/2032138052085186982](https://x.com/everstake_pool/status/2032138052085186982) ","100 Billion Transactions on Solana! Solana has just crossed 100 billion transactions, putting it #2 among all blockchains by total transactions since launch.

This is a big sign of real usage. It reflects the work of developers improving the network, validators keeping it secure, and users interacting with applications every day.

Numbers like this are more than just stats, they show how active the ecosystem really is. Reaching 100 billion transactions takes time, effort, and steady growth.

Guys, do you track network activity like this, or do you mostly follow price trends?

Full post: [https://x.com/everstake\_pool/status/2032138052085186982](https://x.com/everstake_pool/status/2032138052085186982)",38,8,Solana,https://reddit.com/r/solana/comments/1rrxl0d/100_billion_transactions_on_solana/
1rs3m2p,2026-03-12,2026-03-12T21:19:24+00:00,JPool Launches Enhanced Delegation Strategy for Solana Decentralization.,,JPool Launches Enhanced Delegation Strategy for Solana Decentralization.,4,1,Solana,https://reddit.com/r/solana/comments/1rs3m2p/jpool_launches_enhanced_delegation_strategy_for/
1rrwirc,2026-03-12,2026-03-12T17:05:13+00:00,"$AVAX Token, From Avax, Is Wow Live On Solana Via Sunrise_DeFi","**Source:** [https://x.com/solana/status/2032136479963824529](https://x.com/solana/status/2032136479963824529)

BREAKING: [$AVAX](https://x.com/search?q=%24AVAX&src=cashtag_click) from [@avax](https://x.com/avax), is now live on Solana via [@Sunrise\_DeFi](https://x.com/Sunrise_DeFi)

🔺

https://reddit.com/link/1rrwirc/video/6fqj2tuabnog1/player

 Avalanche is a high-performance network built for speed at scale, with near-instant finality and fully interoperable L1s.  
  
CA: avaxGHCq3T7hoxd73oY2KY9hJSTaeMibXvHy5KNzh5D  
  
Verify the token address on [@tokens](https://x.com/tokens) here: [https://www.tokens.xyz/avalanche-2](https://www.tokens.xyz/avalanche-2)

https://preview.redd.it/9r8hpszcbnog1.png?width=680&format=png&auto=webp&s=81f1b08e76f8bcfb75f4254541feba008d2b01d1

[@tryfomo](https://x.com/tryfomo), [@dflow](https://x.com/dflow), [@Titan\_Exchange](https://x.com/Titan_Exchange), [@phantom](https://x.com/phantom), [@solflare](https://x.com/solflare), and more","$AVAX Token, From Avax, Is Wow Live On Solana Via Sunrise_DeFi **Source:** [https://x.com/solana/status/2032136479963824529](https://x.com/solana/status/2032136479963824529)

BREAKING: [$AVAX](https://x.com/search?q=%24AVAX&src=cashtag_click) from [@avax](https://x.com/avax), is now live on Solana via [@Sunrise\_DeFi](https://x.com/Sunrise_DeFi)

🔺

https://reddit.com/link/1rrwirc/video/6fqj2tuabnog1/player

 Avalanche is a high-performance network built for speed at scale, with near-instant finality and fully interoperable L1s.  
  
CA: avaxGHCq3T7hoxd73oY2KY9hJSTaeMibXvHy5KNzh5D  
  
Verify the token address on [@tokens](https://x.com/tokens) here: [https://www.tokens.xyz/avalanche-2](https://www.tokens.xyz/avalanche-2)

https://preview.redd.it/9r8hpszcbnog1.png?width=680&format=png&auto=webp&s=81f1b08e76f8bcfb75f4254541feba008d2b01d1

[@tryfomo](https://x.com/tryfomo), [@dflow](https://x.com/dflow), [@Titan\_Exchange](https://x.com/Titan_Exchange), [@phantom](https://x.com/phantom), [@solflare](https://x.com/solflare), and more",8,1,Solana,https://reddit.com/r/solana/comments/1rrwirc/avax_token_from_avax_is_wow_live_on_solana_via/
1rqwa5p,2026-03-11,2026-03-11T15:05:28+00:00,Solana Is Now Part Of Mastercard's New Crypto Partner Program,"**Source:** [https://x.com/solana/status/2031746973573775390](https://x.com/solana/status/2031746973573775390)

BREAKING: Solana is part of [@Mastercard](https://x.com/Mastercard)'s new Crypto Partner Program

  
**Source:** [https://x.com/solanapayments/status/2031746488615776592](https://x.com/solanapayments/status/2031746488615776592)

Solana joins Mastercard's Crypto Partner Program  
  
More than 85 crypto‑native companies, payments providers, and financial institutions focused on how digital assets can tackle real-world needs in payments.

https://preview.redd.it/5xfgw0i0lfog1.png?width=680&format=png&auto=webp&s=b0a373966dcd9cf174b740a7251fad542fd94d6a

**Source:** [https://x.com/Mastercard/status/2031735022919516589](https://x.com/Mastercard/status/2031735022919516589)

Digital assets are entering a new phase. What once ran in parallel to existing financial systems is increasingly being applied to solve practical, real-world needs — often behind the scenes – from cross-border remittances to B2B money transfers. This creates new opportunities to add value in how money moves globally.   
  
Today, we introduced the Mastercard Crypto Partner Program — a global initiative that brings together more than 85 crypto-native companies, payments providers, and financial institutions. Together, we're creating a forum for meaningful dialogue and collaboration as this space continues to mature.

https://reddit.com/link/1rqwa5p/video/2kqlnn76lfog1/player

","Solana Is Now Part Of Mastercard's New Crypto Partner Program **Source:** [https://x.com/solana/status/2031746973573775390](https://x.com/solana/status/2031746973573775390)

BREAKING: Solana is part of [@Mastercard](https://x.com/Mastercard)'s new Crypto Partner Program

  
**Source:** [https://x.com/solanapayments/status/2031746488615776592](https://x.com/solanapayments/status/2031746488615776592)

Solana joins Mastercard's Crypto Partner Program  
  
More than 85 crypto‑native companies, payments providers, and financial institutions focused on how digital assets can tackle real-world needs in payments.

https://preview.redd.it/5xfgw0i0lfog1.png?width=680&format=png&auto=webp&s=b0a373966dcd9cf174b740a7251fad542fd94d6a

**Source:** [https://x.com/Mastercard/status/2031735022919516589](https://x.com/Mastercard/status/2031735022919516589)

Digital assets are entering a new phase. What once ran in parallel to existing financial systems is increasingly being applied to solve practical, real-world needs — often behind the scenes – from cross-border remittances to B2B money transfers. This creates new opportunities to add value in how money moves globally.   
  
Today, we introduced the Mastercard Crypto Partner Program — a global initiative that brings together more than 85 crypto-native companies, payments providers, and financial institutions. Together, we're creating a forum for meaningful dialogue and collaboration as this space continues to mature.

https://reddit.com/link/1rqwa5p/video/2kqlnn76lfog1/player",22,10,Solana,https://reddit.com/r/solana/comments/1rqwa5p/solana_is_now_part_of_mastercards_new_crypto/
1rqk9ri,2026-03-11,2026-03-11T04:40:13+00:00,"Macropod's $AUDM Hops Onto Solana, Australia's First Regulated Stablecoin Just Became a Whole Lot Faster","**Source:** [https://x.com/Macropod\_AU/status/2031493763038863794](https://x.com/Macropod_AU/status/2031493763038863794)

𝗔𝗨𝗗𝗠 𝗷𝘂𝘀𝘁 𝗵𝗼𝗽𝗽𝗲𝗱 𝗼𝗻𝘁𝗼 𝗦𝗼𝗹𝗮𝗻𝗮! 🦘

""Speed matters in digital finance but trust matters even more. [$AUDM](https://x.com/search?q=%24AUDM&src=cashtag_click) on [@solana](https://x.com/solana) delivers both."" - [@DrewGbradford](https://x.com/DrewGbradford)

🗞️ [https://macropod.com/post/audm-hops-onto-solana-australias-first-regulated-stablecoin-just-became-a-whole-lot-faster](https://t.co/Jdul4r8kla)

https://preview.redd.it/fb1l4c0whcog1.png?width=680&format=png&auto=webp&s=6368c9c7b4371ed2c0c2785c8d1d8eb5f03f9f58

","Macropod's $AUDM Hops Onto Solana, Australia's First Regulated Stablecoin Just Became a Whole Lot Faster **Source:** [https://x.com/Macropod\_AU/status/2031493763038863794](https://x.com/Macropod_AU/status/2031493763038863794)

𝗔𝗨𝗗𝗠 𝗷𝘂𝘀𝘁 𝗵𝗼𝗽𝗽𝗲𝗱 𝗼𝗻𝘁𝗼 𝗦𝗼𝗹𝗮𝗻𝗮! 🦘

""Speed matters in digital finance but trust matters even more. [$AUDM](https://x.com/search?q=%24AUDM&src=cashtag_click) on [@solana](https://x.com/solana) delivers both."" - [@DrewGbradford](https://x.com/DrewGbradford)

🗞️ [https://macropod.com/post/audm-hops-onto-solana-australias-first-regulated-stablecoin-just-became-a-whole-lot-faster](https://t.co/Jdul4r8kla)

https://preview.redd.it/fb1l4c0whcog1.png?width=680&format=png&auto=webp&s=6368c9c7b4371ed2c0c2785c8d1d8eb5f03f9f58",5,3,Solana,https://reddit.com/r/solana/comments/1rqk9ri/macropods_audm_hops_onto_solana_australias_first/
1rqql5o,2026-03-11,2026-03-11T10:57:51+00:00,guys help me get my money up,am I cooked?,guys help me get my money up am I cooked?,0,71,Solana,https://reddit.com/r/solana/comments/1rqql5o/guys_help_me_get_my_money_up/
1rqvqqc,2026-03-11,2026-03-11T14:45:31+00:00,"DoubleZero Introduces “Edge,” A New Real-Time Market Data Platform","**Source:** [https://x.com/doublezero/status/2031716889613730147](https://x.com/doublezero/status/2031716889613730147)

Introducing DoubleZero Edge.  
DoubleZero Edge is a new platform delivering real-time market data to traders and market participants, powered by multicast.  
Its first feed: raw Solana shreds directly from leaders, delivered over a high-performance fiber network.  
Infrastructure that levels the playing field for validators and matches traditional trading systems is here.  
Dive in ↓

https://reddit.com/link/1rqvqqc/video/13cptvlwgfog1/player

2/ First: Zero fees.  
The 5% block reward fee is gone for every existing and new DoubleZero-connected validator, effective as of Epoch 939.  
Now carrying \~46% of Solana’s network stake, DoubleZero is maturing from a bootstrap protocol into an economic engine for Solana.  
Validators are not paying fees anymore. You’re getting paid, through the protocol.  
Read on…

https://preview.redd.it/ikjffsdxgfog1.png?width=680&format=png&auto=webp&s=82a6d15a1056a484fc36249026dbd3667e24849b

3/ A new revenue stream for validators is on the way.  
DoubleZero Edge rewards participating validators for their shreds, meaning the shred data you already produce becomes added revenue.  
Learn more: [https://doublezero.xyz/journal/expanding-validator-revenue-on-doublezero](https://t.co/iUhTg6tcLP)

https://preview.redd.it/6zi6awozgfog1.png?width=680&format=png&auto=webp&s=5406de7ff84d6e0d68c341388954a1e9a289b138

4/ The technology on DoubleZero Edge: multicast  
Multicast is how financial exchanges have distributed market data for a decade. One transmission, every subscriber in a region receives it at roughly the same moment, with orders of magnitude less bandwidth required by the sender, and the network.  
Multicast is now available on blockchain for the first time via DoubleZero.  
Connecting to multicast now qualifies you to receive shred revenue from day one when Edge launches with subscribers… (s00n).  
Connect. Publish. Earn: [http://doublezero.xyz/multicast-connect](https://t.co/WAGnIHfAsI)

https://preview.redd.it/2dkhm1l4hfog1.png?width=680&format=png&auto=webp&s=799678a0d4c62b216af6857abcf97b3a0041d687

5/ The flywheel begins:  
Traders pay for fast data. Revenue flows to validators who publish. More validators connect. More shreds get published. Data gets faster. Better markets for everyone on Solana.  
A rare win/win situation for virtually everyone involved. Every participant in the ecosystem benefits from increased economic activity.  
Solana becomes an even more powerful venue for trading. And validators are the reason why.  


6/ Solana teams are already adopting DoubleZero Edge.  
Since beta launch on Feb 26, the Solana shreds feed has added 100+ publishers to the network.  
[@Jito\_sol](https://x.com/Jito_sol) and [@Harmonic\_gg](https://x.com/Harmonic_gg) are in the process of integrating DoubleZero Edge into their clients, making it automatic for validators to publish shreds. In addition, several other teams across the [@Solana](https://x.com/Solana) ecosystem are participating in the initial rollout, including [@Helius](https://x.com/Helius) and [@Triton\_one](https://x.com/Triton_one).  
Client software teams earn too. If your client powers shred distribution, you get a cut. Build the infrastructure, share in the upside.

https://preview.redd.it/iaon2oz9hfog1.png?width=680&format=png&auto=webp&s=e55b50eb1e7068c95abaf2ceeb6c4e72b7e450d1

7/ Every block producing validator can benefit.  
Until now, the shred economy was only accessible to large validators with high stake weight in favorable Turbine positions. DoubleZero Edge replaces that.   
Every validator who publishes their leader shreds earns, with traders able to access shreds faster than ever before.  
Validator's guide to DoubleZero Edge: [https://doublezero.xyz/journal/a-validators-guide-to-doublezero-edge](https://t.co/RWxBlzUS49)

https://reddit.com/link/1rqvqqc/video/od0a6todhfog1/player

8/ Phase II of the DoubleZero Delegation Program (DZDP) is live!  
Millions of SOL in stake delegations are moving, starting tomorrow, focused on geo-expansion into Ring 2 and Ring 3 regions.  
Multicast connectivity is required to qualify for Phase II bonus delegation.  
→ Explore the DZDP: [http://doublezero.xyz/dzdp](https://t.co/CXEFE2K1jU)  
Delegation criteria and amounts may change at any time without notice.



9/ One action unlocks everything: multicast connectivity.  
Zero fees, Phase II bonus delegation, and shred revenue from day one when Edge launches with subscribers. One CLI command, one config flag, one restart.  
Validators: You weren't making money on your shreds before. Now you can.  
→ [http://doublezero.xyz/multicast-connect](https://t.co/WAGnIHfAsI)

  
9/ One action unlocks everything: multicast connectivity.  
Zero fees, Phase II bonus delegation, and shred revenue from day one when Edge launches with subscribers. One CLI command, one config flag, one restart.  
Validators: You weren't making money on your shreds before. Now you can.  
→ [http://doublezero.xyz/multicast-connect](https://t.co/WAGnIHfAsI)

  
10/ DoubleZero Edge is the real-time market data infrastructure that crypto never had.  
Expect performance details, pricing, and full product specs to drop at launch.   
If you’re a trader interested in learning more about DoubleZero Edge, fill out the interest form here: [http://doublezero.xyz/edge-form](https://t.co/iIcq3Z49FA)  
Explore DoubleZero Edge: [http://fastshreds.com](https://t.co/gDYeWXba0F)

  
11/ Everyone wins today.  
Join our X Space at 1PM EST: [https://x.com/i/spaces/1OGwblLjnQMKB](https://x.com/i/spaces/1OGwblLjnQMKB)  
Read the full announcement: [https://doublezero.xyz/journal/doublezero-introduces-edge-a-new-real-time-market-data-platform](https://doublezero.xyz/journal/doublezero-introduces-edge-a-new-real-time-market-data-platform)

https://preview.redd.it/2bbcpyhnhfog1.png?width=501&format=png&auto=webp&s=145f9de3be1a7aa91bdbfabb165c5a3c3aa40d9e

","DoubleZero Introduces “Edge,” A New Real-Time Market Data Platform **Source:** [https://x.com/doublezero/status/2031716889613730147](https://x.com/doublezero/status/2031716889613730147)

Introducing DoubleZero Edge.  
DoubleZero Edge is a new platform delivering real-time market data to traders and market participants, powered by multicast.  
Its first feed: raw Solana shreds directly from leaders, delivered over a high-performance fiber network.  
Infrastructure that levels the playing field for validators and matches traditional trading systems is here.  
Dive in ↓

https://reddit.com/link/1rqvqqc/video/13cptvlwgfog1/player

2/ First: Zero fees.  
The 5% block reward fee is gone for every existing and new DoubleZero-connected validator, effective as of Epoch 939.  
Now carrying \~46% of Solana’s network stake, DoubleZero is maturing from a bootstrap protocol into an economic engine for Solana.  
Validators are not paying fees anymore. You’re getting paid, through the protocol.  
Read on…

https://preview.redd.it/ikjffsdxgfog1.png?width=680&format=png&auto=webp&s=82a6d15a1056a484fc36249026dbd3667e24849b

3/ A new revenue stream for validators is on the way.  
DoubleZero Edge rewards participating validators for their shreds, meaning the shred data you already produce becomes added revenue.  
Learn more: [https://doublezero.xyz/journal/expanding-validator-revenue-on-doublezero](https://t.co/iUhTg6tcLP)

https://preview.redd.it/6zi6awozgfog1.png?width=680&format=png&auto=webp&s=5406de7ff84d6e0d68c341388954a1e9a289b138

4/ The technology on DoubleZero Edge: multicast  
Multicast is how financial exchanges have distributed market data for a decade. One transmission, every subscriber in a region receives it at roughly the same moment, with orders of magnitude less bandwidth required by the sender, and the network.  
Multicast is now available on blockchain for the first time via DoubleZero.  
Connecting to multicast now qualifies you to receive shred revenue from day one when Edge launches with subscribers… (s00n).  
Connect. Publish. Earn: [http://doublezero.xyz/multicast-connect](https://t.co/WAGnIHfAsI)

https://preview.redd.it/2dkhm1l4hfog1.png?width=680&format=png&auto=webp&s=799678a0d4c62b216af6857abcf97b3a0041d687

5/ The flywheel begins:  
Traders pay for fast data. Revenue flows to validators who publish. More validators connect. More shreds get published. Data gets faster. Better markets for everyone on Solana.  
A rare win/win situation for virtually everyone involved. Every participant in the ecosystem benefits from increased economic activity.  
Solana becomes an even more powerful venue for trading. And validators are the reason why.  


6/ Solana teams are already adopting DoubleZero Edge.  
Since beta launch on Feb 26, the Solana shreds feed has added 100+ publishers to the network.  
[@Jito\_sol](https://x.com/Jito_sol) and [@Harmonic\_gg](https://x.com/Harmonic_gg) are in the process of integrating DoubleZero Edge into their clients, making it automatic for validators to publish shreds. In addition, several other teams across the [@Solana](https://x.com/Solana) ecosystem are participating in the initial rollout, including [@Helius](https://x.com/Helius) and [@Triton\_one](https://x.com/Triton_one).  
Client software teams earn too. If your client powers shred distribution, you get a cut. Build the infrastructure, share in the upside.

https://preview.redd.it/iaon2oz9hfog1.png?width=680&format=png&auto=webp&s=e55b50eb1e7068c95abaf2ceeb6c4e72b7e450d1

7/ Every block producing validator can benefit.  
Until now, the shred economy was only accessible to large validators with high stake weight in favorable Turbine positions. DoubleZero Edge replaces that.   
Every validator who publishes their leader shreds earns, with traders able to access shreds faster than ever before.  
Validator's guide to DoubleZero Edge: [https://doublezero.xyz/journal/a-validators-guide-to-doublezero-edge](https://t.co/RWxBlzUS49)

https://reddit.com/link/1rqvqqc/video/od0a6todhfog1/player

8/ Phase II of the DoubleZero Delegation Program (DZDP) is live!  
Millions of SOL in stake delegations are moving, starting tomorrow, focused on geo-expansion into Ring 2 and Ring 3 regions.  
Multicast connectivity is required to qualify for Phase II bonus delegation.  
→ Explore the DZDP: [http://doublezero.xyz/dzdp](https://t.co/CXEFE2K1jU)  
Delegation criteria and amounts may change at any time without notice.



9/ One action unlocks everything: multicast connectivity.  
Zero fees, Phase II bonus delegation, and shred revenue from day one when Edge launches with subscribers. One CLI command, one config flag, one restart.  
Validators: You weren't making money on your shreds before. Now you can.  
→ [http://doublezero.xyz/multicast-connect](https://t.co/WAGnIHfAsI)

  
9/ One action unlocks everything: multicast connectivity.  
Zero fees, Phase II bonus delegation, and shred revenue from day one when Edge launches with subscribers. One CLI command, one config flag, one restart.  
Validators: You weren't making money on your shreds before. Now you can.  
→ [http://doublezero.xyz/multicast-connect](https://t.co/WAGnIHfAsI)

  
10/ DoubleZero Edge is the real-time market data infrastructure that crypto never had.  
Expect performance details, pricing, and full product specs to drop at launch.   
If you’re a trader interested in learning more about DoubleZero Edge, fill out the interest form here: [http://doublezero.xyz/edge-form](https://t.co/iIcq3Z49FA)  
Explore DoubleZero Edge: [http://fastshreds.com](https://t.co/gDYeWXba0F)

  
11/ Everyone wins today.  
Join our X Space at 1PM EST: [https://x.com/i/spaces/1OGwblLjnQMKB](https://x.com/i/spaces/1OGwblLjnQMKB)  
Read the full announcement: [https://doublezero.xyz/journal/doublezero-introduces-edge-a-new-real-time-market-data-platform](https://doublezero.xyz/journal/doublezero-introduces-edge-a-new-real-time-market-data-platform)

https://preview.redd.it/2bbcpyhnhfog1.png?width=501&format=png&auto=webp&s=145f9de3be1a7aa91bdbfabb165c5a3c3aa40d9e",10,1,Solana,https://reddit.com/r/solana/comments/1rqvqqc/doublezero_introduces_edge_a_new_realtime_market/
1rqrgu0,2026-03-11,2026-03-11T11:44:22+00:00,UK/London March Events [All Free to attend] - hosted by SuperteamUK,,UK/London March Events [All Free to attend] - hosted by SuperteamUK,5,1,Solana,https://reddit.com/r/solana/comments/1rqrgu0/uklondon_march_events_all_free_to_attend_hosted/
1rqwx06,2026-03-11,2026-03-11T15:29:30+00:00,"Netrunner February Update: Jupiter Perps, Meteora DLMM, and AI-Assisted Labeling","Tax season is here. A few updates for anyone using Netrunner for Solana tax reports.

# What We Added

**Perpetual Futures Support**

Jupiter Perps and Flash Trade are now fully supported:

* Open/close positions
* Partial closes
* Position increases
* Liquidations
* Dedicated perps report separating realized PnL from open positions

If you've been trading perps on Solana, those transactions should now label correctly instead of showing as generic swaps.

**New Protocol Support**

* Meteora DLMM with improved labeling accuracy
* Meteora DAMM v2 full support
* Titan Swap labeling

**AI Transaction Recommendations**

We added an AI engine that analyzes your on-chain activity and suggests labels for transactions it recognizes patterns in. Still requires you to confirm, but cuts down manual review time.

# Bug Fixes

* LP tokens now use accurate fair market value in cost basis calculations (this was causing incorrect gain/loss numbers for some LP positions)
* Fixed ordering issues in the All Transactions and Carry Over reports
* Resolved CEX CSV import errors
* Liquidation PnL calculations refined
* IRS forms are finalized and out of draft

# UX Improvements

* Redesigned transactions table (faster, easier to scan)
* New wallet view interface
* Automatic timezone detection during onboarding
* Program search in Advanced Search (find all transactions from a specific protocol)
* Orb is now the default transaction explorer

# Free Tier Reminder

If you haven't tried it: free plan supports up to 30,000 transactions with auto-labeling for swaps, staking, LPs, NFTs, and mints. No credit card, no trial expiration.

For users with 100k+ transactions, we added a Whale Plan tier.

I'm Dimitrije, I handle support and content at Netrunner. If something's labeled wrong or a protocol is missing, let me know in the comments. We prioritize integrations based on what the community needs.

Full release notes: [blog.netrunner.tax/netrunner-release-notes-february-2026](https://blog.netrunner.tax/netrunner-release-notes-february-2026/)","Netrunner February Update: Jupiter Perps, Meteora DLMM, and AI-Assisted Labeling Tax season is here. A few updates for anyone using Netrunner for Solana tax reports.

# What We Added

**Perpetual Futures Support**

Jupiter Perps and Flash Trade are now fully supported:

* Open/close positions
* Partial closes
* Position increases
* Liquidations
* Dedicated perps report separating realized PnL from open positions

If you've been trading perps on Solana, those transactions should now label correctly instead of showing as generic swaps.

**New Protocol Support**

* Meteora DLMM with improved labeling accuracy
* Meteora DAMM v2 full support
* Titan Swap labeling

**AI Transaction Recommendations**

We added an AI engine that analyzes your on-chain activity and suggests labels for transactions it recognizes patterns in. Still requires you to confirm, but cuts down manual review time.

# Bug Fixes

* LP tokens now use accurate fair market value in cost basis calculations (this was causing incorrect gain/loss numbers for some LP positions)
* Fixed ordering issues in the All Transactions and Carry Over reports
* Resolved CEX CSV import errors
* Liquidation PnL calculations refined
* IRS forms are finalized and out of draft

# UX Improvements

* Redesigned transactions table (faster, easier to scan)
* New wallet view interface
* Automatic timezone detection during onboarding
* Program search in Advanced Search (find all transactions from a specific protocol)
* Orb is now the default transaction explorer

# Free Tier Reminder

If you haven't tried it: free plan supports up to 30,000 transactions with auto-labeling for swaps, staking, LPs, NFTs, and mints. No credit card, no trial expiration.

For users with 100k+ transactions, we added a Whale Plan tier.

I'm Dimitrije, I handle support and content at Netrunner. If something's labeled wrong or a protocol is missing, let me know in the comments. We prioritize integrations based on what the community needs.

Full release notes: [blog.netrunner.tax/netrunner-release-notes-february-2026](https://blog.netrunner.tax/netrunner-release-notes-february-2026/)",8,6,Solana,https://reddit.com/r/solana/comments/1rqwx06/netrunner_february_update_jupiter_perps_meteora/
1rr0wlj,2026-03-11,2026-03-11T17:51:15+00:00,📢 Solana Tech Pulse (March 03 – March 10),,📢 Solana Tech Pulse (March 03 – March 10),7,1,Solana,https://reddit.com/r/solana/comments/1rr0wlj/solana_tech_pulse_march_03_march_10/
1rr61mq,2026-03-11,2026-03-11T20:52:21+00:00,Drift Protocol Launches Multi-Chain Deposits,"Drift Protocol, the perpetual futures DEX on Solana, today introduced one-click multi-chain deposits.   
Users can now instantly transfer ETH, USDT, USDC and more from Ethereum, Arbitrum, Base and other chains directly into native Solana USDC or SOL — no wrapped tokens or long bridge waits.  
Powered by Mayan × Wormhole integration, the feature removes key onboarding barriers and unlocks faster capital flow into Solana’s high-performance trading environment.

[https://x.com/DriftProtocol/status/2031762198067032466](https://x.com/DriftProtocol/status/2031762198067032466)","Drift Protocol Launches Multi-Chain Deposits Drift Protocol, the perpetual futures DEX on Solana, today introduced one-click multi-chain deposits.   
Users can now instantly transfer ETH, USDT, USDC and more from Ethereum, Arbitrum, Base and other chains directly into native Solana USDC or SOL — no wrapped tokens or long bridge waits.  
Powered by Mayan × Wormhole integration, the feature removes key onboarding barriers and unlocks faster capital flow into Solana’s high-performance trading environment.

[https://x.com/DriftProtocol/status/2031762198067032466](https://x.com/DriftProtocol/status/2031762198067032466)",5,3,Solana,https://reddit.com/r/solana/comments/1rr61mq/drift_protocol_launches_multichain_deposits/
1rr8k17,2026-03-11,2026-03-11T22:23:56+00:00,Project zero -- the first DeFi prime broker on Solana,"The term **“broker”** isn’t commonly used by DeFi-native users; it’s more familiar in traditional finance (TradFi).

In TradFi, a **prime broker** aggregates access to different markets and financial instruments so capital allocators (such as funds) can trade efficiently and make full use of their capital. It provides services like financing, collateral management, and access to multiple venues through a single interface.

In DeFi today, users typically have to **split their capital across multiple protocols**. Each venue treats positions in isolation, meaning users cannot fully leverage the total value of their portfolio.

**Project 0 solves this problem** by enabling users to borrow against the **entire value of their portfolio across venues (Kamino, Drift, Juplend)**. This unified margin approach allows capital to be used more efficiently and lets traders capture opportunities, such as spreads between protocols, that would otherwise require fragmented collateral.

Full video here : [https://youtu.be/vhd0DTXvGRk?si=XHEb6V0vYBa5RK8s](https://youtu.be/vhd0DTXvGRk?si=XHEb6V0vYBa5RK8s)

https://reddit.com/link/1rr8k17/video/vxzw8ejerhog1/player","Project zero -- the first DeFi prime broker on Solana The term **“broker”** isn’t commonly used by DeFi-native users; it’s more familiar in traditional finance (TradFi).

In TradFi, a **prime broker** aggregates access to different markets and financial instruments so capital allocators (such as funds) can trade efficiently and make full use of their capital. It provides services like financing, collateral management, and access to multiple venues through a single interface.

In DeFi today, users typically have to **split their capital across multiple protocols**. Each venue treats positions in isolation, meaning users cannot fully leverage the total value of their portfolio.

**Project 0 solves this problem** by enabling users to borrow against the **entire value of their portfolio across venues (Kamino, Drift, Juplend)**. This unified margin approach allows capital to be used more efficiently and lets traders capture opportunities, such as spreads between protocols, that would otherwise require fragmented collateral.

Full video here : [https://youtu.be/vhd0DTXvGRk?si=XHEb6V0vYBa5RK8s](https://youtu.be/vhd0DTXvGRk?si=XHEb6V0vYBa5RK8s)

https://reddit.com/link/1rr8k17/video/vxzw8ejerhog1/player",10,4,Solana,https://reddit.com/r/solana/comments/1rr8k17/project_zero_the_first_defi_prime_broker_on_solana/
1rpkskn,2026-03-10,2026-03-10T02:30:02+00:00,The conversation around tokenized private equity is building momentum.,,The conversation around tokenized private equity is building momentum.,6,1,Solana,https://reddit.com/r/solana/comments/1rpkskn/the_conversation_around_tokenized_private_equity/
1rpna45,2026-03-10,2026-03-10T04:26:05+00:00,"Build-A-Bear: Solana vault hackathon, up to 1M+ in vault seed funding","Gmgm, we’re hosting Build-A-Bear, a Solana vault strategy hackathon focused on shipping production-ready vault strategies (and the infra around them), with a real path to deployment on a whitelisted vault marketplace.

# Main Track prizes (vault TVL seed funding)

🥇 up to **$500K**  
🥈 up to **$300K**  
🥉 up to **$200K**

# Drift Side Track (sponsor bounty)

Build something that **uses Drift** (perps/spot/borrow-lend/cross-venue).  
🥇 up to **$100K** • 🥈 up to **$60K** • 🥉 up to **$40K**  
Submissions using Drift are eligible for **both** the Main Track and Side Track.  
*(Note: Side Track seeding is at sponsor discretion; deposits are withdrawable and may be withdrawn if vault value drops below 80% of seeded amount.)*

# Sponsor perks

* **AWS:** **$90K AWS credits total** → **$10K each** for **9 teams** (3 Main winners, 3 Drift winners, 3 honorable mentions)
* **Helius:** **1 month free Dev Plan for all participants**
* **Adevar Labs:** **$15K audit credits** for **Top 3 winners**
* **Cobo:** **3 months free MPC wallet** for **Top 3 winners** \+ free testing accounts for all participants

Signup/details link are in the comments!","Build-A-Bear: Solana vault hackathon, up to 1M+ in vault seed funding Gmgm, we’re hosting Build-A-Bear, a Solana vault strategy hackathon focused on shipping production-ready vault strategies (and the infra around them), with a real path to deployment on a whitelisted vault marketplace.

# Main Track prizes (vault TVL seed funding)

🥇 up to **$500K**  
🥈 up to **$300K**  
🥉 up to **$200K**

# Drift Side Track (sponsor bounty)

Build something that **uses Drift** (perps/spot/borrow-lend/cross-venue).  
🥇 up to **$100K** • 🥈 up to **$60K** • 🥉 up to **$40K**  
Submissions using Drift are eligible for **both** the Main Track and Side Track.  
*(Note: Side Track seeding is at sponsor discretion; deposits are withdrawable and may be withdrawn if vault value drops below 80% of seeded amount.)*

# Sponsor perks

* **AWS:** **$90K AWS credits total** → **$10K each** for **9 teams** (3 Main winners, 3 Drift winners, 3 honorable mentions)
* **Helius:** **1 month free Dev Plan for all participants**
* **Adevar Labs:** **$15K audit credits** for **Top 3 winners**
* **Cobo:** **3 months free MPC wallet** for **Top 3 winners** \+ free testing accounts for all participants

Signup/details link are in the comments!",20,5,Solana,https://reddit.com/r/solana/comments/1rpna45/buildabear_solana_vault_hackathon_up_to_1m_in/
1rpogep,2026-03-10,2026-03-10T05:30:49+00:00,"SharkPool Introduces The ""Solana On-Campus Tour"", Hosting 15 University Events Across The U.S","**Source:** [https://x.com/SharkPoolSol/status/2031108175143821451](https://x.com/SharkPoolSol/status/2031108175143821451)

Introducing the Solana On-Campus Tour.  
  
This semester we’re hosting 15 university events across the U.S. bringing together student builders, blockchain clubs, and the next generation of the Solana ecosystem.  
  
Powered by [@solana](https://x.com/solana)

https://preview.redd.it/hi5rg8gel5og1.png?width=680&format=png&auto=webp&s=d28239982bd49ef58d97d28bc77f19be46e40a34

Over the past few years, Solana student communities have grown rapidly.  
Universities are becoming hubs for:  
• new builders  
• startup teams  
• validator operators  
• and future ecosystem leaders  
The goal of this tour is simple: bring the ecosystem directly to campus.

  
Events will include:  
• Builder workshops  
• Ecosystem talks  
• Student networking  
• Project demos  
• Opportunities for students to get involved in Solana  
We want to make it easier than ever for students to start building.



This tour builds on the momentum of the university network already forming around Solana.  
Student clubs across dozens of campuses are organizing events, launching projects, and contributing to the ecosystem every day.  
Now we’re taking that momentum on the road.

  
More details, universities, holder benefits and event dates coming soon.  
If you’re a student club or university interested in hosting a stop, reach out   
Let’s keep growing the next generation of Solana builders. 🦈","SharkPool Introduces The ""Solana On-Campus Tour"", Hosting 15 University Events Across The U.S **Source:** [https://x.com/SharkPoolSol/status/2031108175143821451](https://x.com/SharkPoolSol/status/2031108175143821451)

Introducing the Solana On-Campus Tour.  
  
This semester we’re hosting 15 university events across the U.S. bringing together student builders, blockchain clubs, and the next generation of the Solana ecosystem.  
  
Powered by [@solana](https://x.com/solana)

https://preview.redd.it/hi5rg8gel5og1.png?width=680&format=png&auto=webp&s=d28239982bd49ef58d97d28bc77f19be46e40a34

Over the past few years, Solana student communities have grown rapidly.  
Universities are becoming hubs for:  
• new builders  
• startup teams  
• validator operators  
• and future ecosystem leaders  
The goal of this tour is simple: bring the ecosystem directly to campus.

  
Events will include:  
• Builder workshops  
• Ecosystem talks  
• Student networking  
• Project demos  
• Opportunities for students to get involved in Solana  
We want to make it easier than ever for students to start building.



This tour builds on the momentum of the university network already forming around Solana.  
Student clubs across dozens of campuses are organizing events, launching projects, and contributing to the ecosystem every day.  
Now we’re taking that momentum on the road.

  
More details, universities, holder benefits and event dates coming soon.  
If you’re a student club or university interested in hosting a stop, reach out   
Let’s keep growing the next generation of Solana builders. 🦈",7,1,Solana,https://reddit.com/r/solana/comments/1rpogep/sharkpool_introduces_the_solana_oncampus_tour/
1rpph10,2026-03-10,2026-03-10T06:29:40+00:00,anyone else been using cross-chain aggregators lately?,"been using a few cross-chain aggregators lately and ngl the difference in execution vs going direct to individual dexs is noticeable

like why would i manually check 5 different chains when something can do it for me and find the best route? article from dextools put it well — ""friction is the enemy of activity""

tbh i think most people just pick one chain and stick with it bc bridging used to be a pain. now with better aggregators its actually worth exploring other chains for better rates

what are you guys using?","anyone else been using cross-chain aggregators lately? been using a few cross-chain aggregators lately and ngl the difference in execution vs going direct to individual dexs is noticeable

like why would i manually check 5 different chains when something can do it for me and find the best route? article from dextools put it well — ""friction is the enemy of activity""

tbh i think most people just pick one chain and stick with it bc bridging used to be a pain. now with better aggregators its actually worth exploring other chains for better rates

what are you guys using?",8,2,Solana,https://reddit.com/r/solana/comments/1rpph10/anyone_else_been_using_crosschain_aggregators/
1rptjoz,2026-03-10,2026-03-10T10:43:30+00:00,"DEXScreener showing Wrong price, Please explain","Please check this token

[https://dexscreener.com/solana/gbud7ee9bwq7kzovcnhmyyrrvtugs9he5awemriahzpj](https://dexscreener.com/solana/gbud7ee9bwq7kzovcnhmyyrrvtugs9he5awemriahzpj)

here after removing liquidity

0.05701 STAR is swapped with 0.01 WSOl, which is 0.87 USD

Based on this price of 1 star should be

0.87/0.05701 - 15.2

but it's showing different price.

Is it normal behaviour of DEXscreener not showing corrrect price?","DEXScreener showing Wrong price, Please explain Please check this token

[https://dexscreener.com/solana/gbud7ee9bwq7kzovcnhmyyrrvtugs9he5awemriahzpj](https://dexscreener.com/solana/gbud7ee9bwq7kzovcnhmyyrrvtugs9he5awemriahzpj)

here after removing liquidity

0.05701 STAR is swapped with 0.01 WSOl, which is 0.87 USD

Based on this price of 1 star should be

0.87/0.05701 - 15.2

but it's showing different price.

Is it normal behaviour of DEXscreener not showing corrrect price?",1,5,Solana,https://reddit.com/r/solana/comments/1rptjoz/dexscreener_showing_wrong_price_please_explain/
1rpxj88,2026-03-10,2026-03-10T13:53:31+00:00,Solana logo artwork built brick by brick. What do you think?,"Inside this artwork I hid five cities.
London Seattle Dubai New York Paris
Each one represents a node in the global blockchain network.
This piece was built brick by brick during a live session on Solstake

Which city do you like the most?","Solana logo artwork built brick by brick. What do you think? Inside this artwork I hid five cities.
London Seattle Dubai New York Paris
Each one represents a node in the global blockchain network.
This piece was built brick by brick during a live session on Solstake

Which city do you like the most?",94,20,Solana,https://reddit.com/r/solana/comments/1rpxj88/solana_logo_artwork_built_brick_by_brick_what_do/
1rpxvsx,2026-03-10,2026-03-10T14:07:06+00:00,Wall Street and Silicon Valley Pour $540M Into Solana ETFs in Q4,,Wall Street and Silicon Valley Pour $540M Into Solana ETFs in Q4,29,4,Solana,https://reddit.com/r/solana/comments/1rpxvsx/wall_street_and_silicon_valley_pour_540m_into/
1rpxzn3,2026-03-10,2026-03-10T14:11:21+00:00,"Solana Policy Institute Announced ""The Solana Summit In Washington X Wall Street, April 13 In NYC","**Source:** [https://x.com/SolanaInstitute/status/2031362571622642098](https://x.com/SolanaInstitute/status/2031362571622642098)

**1/** Announcing **Solana Summit: Washington x Wall Street**  – Apr 13 in NYC. A one-day, high-level convening of Wall Street and Washington leaders to explore the future of decentralized finance.   
▶ [https://solanapolicyinstitute.org/summit/new-york-city](https://t.co/GigZxRbvbJ)

https://preview.redd.it/y8uvvick68og1.png?width=680&format=png&auto=webp&s=7654fdbecfdb4afada5ea8746fc3d6521ddeab15

**2/** Goal: Explain [@Solana](https://x.com/solana)’s investment thesis, examine real-world use cases, and explore the crypto policy landscape.



**3/** Who should attend: investors, allocators, analysts, policy leaders & builders.  
[https://luma.com/Solana-Summit-NYC](https://t.co/4EjOQiO2UP)

https://preview.redd.it/iwe9ex9o68og1.png?width=680&format=png&auto=webp&s=7531f03bcb30a59905365b361f2024c8a22eb20b

","Solana Policy Institute Announced ""The Solana Summit In Washington X Wall Street, April 13 In NYC **Source:** [https://x.com/SolanaInstitute/status/2031362571622642098](https://x.com/SolanaInstitute/status/2031362571622642098)

**1/** Announcing **Solana Summit: Washington x Wall Street**  – Apr 13 in NYC. A one-day, high-level convening of Wall Street and Washington leaders to explore the future of decentralized finance.   
▶ [https://solanapolicyinstitute.org/summit/new-york-city](https://t.co/GigZxRbvbJ)

https://preview.redd.it/y8uvvick68og1.png?width=680&format=png&auto=webp&s=7654fdbecfdb4afada5ea8746fc3d6521ddeab15

**2/** Goal: Explain [@Solana](https://x.com/solana)’s investment thesis, examine real-world use cases, and explore the crypto policy landscape.



**3/** Who should attend: investors, allocators, analysts, policy leaders & builders.  
[https://luma.com/Solana-Summit-NYC](https://t.co/4EjOQiO2UP)

https://preview.redd.it/iwe9ex9o68og1.png?width=680&format=png&auto=webp&s=7531f03bcb30a59905365b361f2024c8a22eb20b",4,1,Solana,https://reddit.com/r/solana/comments/1rpxzn3/solana_policy_institute_announced_the_solana/
1rpy3a8,2026-03-10,2026-03-10T14:15:18+00:00,"PUSD, a Shariah-compliant Backed 1:1 By AED + SAR Reserves, Is Now Live On Solana","**Source:** [https://x.com/afscott/status/2031328068791578862](https://x.com/afscott/status/2031328068791578862)

PUSD is now live on Solana. I've been following [@PalmUSD](https://x.com/PalmUSD) since the early days.   
Shariah-compliant. Backed 1:1 by AED + SAR reserves. Built for cross-border settlement across MENA and Asia

https://reddit.com/link/1rpy3a8/video/9g13lvzd78og1/player

","PUSD, a Shariah-compliant Backed 1:1 By AED + SAR Reserves, Is Now Live On Solana **Source:** [https://x.com/afscott/status/2031328068791578862](https://x.com/afscott/status/2031328068791578862)

PUSD is now live on Solana. I've been following [@PalmUSD](https://x.com/PalmUSD) since the early days.   
Shariah-compliant. Backed 1:1 by AED + SAR reserves. Built for cross-border settlement across MENA and Asia

https://reddit.com/link/1rpy3a8/video/9g13lvzd78og1/player",4,2,Solana,https://reddit.com/r/solana/comments/1rpy3a8/pusd_a_shariahcompliant_backed_11_by_aed_sar/
1rpy4yy,2026-03-10,2026-03-10T14:17:04+00:00,Real Vision Podcast - Is Solana Entering Its “Boring” Era? With Nicolas Pennie of Helius,,Real Vision Podcast - Is Solana Entering Its “Boring” Era? With Nicolas Pennie of Helius,3,1,Solana,https://reddit.com/r/solana/comments/1rpy4yy/real_vision_podcast_is_solana_entering_its_boring/
1rq1hmo,2026-03-10,2026-03-10T16:23:48+00:00,At what SOL balance did you move to cold storage?,"Curious how people here approach this.

At what point did you decide your SOL stack was too big to keep in a hot wallet? Was it a specific amount or more just a mindset shift about security?

I’m starting to accumulate a bit more and thinking it might be time to move to cold storage for peace of mind. For those who already did it, what wallet are you using for long-term holding and how has the experience been so far?","At what SOL balance did you move to cold storage? Curious how people here approach this.

At what point did you decide your SOL stack was too big to keep in a hot wallet? Was it a specific amount or more just a mindset shift about security?

I’m starting to accumulate a bit more and thinking it might be time to move to cold storage for peace of mind. For those who already did it, what wallet are you using for long-term holding and how has the experience been so far?",35,45,Solana,https://reddit.com/r/solana/comments/1rq1hmo/at_what_sol_balance_did_you_move_to_cold_storage/
1rq5sgw,2026-03-10,2026-03-10T18:55:07+00:00,0% Fees on Swaps & Bridges. All Networks,,0% Fees on Swaps & Bridges. All Networks,7,1,Solana,https://reddit.com/r/solana/comments/1rq5sgw/0_fees_on_swaps_bridges_all_networks/
1rq6etw,2026-03-10,2026-03-10T19:16:48+00:00,watch out for scammer . tiktok @conviiction,there’s this tiktoker claiming to help people make money through meme coins. primarily goes for newer trader. will ask you to share you screen to see how you “trade” will walk you through a semi legitimate process on setting up your axiom. will continuously ask you to depo more than 2 sol. if not he will tell you there’s no point in trading. will also make you add a google extension called “axiomradar.site” DO NOT ADD TO BROWSER AND DO NOT CLICK ANYTHING ON THE SITE. moments later. i added my phantom wallet to my axiom with the sol and moments later he left dc and my sol was gone. can someone please explain how this happens and what i need to change immediately so my crypto wallets are safe. ,watch out for scammer . tiktok @conviiction there’s this tiktoker claiming to help people make money through meme coins. primarily goes for newer trader. will ask you to share you screen to see how you “trade” will walk you through a semi legitimate process on setting up your axiom. will continuously ask you to depo more than 2 sol. if not he will tell you there’s no point in trading. will also make you add a google extension called “axiomradar.site” DO NOT ADD TO BROWSER AND DO NOT CLICK ANYTHING ON THE SITE. moments later. i added my phantom wallet to my axiom with the sol and moments later he left dc and my sol was gone. can someone please explain how this happens and what i need to change immediately so my crypto wallets are safe.,10,20,Solana,https://reddit.com/r/solana/comments/1rq6etw/watch_out_for_scammer_tiktok_conviiction/
1rq9j85,2026-03-10,2026-03-10T21:07:43+00:00,"Introducing Http://solclaw.ai, An AI Agent Framework That Can Execute Any Solana Transaction From WhatsApp Or Telegram","**Source:** [https://x.com/anagramxyz/status/2031431707426173104](https://x.com/anagramxyz/status/2031431707426173104)

introducing [http://solclaw.ai](https://t.co/eKpPLYkT0j) ([u/@solanaclawagent](https://x.com/solanaclawagent))  
  
We built an AI agent framework that can execute any [@solana](https://x.com/solana) transaction from WhatsApp or Telegram.  
  
Swap tokens.  
Stake SOL.  
Deploy tokens.  
Earn Yield.  
  
All from chat. Fully visualized via the [http://solclaw.ai/stats](https://t.co/iMpundUJvu) dashboard.

https://reddit.com/link/1rq9j85/video/wh67538q8aog1/player

[@solanaclawagent](https://x.com/solanaclawagent) lets you execute on-chain actions using natural language.  
  
Examples:  
  
""swap 2 SOL to USDC""  
""stake my SOL""  
""launch a token called DOG""  
  
The AI agent interprets the intent and executes the transaction.

https://reddit.com/link/1rq9j85/video/ofupno1u8aog1/player

Solclaw works across every [@solana](https://x.com/solana) protocol and has:  
  
• Claude for intent parsing  
• Isolated execution containers  
• Encrypted key management  
• 60+ Solana protocol actions  
• Works directly inside WhatsApp + Telegram

https://preview.redd.it/whgdumkv8aog1.png?width=679&format=png&auto=webp&s=80e6ea0f50288af202d7fee947cd913bde3478b9

Developers can spin up their own agent in minutes.  
[https://github.com/anagrambuild/solclaw](https://t.co/hkyJV6u0Qt)  
[http://solclaw.ai](https://t.co/Eqr3pO6vbQ)

https://preview.redd.it/mb85aisw8aog1.png?width=680&format=png&auto=webp&s=20c6b76edc754dc51dccbb9976784d2d6786e5a1

Solclaw is open-source and completely free to use.   
If your protocol is not included in current solclaw functionality please submit a PR!

  
ai is better on [@solana](https://x.com/solana)

https://preview.redd.it/52rrm8fz8aog1.png?width=680&format=png&auto=webp&s=1da99c578716d2c2d371f5a12494d553b0d1b065

","Introducing Http://solclaw.ai, An AI Agent Framework That Can Execute Any Solana Transaction From WhatsApp Or Telegram **Source:** [https://x.com/anagramxyz/status/2031431707426173104](https://x.com/anagramxyz/status/2031431707426173104)

introducing [http://solclaw.ai](https://t.co/eKpPLYkT0j) ([u/@solanaclawagent](https://x.com/solanaclawagent))  
  
We built an AI agent framework that can execute any [@solana](https://x.com/solana) transaction from WhatsApp or Telegram.  
  
Swap tokens.  
Stake SOL.  
Deploy tokens.  
Earn Yield.  
  
All from chat. Fully visualized via the [http://solclaw.ai/stats](https://t.co/iMpundUJvu) dashboard.

https://reddit.com/link/1rq9j85/video/wh67538q8aog1/player

[@solanaclawagent](https://x.com/solanaclawagent) lets you execute on-chain actions using natural language.  
  
Examples:  
  
""swap 2 SOL to USDC""  
""stake my SOL""  
""launch a token called DOG""  
  
The AI agent interprets the intent and executes the transaction.

https://reddit.com/link/1rq9j85/video/ofupno1u8aog1/player

Solclaw works across every [@solana](https://x.com/solana) protocol and has:  
  
• Claude for intent parsing  
• Isolated execution containers  
• Encrypted key management  
• 60+ Solana protocol actions  
• Works directly inside WhatsApp + Telegram

https://preview.redd.it/whgdumkv8aog1.png?width=679&format=png&auto=webp&s=80e6ea0f50288af202d7fee947cd913bde3478b9

Developers can spin up their own agent in minutes.  
[https://github.com/anagrambuild/solclaw](https://t.co/hkyJV6u0Qt)  
[http://solclaw.ai](https://t.co/Eqr3pO6vbQ)

https://preview.redd.it/mb85aisw8aog1.png?width=680&format=png&auto=webp&s=20c6b76edc754dc51dccbb9976784d2d6786e5a1

Solclaw is open-source and completely free to use.   
If your protocol is not included in current solclaw functionality please submit a PR!

  
ai is better on [@solana](https://x.com/solana)

https://preview.redd.it/52rrm8fz8aog1.png?width=680&format=png&auto=webp&s=1da99c578716d2c2d371f5a12494d553b0d1b065",3,2,Solana,https://reddit.com/r/solana/comments/1rq9j85/introducing_httpsolclawai_an_ai_agent_framework/
1rq9o1o,2026-03-10,2026-03-10T21:12:21+00:00,"UseKled,The First Human Data Marketplace Powered By Payments On Solana, Announced Their $5.5M Seed Round","**Source:** [https://x.com/solana/status/2031387157940891837](https://x.com/solana/status/2031387157940891837)

Congrats to the [@useKled](https://x.com/useKled) team. The first human data marketplace, powered by payments on Solana 🔥



**Source:** [https://x.com/useKled/status/2031384811441402057](https://x.com/useKled/status/2031384811441402057)

Today, we’re announcing our $5.5M Seed round to build the first human data marketplace.  
  
Backed by Sebastian Thrun (Founder of Waymo), Aglaé (Venture Fund of Bernard Arnault), K5 Global, Diplo, Parable VC, Cox Exponential (CX2), Daniel Greenberg (Founder of MSCHF), Harrison Shih (DoorDash Labs), Kent Lacob (Owner of Golden State Warriors), and more.  
  
This brings our total financing to $9 million. (Thread)

https://reddit.com/link/1rq9o1o/video/y65i60km9aog1/player

This raise follows the explosive growth of our consumer app, which has hit number 1 on the app store in 4 countries (Finance Category).  
  
Our users are now uploading anywhere from 3 - 4.5 million files per day. With our top earner making $7,400 per month.  
  
We’ve collected 12,000+ structured datasets created spanning egocentric data, medical data (e.g., radiology scans), urban travel data, etc.  
  
Several leading AI labs and enterprises are now actively purchasing our user-generated datasets for frontier model training.

https://reddit.com/link/1rq9o1o/video/rakzgoxr9aog1/player

This group of investors also unlocks hundreds of previously locked doors to some of the leading AI labs, robotics companies, consumer brands, and more, which will allow us to present thousands of new data tasks to the hundreds of thousands of data contributors on the Kled app.  
  
A huge thank you to our other existing investors: Luca Netz (Founder of Pudgy Penguins), 24kGoldn, Abe Burns (Slow Rush Ventures), Adam Cohen (Founder of Stic), Everbloom, Ricky Horwitz (Former CMO of Pika), Magic Labs, A16Z Scout, Bain Scout, Zach Greenberger (Former CBO of Lyft), Max Marchione (Founder of Superpower), Paul Yacoubian (Founder of Copy AI), PandaBoi, and everyone else!

https://preview.redd.it/3r9z1tos9aog1.png?width=680&format=png&auto=webp&s=8d82f9bd8f9947847dbe60ebef3b2395cd5ed629

","UseKled,The First Human Data Marketplace Powered By Payments On Solana, Announced Their $5.5M Seed Round **Source:** [https://x.com/solana/status/2031387157940891837](https://x.com/solana/status/2031387157940891837)

Congrats to the [@useKled](https://x.com/useKled) team. The first human data marketplace, powered by payments on Solana 🔥



**Source:** [https://x.com/useKled/status/2031384811441402057](https://x.com/useKled/status/2031384811441402057)

Today, we’re announcing our $5.5M Seed round to build the first human data marketplace.  
  
Backed by Sebastian Thrun (Founder of Waymo), Aglaé (Venture Fund of Bernard Arnault), K5 Global, Diplo, Parable VC, Cox Exponential (CX2), Daniel Greenberg (Founder of MSCHF), Harrison Shih (DoorDash Labs), Kent Lacob (Owner of Golden State Warriors), and more.  
  
This brings our total financing to $9 million. (Thread)

https://reddit.com/link/1rq9o1o/video/y65i60km9aog1/player

This raise follows the explosive growth of our consumer app, which has hit number 1 on the app store in 4 countries (Finance Category).  
  
Our users are now uploading anywhere from 3 - 4.5 million files per day. With our top earner making $7,400 per month.  
  
We’ve collected 12,000+ structured datasets created spanning egocentric data, medical data (e.g., radiology scans), urban travel data, etc.  
  
Several leading AI labs and enterprises are now actively purchasing our user-generated datasets for frontier model training.

https://reddit.com/link/1rq9o1o/video/rakzgoxr9aog1/player

This group of investors also unlocks hundreds of previously locked doors to some of the leading AI labs, robotics companies, consumer brands, and more, which will allow us to present thousands of new data tasks to the hundreds of thousands of data contributors on the Kled app.  
  
A huge thank you to our other existing investors: Luca Netz (Founder of Pudgy Penguins), 24kGoldn, Abe Burns (Slow Rush Ventures), Adam Cohen (Founder of Stic), Everbloom, Ricky Horwitz (Former CMO of Pika), Magic Labs, A16Z Scout, Bain Scout, Zach Greenberger (Former CBO of Lyft), Max Marchione (Founder of Superpower), Paul Yacoubian (Founder of Copy AI), PandaBoi, and everyone else!

https://preview.redd.it/3r9z1tos9aog1.png?width=680&format=png&auto=webp&s=8d82f9bd8f9947847dbe60ebef3b2395cd5ed629",3,1,Solana,https://reddit.com/r/solana/comments/1rq9o1o/usekledthe_first_human_data_marketplace_powered/
1rq9rsp,2026-03-10,2026-03-10T21:15:54+00:00,"Generation Infinity Podcast - Solana | The Race to Tokenize Capital Markets, With Nick Ducoff, Head Of Institutional Growth At Solana Foundation","**Source:**  [https://x.com/Genfinity/status/2031384638904586428](https://x.com/Genfinity/status/2031384638904586428)

Solana | The Race to Tokenize Capital Markets  
  
""It was supply 18 months ago. It's now demand.""  
  
Head of Institutional Growth [@nickducoff](https://x.com/nickducoff) joins [@IOV\_OWL](https://x.com/IOV_OWL)

 on Solana's path from $170M to $1.7B in RWAs and what it takes to turn billions into trillions.  
  
Full Interview:

https://preview.redd.it/sw72ldo8aaog1.png?width=551&format=png&auto=webp&s=769f7d0e81bbce2401c8d1a38db2c2bd76ab2817

","Generation Infinity Podcast - Solana | The Race to Tokenize Capital Markets, With Nick Ducoff, Head Of Institutional Growth At Solana Foundation **Source:**  [https://x.com/Genfinity/status/2031384638904586428](https://x.com/Genfinity/status/2031384638904586428)

Solana | The Race to Tokenize Capital Markets  
  
""It was supply 18 months ago. It's now demand.""  
  
Head of Institutional Growth [@nickducoff](https://x.com/nickducoff) joins [@IOV\_OWL](https://x.com/IOV_OWL)

 on Solana's path from $170M to $1.7B in RWAs and what it takes to turn billions into trillions.  
  
Full Interview:

https://preview.redd.it/sw72ldo8aaog1.png?width=551&format=png&auto=webp&s=769f7d0e81bbce2401c8d1a38db2c2bd76ab2817",2,2,Solana,https://reddit.com/r/solana/comments/1rq9rsp/generation_infinity_podcast_solana_the_race_to/
1rqd1gy,2026-03-10,2026-03-10T23:19:54+00:00,Is Solana finally solving the 'Off-Ramp' friction for devs?,"As a software engineer who’s moved most of my workflow to Solana recently, I’ve always been frustrated by the final step: actually using my SOL for real-world expenses without waiting for a CEX to 'approve' my life.

I’m currently taking some intensive German language courses, and I wanted to pay for some digital materials and subscriptions using my SOL. I didn't want to deal with the 3-day withdrawal lag of centralized exchanges.

I decided to try AllArk to swap some SOL for a virtual Visa card. I was expecting the usual 'bridge' headache, but the transaction was near-instant—matching the Solana speed we’re used to. No-KYC was a massive plus for my privacy.

This got me thinking about the technical side of the ecosystem:

Priority Fees: For those using these types of gateways, are you seeing them implement dynamic priority fees yet? My transaction went through during a high-traffic window, and I'm curious how they are handling the congestion under the hood.

LST Integration: Do you think we’ll eventually see off-ramps like AllArk support staked assets (like jitoSOL or mSOL) directly? It would be a game-changer to spend yield without unstaking.

Solana Mobile (Saga/Seeker): Has anyone tried integrating these No-KYC tools with the Solana Mobile stack? I feel like this is the missing piece for 'Mass Adoption.'

I'm curious to hear from other devs or heavy users. Are you still relying on the big exchanges, or are you moving towards these 'Direct-to-Spend' protocols?","Is Solana finally solving the 'Off-Ramp' friction for devs? As a software engineer who’s moved most of my workflow to Solana recently, I’ve always been frustrated by the final step: actually using my SOL for real-world expenses without waiting for a CEX to 'approve' my life.

I’m currently taking some intensive German language courses, and I wanted to pay for some digital materials and subscriptions using my SOL. I didn't want to deal with the 3-day withdrawal lag of centralized exchanges.

I decided to try AllArk to swap some SOL for a virtual Visa card. I was expecting the usual 'bridge' headache, but the transaction was near-instant—matching the Solana speed we’re used to. No-KYC was a massive plus for my privacy.

This got me thinking about the technical side of the ecosystem:

Priority Fees: For those using these types of gateways, are you seeing them implement dynamic priority fees yet? My transaction went through during a high-traffic window, and I'm curious how they are handling the congestion under the hood.

LST Integration: Do you think we’ll eventually see off-ramps like AllArk support staked assets (like jitoSOL or mSOL) directly? It would be a game-changer to spend yield without unstaking.

Solana Mobile (Saga/Seeker): Has anyone tried integrating these No-KYC tools with the Solana Mobile stack? I feel like this is the missing piece for 'Mass Adoption.'

I'm curious to hear from other devs or heavy users. Are you still relying on the big exchanges, or are you moving towards these 'Direct-to-Spend' protocols?",15,6,Solana,https://reddit.com/r/solana/comments/1rqd1gy/is_solana_finally_solving_the_offramp_friction/
1rpyz8p,2026-03-10,2026-03-10T14:49:43+00:00,"Tool for tracking ""Corporate Adoption"" of crypto assets?","I'm doing some research on institutional adoption for a report. Does anyone know a good site that lists public companies holding crypto (not just BTC, but ETH and other assets too)?



I’m looking for specific data points: total coins held, current USD value, and initial purchase price.","Tool for tracking ""Corporate Adoption"" of crypto assets? I'm doing some research on institutional adoption for a report. Does anyone know a good site that lists public companies holding crypto (not just BTC, but ETH and other assets too)?



I’m looking for specific data points: total coins held, current USD value, and initial purchase price.",8,9,Solana,https://reddit.com/r/solana/comments/1rpyz8p/tool_for_tracking_corporate_adoption_of_crypto/
1rp4smm,2026-03-09,2026-03-09T16:24:21+00:00,📢  Solana Digest (March 05 – March 08),,📢  Solana Digest (March 05 – March 08),7,1,Solana,https://reddit.com/r/solana/comments/1rp4smm/solana_digest_march_05_march_08/
1rovyyh,2026-03-09,2026-03-09T09:53:51+00:00,Crypto AI Agents - Few questions,,Crypto AI Agents - Few questions,7,2,Solana,https://reddit.com/r/solana/comments/1rovyyh/crypto_ai_agents_few_questions/
1rp04cs,2026-03-09,2026-03-09T13:24:53+00:00,"EasyA Kickstart Is Now Live On Solana, Launch, Trade And Back The Next Big Idea On Solana","**Source:** [https://x.com/EasyA\_Kickstart/status/2030974071014408615](https://x.com/EasyA_Kickstart/status/2030974071014408615)

EasyA Kickstart is now live on [@Solana](https://x.com/solana)!  
  
Launch, trade and back the next big idea on Solana.  
  
Say hello to idea coins 🪙

https://preview.redd.it/qg387ezit0og1.png?width=277&format=png&auto=webp&s=75fea4524b357eafe491504eb0c444afd5106070

Launch the next big idea on [@Solana](https://x.com/solana) today 👻

[https://kickstart-solana.easya.io/](https://kickstart-solana.easya.io/)

https://preview.redd.it/s9d8544lt0og1.png?width=680&format=png&auto=webp&s=126f84e1a053af5f7007b50acd271d099ded7a74","EasyA Kickstart Is Now Live On Solana, Launch, Trade And Back The Next Big Idea On Solana **Source:** [https://x.com/EasyA\_Kickstart/status/2030974071014408615](https://x.com/EasyA_Kickstart/status/2030974071014408615)

EasyA Kickstart is now live on [@Solana](https://x.com/solana)!  
  
Launch, trade and back the next big idea on Solana.  
  
Say hello to idea coins 🪙

https://preview.redd.it/qg387ezit0og1.png?width=277&format=png&auto=webp&s=75fea4524b357eafe491504eb0c444afd5106070

Launch the next big idea on [@Solana](https://x.com/solana) today 👻

[https://kickstart-solana.easya.io/](https://kickstart-solana.easya.io/)

https://preview.redd.it/s9d8544lt0og1.png?width=680&format=png&auto=webp&s=126f84e1a053af5f7007b50acd271d099ded7a74",3,2,Solana,https://reddit.com/r/solana/comments/1rp04cs/easya_kickstart_is_now_live_on_solana_launch/
1rp06wr,2026-03-09,2026-03-09T13:27:55+00:00,XStocksFi Is Bringing Nasdaq's Tokenized Equity Markets To Solana DeFi,"**Source:** [https://x.com/solana/status/2030969676038316086](https://x.com/solana/status/2030969676038316086)

BREAKING: [@xStocksFi](https://x.com/xStocksFi) is bringing Nasdaq's tokenized equity markets to Solana DeFi

  
**Source:** [https://x.com/xStocksFi/status/2030963704024740126](https://x.com/xStocksFi/status/2030963704024740126)

xNasdaq?  
  
Soon.  
  
The xStocks framework will power a new gateway connecting [@Nasdaq](https://x.com/Nasdaq)’s tokenized equity markets with blockchain networks.  
  
TradFi isn’t so traditional anymore.

https://preview.redd.it/tixxh60xt0og1.png?width=680&format=png&auto=webp&s=64d7d59c1cf14c4f6187746e8290831a1cd563ef

Introducing the equities transformation gateway.  
To be developed through a collaboration between 

[@Nasdaq](https://x.com/Nasdaq) and [@Payward](https://x.com/Payward), it will connect:  
  
❎ tokenized equity markets  
❎ blockchain networks

  
As [@arjunsethi](https://x.com/arjunsethi), Co-CEO of Payward and Kraken explains, when collateral can move programmatically between markets:  
  
❎ settlement friction decreases  
❎ capital moves faster  
❎ portfolios rebalance more efficiently

  
When equities become programmable financial instruments, they can move across markets and function as collateral across trading, derivatives, and financing environments.  
This is where tokenization starts to reshape market infrastructure.

  
Since launch, xStocks has become a neutral, open public good.

In under a year:

❎$25B+ volume  
❎$4B+ settled onchain  
❎85K+ holders

Next step: connecting capital markets and blockchain networks.  
xStocks are not available in the US or to US Persons. Geo restrictions apply.  
Beware of impersonator accounts under this thread. We will never DM you first or ask for funds.","XStocksFi Is Bringing Nasdaq's Tokenized Equity Markets To Solana DeFi **Source:** [https://x.com/solana/status/2030969676038316086](https://x.com/solana/status/2030969676038316086)

BREAKING: [@xStocksFi](https://x.com/xStocksFi) is bringing Nasdaq's tokenized equity markets to Solana DeFi

  
**Source:** [https://x.com/xStocksFi/status/2030963704024740126](https://x.com/xStocksFi/status/2030963704024740126)

xNasdaq?  
  
Soon.  
  
The xStocks framework will power a new gateway connecting [@Nasdaq](https://x.com/Nasdaq)’s tokenized equity markets with blockchain networks.  
  
TradFi isn’t so traditional anymore.

https://preview.redd.it/tixxh60xt0og1.png?width=680&format=png&auto=webp&s=64d7d59c1cf14c4f6187746e8290831a1cd563ef

Introducing the equities transformation gateway.  
To be developed through a collaboration between 

[@Nasdaq](https://x.com/Nasdaq) and [@Payward](https://x.com/Payward), it will connect:  
  
❎ tokenized equity markets  
❎ blockchain networks

  
As [@arjunsethi](https://x.com/arjunsethi), Co-CEO of Payward and Kraken explains, when collateral can move programmatically between markets:  
  
❎ settlement friction decreases  
❎ capital moves faster  
❎ portfolios rebalance more efficiently

  
When equities become programmable financial instruments, they can move across markets and function as collateral across trading, derivatives, and financing environments.  
This is where tokenization starts to reshape market infrastructure.

  
Since launch, xStocks has become a neutral, open public good.

In under a year:

❎$25B+ volume  
❎$4B+ settled onchain  
❎85K+ holders

Next step: connecting capital markets and blockchain networks.  
xStocks are not available in the US or to US Persons. Geo restrictions apply.  
Beware of impersonator accounts under this thread. We will never DM you first or ask for funds.",5,5,Solana,https://reddit.com/r/solana/comments/1rp06wr/xstocksfi_is_bringing_nasdaqs_tokenized_equity/
1rp3n94,2026-03-09,2026-03-09T15:42:48+00:00,2021 vs 2026 is kinda interesting,"BTC is roughly in the same range.

ETH too.

But Solana went from around $141 to about $80, even though the ecosystem today is much bigger.

More devs, more apps, more users.

**So are people just sleeping on SOL right now, or is the market actually pricing it correctly?**","2021 vs 2026 is kinda interesting BTC is roughly in the same range.

ETH too.

But Solana went from around $141 to about $80, even though the ecosystem today is much bigger.

More devs, more apps, more users.

**So are people just sleeping on SOL right now, or is the market actually pricing it correctly?**",350,102,Solana,https://reddit.com/r/solana/comments/1rp3n94/2021_vs_2026_is_kinda_interesting/
1rp8fgl,2026-03-09,2026-03-09T18:30:49+00:00,190+ Institutions Representing $300B+ In AUM Are Already In Solana Foundation's Lightspeed.vip,"**Source:** [https://x.com/SolanaFndn/status/2031033992775123252](https://x.com/SolanaFndn/status/2031033992775123252)

190+ institutions representing $300B+ in AUM are already in.  
  
Lightspeed is where professional allocators get the signal on Solana.  
  
Get access: [http://lightspeed.vip](https://t.co/VTyOXwvi9y)

https://preview.redd.it/al0bz78lb2og1.png?width=557&format=png&auto=webp&s=ffacdc887648082d07c4332e46873e86a6f2ffc3

","190+ Institutions Representing $300B+ In AUM Are Already In Solana Foundation's Lightspeed.vip **Source:** [https://x.com/SolanaFndn/status/2031033992775123252](https://x.com/SolanaFndn/status/2031033992775123252)

190+ institutions representing $300B+ in AUM are already in.  
  
Lightspeed is where professional allocators get the signal on Solana.  
  
Get access: [http://lightspeed.vip](https://t.co/VTyOXwvi9y)

https://preview.redd.it/al0bz78lb2og1.png?width=557&format=png&auto=webp&s=ffacdc887648082d07c4332e46873e86a6f2ffc3",5,1,Solana,https://reddit.com/r/solana/comments/1rp8fgl/190_institutions_representing_300b_in_aum_are/
1rp5htt,2026-03-09,2026-03-09T16:48:58+00:00,Titan Exchange Launches Private Swaps on Solana,"Titan Exchange, Solana's meta DEX aggregator, today introduced Private Swaps powered by Vanish Trade.  
Users can now execute anonymous trades via shielded wallets, ensuring full privacy on the public ledger while maintaining Solana's lightning-fast execution.  
The feature launches with SOL-involved pairs and a gamified Privacy Badge reward for first-time users.

[https://x.com/Titan\_Exchange/status/2031003015126319371](https://x.com/Titan_Exchange/status/2031003015126319371)","Titan Exchange Launches Private Swaps on Solana Titan Exchange, Solana's meta DEX aggregator, today introduced Private Swaps powered by Vanish Trade.  
Users can now execute anonymous trades via shielded wallets, ensuring full privacy on the public ledger while maintaining Solana's lightning-fast execution.  
The feature launches with SOL-involved pairs and a gamified Privacy Badge reward for first-time users.

[https://x.com/Titan\_Exchange/status/2031003015126319371](https://x.com/Titan_Exchange/status/2031003015126319371)",7,1,Solana,https://reddit.com/r/solana/comments/1rp5htt/titan_exchange_launches_private_swaps_on_solana/
1rp7axo,2026-03-09,2026-03-09T17:51:58+00:00,KAST Secures $80M Series A to Accelerate Global Stablecoin Banking Expansion,"KAST, the stablecoin-powered fintech platform, today announced an $80 million Series A funding round co-led by QED Investors and Left Lane Capital, with participation from Peak XV, HSG, and DST Global Partners.  
The capital will fuel international growth, product innovation, and compliance efforts as KAST scales its neobank services for millions worldwide.

[https://x.com/KASTxyz/status/2030956265719873586](https://x.com/KASTxyz/status/2030956265719873586)","KAST Secures $80M Series A to Accelerate Global Stablecoin Banking Expansion KAST, the stablecoin-powered fintech platform, today announced an $80 million Series A funding round co-led by QED Investors and Left Lane Capital, with participation from Peak XV, HSG, and DST Global Partners.  
The capital will fuel international growth, product innovation, and compliance efforts as KAST scales its neobank services for millions worldwide.

[https://x.com/KASTxyz/status/2030956265719873586](https://x.com/KASTxyz/status/2030956265719873586)",5,1,Solana,https://reddit.com/r/solana/comments/1rp7axo/kast_secures_80m_series_a_to_accelerate_global/
1rp89iv,2026-03-09,2026-03-09T18:24:54+00:00,"Paxos, The World's Largest Insurance Brokers. Settling Premiums With Stablecoins On Solana","**Source:** [https://x.com/solana/status/2031059791167238586](https://x.com/solana/status/2031059791167238586)

One of the world's largest insurance brokers. Settling premiums with stablecoins on Solana

**Source:** [https://x.com/Paxos/status/2031026721890443522](https://x.com/Paxos/status/2031026721890443522)

Aon is one of the world's largest insurance brokers, managing risk for corporations across 120+ countries, and they just settled real insurance premiums in an industry-first pilot using PYUSD on [@Solana](https://x.com/solana).   
Stablecoin rails handling real institutional capital.

https://preview.redd.it/2iq5vhwxa2og1.png?width=679&format=png&auto=webp&s=4c660c0e9e6effa88d17c0e930f1bcca2fb92877

","Paxos, The World's Largest Insurance Brokers. Settling Premiums With Stablecoins On Solana **Source:** [https://x.com/solana/status/2031059791167238586](https://x.com/solana/status/2031059791167238586)

One of the world's largest insurance brokers. Settling premiums with stablecoins on Solana

**Source:** [https://x.com/Paxos/status/2031026721890443522](https://x.com/Paxos/status/2031026721890443522)

Aon is one of the world's largest insurance brokers, managing risk for corporations across 120+ countries, and they just settled real insurance premiums in an industry-first pilot using PYUSD on [@Solana](https://x.com/solana).   
Stablecoin rails handling real institutional capital.

https://preview.redd.it/2iq5vhwxa2og1.png?width=679&format=png&auto=webp&s=4c660c0e9e6effa88d17c0e930f1bcca2fb92877",4,1,Solana,https://reddit.com/r/solana/comments/1rp89iv/paxos_the_worlds_largest_insurance_brokers/
1rp8u7d,2026-03-09,2026-03-09T18:45:14+00:00,"Manage Auth, Projects, And Configs, All From Your Terminal With @get_para's New CLI Tool","**Source:** [https://x.com/solana\_devs/status/2031069611488121211](https://x.com/solana_devs/status/2031069611488121211)

Manage auth, projects, and configs, all from your terminal with [@get\_para](https://x.com/get_para)'s new CLI tool

**Source:** [https://x.com/get\_para/status/2031060028124467201](https://x.com/get_para/status/2031060028124467201)  
1/ We just shipped u/getpara/cli   
  
18 commands to manage auth, projects, and configs, all from your terminal, with a browser OAuth flow so you never have to paste in API keys again  
  
And, you can debug your Para integration without ever leaving the command line

    npm install -g @getpara/cli

https://preview.redd.it/2pdvw4pke2og1.png?width=680&format=png&auto=webp&s=a0b36356a482b17ce357ce5518b8887761c32e19

2/ Leverage the tool to build your Para integration directly from your CLI and update your setup like chain integrations, security settings, switch environments, and more

https://reddit.com/link/1rp8u7d/video/wgjm03lre2og1/player

3/ Get started with your integration:

[https://developer.getpara.com/](https://developer.getpara.com/)

https://preview.redd.it/otbatprpe2og1.png?width=680&format=png&auto=webp&s=3778c70afd8c7344304d2da1d5bc8379b271a6d7

  
","Manage Auth, Projects, And Configs, All From Your Terminal With @get_para's New CLI Tool **Source:** [https://x.com/solana\_devs/status/2031069611488121211](https://x.com/solana_devs/status/2031069611488121211)

Manage auth, projects, and configs, all from your terminal with [@get\_para](https://x.com/get_para)'s new CLI tool

**Source:** [https://x.com/get\_para/status/2031060028124467201](https://x.com/get_para/status/2031060028124467201)  
1/ We just shipped u/getpara/cli   
  
18 commands to manage auth, projects, and configs, all from your terminal, with a browser OAuth flow so you never have to paste in API keys again  
  
And, you can debug your Para integration without ever leaving the command line

    npm install -g @getpara/cli

https://preview.redd.it/2pdvw4pke2og1.png?width=680&format=png&auto=webp&s=a0b36356a482b17ce357ce5518b8887761c32e19

2/ Leverage the tool to build your Para integration directly from your CLI and update your setup like chain integrations, security settings, switch environments, and more

https://reddit.com/link/1rp8u7d/video/wgjm03lre2og1/player

3/ Get started with your integration:

[https://developer.getpara.com/](https://developer.getpara.com/)

https://preview.redd.it/otbatprpe2og1.png?width=680&format=png&auto=webp&s=3778c70afd8c7344304d2da1d5bc8379b271a6d7",3,1,Solana,https://reddit.com/r/solana/comments/1rp8u7d/manage_auth_projects_and_configs_all_from_your/
1rp95st,2026-03-09,2026-03-09T18:57:06+00:00,Solana Wallet Fees Explained: What You Actually Pay,,Solana Wallet Fees Explained: What You Actually Pay,8,3,Solana,https://reddit.com/r/solana/comments/1rp95st/solana_wallet_fees_explained_what_you_actually_pay/
1rnukf8,2026-03-08,2026-03-08T03:57:04+00:00,"Colosseum Codex: Solana Payments Hub, Onion DAO, Anchor v2","**Source:** [https://blog.colosseum.com/solana-payments-hub-onion-dao-anchor-v2/](https://blog.colosseum.com/solana-payments-hub-onion-dao-anchor-v2/)

Solana Payments Hub, Onion DAO 2026, Anchor v2 Proposal, 60 Days of Solana Course, SolanaCDN

https://preview.redd.it/9t1ewh92vqng1.png?width=960&format=png&auto=webp&s=9af60dc2df3e13181ae8c31ebd3ab0a7596607bc

**Here's what's featured in this week's issue:**

* Solana launches [payments.org](http://payments.org) as a live stablecoin payments hub
* Onion DAO announces 2026 edition
* Anchor v2 proposal open for discussion
* RareSkills completes its 60 Days of Solana tutorial series
* Pipe Network launches SolanaCDN acceleration layer for validators

# 💵 Solana Payments

Solana launched [payments.org](http://payments.org), a dedicated hub showcasing live stablecoin transactions on mainnet. The platform positions Solana as ""production-ready infrastructure for global payments"" and includes live payment simulators, integration guides, and real-world case studies for developers building payment applications.

Developer resources include modular payment tools, transaction simulators, compliance-friendly token extensions, and streamlined onboarding documentation.

[**Payments Live on Solana**](https://payments.org/?ref=blog.colosseum.com)

# 🧅 Onion DAO 2026

Onion DAO is a month-long in-person technology festival returning to Chicago this summer. The event draws builders, artists, and curious locals into a shared coworking space for workshops, competitions, and community-run activations across AI, cybersecurity, decentralized coordination, and hardware/robotics.

Year one drew 800+ applicants and 400+ visitors across four weeks. The format is open by design. Attendees pitch and run their own activations, with no approval process required.

The shared coworking space runs 24/7 throughout the month, with talks, demos, and sessions organized by whoever is in the room. Workshops are practitioner-led covering vibe coding, music production, AI, and creative entrepreneurship.

[**Onion DAO**](https://oniondao.dev/?ref=blog.colosseum.com)

# ⚓ Anchor v2 Discussion

The Solana Foundation opened a public design discussion for Anchor V2, outlining a major redesign of the smart contract framework around five goals: 

1. Reducing developer burden
2. Enforcing secure defaults
3. Clarifying performance escape hatches
4. Leveraging compile-time diagnostic
5. Elevating IDLs to first-class status.

The most significant structural change collapses Account, AccountLoader, LazyAccount, InterfaceAccount, Signer, and Program into a single generic `Account<T>` type. The shift to the Pinocchio runtime enables lifetime elimination throughout removing the need for `'info` lifetimes.

Testing shifts from Node.js to LiteSVM with Rust-native tests, removing the Node dependency from core distribution.

The discussion is open for community feedback.

[**Anchor V2 Proposal**](https://github.com/solana-foundation/anchor/discussions/4249?ref=blog.colosseum.com)

# 👩‍🏫 60 Days of Solana

RareSkills completed its 60 Days of Solana tutorial series, a project two years in the making that grew to over 130,000 words across 50+ lessons in 8 modules. 

The series targets engineers with EVM experience seeking Solana proficiency and draws a direct line from RareSkills' 2022 gas optimization course.

The final additions cover three advanced areas: 

* Solana programs without frameworks using native Rust (program entry points, Borsh serialization, CPI mechanics, and security validation)
* Programs in raw sBPF assembly (memory layout, register conventions, syscalls)
* How compute units work.

Earlier modules cover Rust fundamentals, PDAs, SPL tokens, Token Extensions, transaction structure, and instruction introspection.

[**60 Days of Solana**](https://rareskills.io/tutorials/solana-tutorial?ref=blog.colosseum.com)

# 🌐 SolanaCDN

Pipe Network launched SolanaCDN, a free open-source Agave fork that adds a CDN acceleration layer for Solana validators. 

The client routes shreds and vote packets through Pipe's global mesh of 35,000+ nodes alongside Turbine, giving validators a parallel fast lane without modifying consensus, leader scheduling, or voting rules.

Performance benchmarks show 3.8x faster shred propagation than standard Turbine. Specific optimizations include 5ms shred coalescing, data shreds delivered before coding shreds, and wider fanout for leaders. Resource overhead is capped at under 1 CPU core and \~100MB memory.

The practical validator case is timing-based: earlier shreds mean earlier votes, more credits, and fewer skipped slots during leader windows. Validators in lower-cost regions can run competitively against premium setups.

The community tier is free with no usage limits.

[**The fastest acceleration layer for Solana**](https://www.solanacdn.com/?ref=blog.colosseum.com)

Want early access to the latest products launching from Colosseum? 

We're looking for alpha testers to be among the first to try what we're building!

https://preview.redd.it/g3s8ch7fvqng1.png?width=107&format=png&auto=webp&s=929084405094bdbdf99e11600a7bdbe17fa4b4a0

[https://form.typeform.com/to/WahoPO08?ref=blog.colosseum.com](https://form.typeform.com/to/WahoPO08?ref=blog.colosseum.com)

# ⚡ Quick Hits

[Trident Arena: Multi-Agent AI Security for Solana Programs](https://ackee.xyz/blog/trident-arena-multi-agent-ai-security-for-solana-programs/?ref=blog.colosseum.com) \- Ackee

[Sphere Learning Center is Live](https://spherepay.co/learn?ref=blog.colosseum.com) \- Sphere

[Introducing Privacy Aggregator Layer (PAL)](https://x.com/solflare/status/2028474942761947167?ref=blog.colosseum.com) \- [solflare](https://x.com/solflare)

[Txtx (Surfpool) is joining the Solana Foundation](https://x.com/ludo_txtx/status/2027252546222330072?ref=blog.colosseum.com) \- [ludo\_txtx](https://x.com/ludo_txtx)

[Agent Registry: The trust layer for autonomous AI agents](https://solana.com/agent-registry?ref=blog.colosseum.com) \- Solana

[mtnDAO interviews: How the best teams in Solana got where they are](https://x.com/QuicknodeSolana/status/2029273685001994426?ref=blog.colosseum.com) \- [QuicknodeSolana](https://x.com/QuicknodeSolana)

[The final JS DX for the Solana ecosystem, reloaded](https://x.com/_cxalem/status/2027167134044844543?ref=blog.colosseum.com) \- [\_cxalem](https://x.com/_cxalem)

[The Ultimate Solana VRF Dice Demo](https://x.com/magicblock/status/2027020930564919424?ref=blog.colosseum.com) \- [magicblock](https://x.com/magicblock)

[Why Most DevRel Programs Fail (And the Revenue-First Framework That Fixes It)](https://www.builtfor.dev/blog/devrel-growth-playbook?ref=blog.colosseum.com) \- Tessa Kriesel



# ⚙️ Tools & Resources

[solana-vault-standard](https://github.com/solanabr/solana-vault-standard?ref=blog.colosseum.com) is a Tokenized vault program and SDK for building yield-bearing vaults on Solana with deposit/withdraw operations, share accounting, preview functions, and modular extensions for fees, caps, access control, timelocks, and multi-asset portfolios.

[safe-solana-builder](https://github.com/Frankcastleauditor/safe-solana-builder?ref=blog.colosseum.com) is the first Claude skill for writing production-grade, security-first Solana programs. Built by a Solana security researcher, for Solana developers.

[Tyche](https://github.com/AlphaR2/Tyche?ref=blog.colosseum.com) is a competitive price discovery protocol for Solana whose Competitive Execution Engine (CEE) runs sealed, privacy-preserving competition for any asset class at real-time speed, settled by trustless on-chain code.

[Solana Priority Fee Analyzer](https://transaction-score.vercel.app/?ref=blog.colosseum.com) lets you paste any transaction signature to see an efficiency score (0–100) comparing your priority fee against the live market, compute unit analysis, transaction classifier, and lamport delta vs. today's median fee. Built with QuickNode RPC and Priority Fee API.

[Zk\_compression\_Demo](https://github.com/Princeadxisrael/Zk_compression_Demo?ref=blog.colosseum.com) is a demonstration of ZK compression on Solana to mint and send tokens to 1M addresses for under $50 using Light Protocol's ZK Compression.

# 💀 RIP

[Magic Eden is winding down](https://x.com/0xLeoInRio/status/2027427791533146367?ref=blog.colosseum.com) its EVM marketplace, Bitcoin (Runes & Ordinals) marketplace, Bitcoin API, Magic Eden Wallet, and NFT buyback program to focus exclusively on Solana, Packs, and its crypto casino/sportsbetting product Dicey.

# 👩‍🔧 Get Hired

* MagicBlock is hiring a [Senior Rust Engineer](https://jobs.solana.com/companies/magicblock-2-2ffbf174-2d5f-4549-8b52-bca97f08fbdc/jobs/69204379-senior-rust-engineer?ref=blog.colosseum.com#content)
* Jito Labs is hiring a [Senior Protocol Engineer](https://jobs.solana.com/companies/jito-labs/jobs/69010247-senior-protocol-engineer?ref=blog.colosseum.com#content)
* Solana Foundation is hiring a [Security Lead](https://jobs.solana.com/companies/solana-foundation-2/jobs/68760036-security-lead?ref=blog.colosseum.com#content)
* Rain is hiring a [Software Engineer - Solana](https://jobs.solana.com/companies/rain/jobs/68725556-software-engineer-solana?ref=blog.colosseum.com#content)

# 🎧 Listen to This

# Billions with Pedro Miranda

Pedro interviews Tuom Holmberg, founder of Collector Crypt, a platform for trading collectible cards on the Solana blockchain. 

They discuss Tuom's journey as a collector, the motivations behind building a business in the collectibles space, and the challenges faced in securing VC funding. 

The conversation digs into the dynamics between collectors and speculators, the future of collectibles as an asset class, and the importance of creating a safe ecosystem for trading.

[**Tuom Holmberg - Collector Crypt**](https://solana.com/podcasts/billions-with-pedro-miranda/episodes/2edafa06-b125-4492-891c-8bcbd2b4cfc9?ref=blog.colosseum.com)

[Follow me](https://x.com/mikehale?ref=blog.colosseum.com) on X!

# Thanks for reading ✌️

I hope you found something useful here! If you have any suggestions or feedback just let me know what you think.","Colosseum Codex: Solana Payments Hub, Onion DAO, Anchor v2 **Source:** [https://blog.colosseum.com/solana-payments-hub-onion-dao-anchor-v2/](https://blog.colosseum.com/solana-payments-hub-onion-dao-anchor-v2/)

Solana Payments Hub, Onion DAO 2026, Anchor v2 Proposal, 60 Days of Solana Course, SolanaCDN

https://preview.redd.it/9t1ewh92vqng1.png?width=960&format=png&auto=webp&s=9af60dc2df3e13181ae8c31ebd3ab0a7596607bc

**Here's what's featured in this week's issue:**

* Solana launches [payments.org](http://payments.org) as a live stablecoin payments hub
* Onion DAO announces 2026 edition
* Anchor v2 proposal open for discussion
* RareSkills completes its 60 Days of Solana tutorial series
* Pipe Network launches SolanaCDN acceleration layer for validators

# 💵 Solana Payments

Solana launched [payments.org](http://payments.org), a dedicated hub showcasing live stablecoin transactions on mainnet. The platform positions Solana as ""production-ready infrastructure for global payments"" and includes live payment simulators, integration guides, and real-world case studies for developers building payment applications.

Developer resources include modular payment tools, transaction simulators, compliance-friendly token extensions, and streamlined onboarding documentation.

[**Payments Live on Solana**](https://payments.org/?ref=blog.colosseum.com)

# 🧅 Onion DAO 2026

Onion DAO is a month-long in-person technology festival returning to Chicago this summer. The event draws builders, artists, and curious locals into a shared coworking space for workshops, competitions, and community-run activations across AI, cybersecurity, decentralized coordination, and hardware/robotics.

Year one drew 800+ applicants and 400+ visitors across four weeks. The format is open by design. Attendees pitch and run their own activations, with no approval process required.

The shared coworking space runs 24/7 throughout the month, with talks, demos, and sessions organized by whoever is in the room. Workshops are practitioner-led covering vibe coding, music production, AI, and creative entrepreneurship.

[**Onion DAO**](https://oniondao.dev/?ref=blog.colosseum.com)

# ⚓ Anchor v2 Discussion

The Solana Foundation opened a public design discussion for Anchor V2, outlining a major redesign of the smart contract framework around five goals: 

1. Reducing developer burden
2. Enforcing secure defaults
3. Clarifying performance escape hatches
4. Leveraging compile-time diagnostic
5. Elevating IDLs to first-class status.

The most significant structural change collapses Account, AccountLoader, LazyAccount, InterfaceAccount, Signer, and Program into a single generic `Account<T>` type. The shift to the Pinocchio runtime enables lifetime elimination throughout removing the need for `'info` lifetimes.

Testing shifts from Node.js to LiteSVM with Rust-native tests, removing the Node dependency from core distribution.

The discussion is open for community feedback.

[**Anchor V2 Proposal**](https://github.com/solana-foundation/anchor/discussions/4249?ref=blog.colosseum.com)

# 👩‍🏫 60 Days of Solana

RareSkills completed its 60 Days of Solana tutorial series, a project two years in the making that grew to over 130,000 words across 50+ lessons in 8 modules. 

The series targets engineers with EVM experience seeking Solana proficiency and draws a direct line from RareSkills' 2022 gas optimization course.

The final additions cover three advanced areas: 

* Solana programs without frameworks using native Rust (program entry points, Borsh serialization, CPI mechanics, and security validation)
* Programs in raw sBPF assembly (memory layout, register conventions, syscalls)
* How compute units work.

Earlier modules cover Rust fundamentals, PDAs, SPL tokens, Token Extensions, transaction structure, and instruction introspection.

[**60 Days of Solana**](https://rareskills.io/tutorials/solana-tutorial?ref=blog.colosseum.com)

# 🌐 SolanaCDN

Pipe Network launched SolanaCDN, a free open-source Agave fork that adds a CDN acceleration layer for Solana validators. 

The client routes shreds and vote packets through Pipe's global mesh of 35,000+ nodes alongside Turbine, giving validators a parallel fast lane without modifying consensus, leader scheduling, or voting rules.

Performance benchmarks show 3.8x faster shred propagation than standard Turbine. Specific optimizations include 5ms shred coalescing, data shreds delivered before coding shreds, and wider fanout for leaders. Resource overhead is capped at under 1 CPU core and \~100MB memory.

The practical validator case is timing-based: earlier shreds mean earlier votes, more credits, and fewer skipped slots during leader windows. Validators in lower-cost regions can run competitively against premium setups.

The community tier is free with no usage limits.

[**The fastest acceleration layer for Solana**](https://www.solanacdn.com/?ref=blog.colosseum.com)

Want early access to the latest products launching from Colosseum? 

We're looking for alpha testers to be among the first to try what we're building!

https://preview.redd.it/g3s8ch7fvqng1.png?width=107&format=png&auto=webp&s=929084405094bdbdf99e11600a7bdbe17fa4b4a0

[https://form.typeform.com/to/WahoPO08?ref=blog.colosseum.com](https://form.typeform.com/to/WahoPO08?ref=blog.colosseum.com)

# ⚡ Quick Hits

[Trident Arena: Multi-Agent AI Security for Solana Programs](https://ackee.xyz/blog/trident-arena-multi-agent-ai-security-for-solana-programs/?ref=blog.colosseum.com) \- Ackee

[Sphere Learning Center is Live](https://spherepay.co/learn?ref=blog.colosseum.com) \- Sphere

[Introducing Privacy Aggregator Layer (PAL)](https://x.com/solflare/status/2028474942761947167?ref=blog.colosseum.com) \- [solflare](https://x.com/solflare)

[Txtx (Surfpool) is joining the Solana Foundation](https://x.com/ludo_txtx/status/2027252546222330072?ref=blog.colosseum.com) \- [ludo\_txtx](https://x.com/ludo_txtx)

[Agent Registry: The trust layer for autonomous AI agents](https://solana.com/agent-registry?ref=blog.colosseum.com) \- Solana

[mtnDAO interviews: How the best teams in Solana got where they are](https://x.com/QuicknodeSolana/status/2029273685001994426?ref=blog.colosseum.com) \- [QuicknodeSolana](https://x.com/QuicknodeSolana)

[The final JS DX for the Solana ecosystem, reloaded](https://x.com/_cxalem/status/2027167134044844543?ref=blog.colosseum.com) \- [\_cxalem](https://x.com/_cxalem)

[The Ultimate Solana VRF Dice Demo](https://x.com/magicblock/status/2027020930564919424?ref=blog.colosseum.com) \- [magicblock](https://x.com/magicblock)

[Why Most DevRel Programs Fail (And the Revenue-First Framework That Fixes It)](https://www.builtfor.dev/blog/devrel-growth-playbook?ref=blog.colosseum.com) \- Tessa Kriesel



# ⚙️ Tools & Resources

[solana-vault-standard](https://github.com/solanabr/solana-vault-standard?ref=blog.colosseum.com) is a Tokenized vault program and SDK for building yield-bearing vaults on Solana with deposit/withdraw operations, share accounting, preview functions, and modular extensions for fees, caps, access control, timelocks, and multi-asset portfolios.

[safe-solana-builder](https://github.com/Frankcastleauditor/safe-solana-builder?ref=blog.colosseum.com) is the first Claude skill for writing production-grade, security-first Solana programs. Built by a Solana security researcher, for Solana developers.

[Tyche](https://github.com/AlphaR2/Tyche?ref=blog.colosseum.com) is a competitive price discovery protocol for Solana whose Competitive Execution Engine (CEE) runs sealed, privacy-preserving competition for any asset class at real-time speed, settled by trustless on-chain code.

[Solana Priority Fee Analyzer](https://transaction-score.vercel.app/?ref=blog.colosseum.com) lets you paste any transaction signature to see an efficiency score (0–100) comparing your priority fee against the live market, compute unit analysis, transaction classifier, and lamport delta vs. today's median fee. Built with QuickNode RPC and Priority Fee API.

[Zk\_compression\_Demo](https://github.com/Princeadxisrael/Zk_compression_Demo?ref=blog.colosseum.com) is a demonstration of ZK compression on Solana to mint and send tokens to 1M addresses for under $50 using Light Protocol's ZK Compression.

# 💀 RIP

[Magic Eden is winding down](https://x.com/0xLeoInRio/status/2027427791533146367?ref=blog.colosseum.com) its EVM marketplace, Bitcoin (Runes & Ordinals) marketplace, Bitcoin API, Magic Eden Wallet, and NFT buyback program to focus exclusively on Solana, Packs, and its crypto casino/sportsbetting product Dicey.

# 👩‍🔧 Get Hired

* MagicBlock is hiring a [Senior Rust Engineer](https://jobs.solana.com/companies/magicblock-2-2ffbf174-2d5f-4549-8b52-bca97f08fbdc/jobs/69204379-senior-rust-engineer?ref=blog.colosseum.com#content)
* Jito Labs is hiring a [Senior Protocol Engineer](https://jobs.solana.com/companies/jito-labs/jobs/69010247-senior-protocol-engineer?ref=blog.colosseum.com#content)
* Solana Foundation is hiring a [Security Lead](https://jobs.solana.com/companies/solana-foundation-2/jobs/68760036-security-lead?ref=blog.colosseum.com#content)
* Rain is hiring a [Software Engineer - Solana](https://jobs.solana.com/companies/rain/jobs/68725556-software-engineer-solana?ref=blog.colosseum.com#content)

# 🎧 Listen to This

# Billions with Pedro Miranda

Pedro interviews Tuom Holmberg, founder of Collector Crypt, a platform for trading collectible cards on the Solana blockchain. 

They discuss Tuom's journey as a collector, the motivations behind building a business in the collectibles space, and the challenges faced in securing VC funding. 

The conversation digs into the dynamics between collectors and speculators, the future of collectibles as an asset class, and the importance of creating a safe ecosystem for trading.

[**Tuom Holmberg - Collector Crypt**](https://solana.com/podcasts/billions-with-pedro-miranda/episodes/2edafa06-b125-4492-891c-8bcbd2b4cfc9?ref=blog.colosseum.com)

[Follow me](https://x.com/mikehale?ref=blog.colosseum.com) on X!

# Thanks for reading ✌️

I hope you found something useful here! If you have any suggestions or feedback just let me know what you think.",6,2,Solana,https://reddit.com/r/solana/comments/1rnukf8/colosseum_codex_solana_payments_hub_onion_dao/
1ro7q99,2026-03-08,2026-03-08T15:30:31+00:00,$650B In Stablecoin Volume In February. More Than Any Network. More Than 2x The Previous Record,"**Source:** [https://x.com/solana/status/2030602345596502020](https://x.com/solana/status/2030602345596502020)

$650B in stablecoin volume in February. More than any network. More than 2x the previous record.

https://preview.redd.it/x9xxdx8zaung1.png?width=680&format=png&auto=webp&s=1d3a0e5fac54f9f2d1a16c29e4774bc1ccb8e125

Read the Stack from [@Grayscale](https://x.com/Grayscale)

[https://www.grayscale.com/the-stack/a-record-month-for-solana-stablecoins](https://www.grayscale.com/the-stack/a-record-month-for-solana-stablecoins)

https://preview.redd.it/oz84rs84bung1.png?width=680&format=png&auto=webp&s=37fd07dc2407cf79fbc3789d5c7f29df3dac3574","$650B In Stablecoin Volume In February. More Than Any Network. More Than 2x The Previous Record **Source:** [https://x.com/solana/status/2030602345596502020](https://x.com/solana/status/2030602345596502020)

$650B in stablecoin volume in February. More than any network. More than 2x the previous record.

https://preview.redd.it/x9xxdx8zaung1.png?width=680&format=png&auto=webp&s=1d3a0e5fac54f9f2d1a16c29e4774bc1ccb8e125

Read the Stack from [@Grayscale](https://x.com/Grayscale)

[https://www.grayscale.com/the-stack/a-record-month-for-solana-stablecoins](https://www.grayscale.com/the-stack/a-record-month-for-solana-stablecoins)

https://preview.redd.it/oz84rs84bung1.png?width=680&format=png&auto=webp&s=37fd07dc2407cf79fbc3789d5c7f29df3dac3574",6,4,Solana,https://reddit.com/r/solana/comments/1ro7q99/650b_in_stablecoin_volume_in_february_more_than/
1ro7my9,2026-03-08,2026-03-08T15:26:48+00:00,Solana Ecosystem News - March 8-2026,"**Source:** [https://x.com/solana/status/2030659814242545729](https://x.com/solana/status/2030659814242545729)

Agents got smarter with the identity and payment rails to back it up. Consumer products shipped across trading terminals to privacy tools. Institutions continued expanding onchain with the capital to match.

Big week in the ecosystem:

📰 **Headline News**

\- Solana flipped Ethereum in total RWA holders for the first time per [@RWA\_xyz](https://x.com/RWA_xyz)  
\- [@Backpack](https://x.com/Backpack) announced onchain IPO share allocations powered by [@SuperstateInc](https://x.com/SuperstateInc)  
\- [@solana](https://x.com/solana) unveiled Agent Registry via [@Quantu\_AI](https://x.com/Quantu_AI) for verifiable AI agent identity  
\- [@crossmint](https://x.com/crossmint) partnered with [@WesternUnion](https://x.com/WesternUnion) to launch the USDPT stablecoin

📰 **Launches**

\- [@RaenestApp](https://x.com/RaenestApp) added Solana support for USDT and USDC deposits  
\- [@MetaDAOProject](https://x.com/MetaDAOProject) rolled out [@futarddotio](https://x.com/futarddotio) for community-direct fundraising  
\- [@solflare](https://x.com/solflare) introduced PAL as a native privacy layer for Private Send  
\- [@perena](https://x.com/perena) and Plume’s [@NestCredit](https://x.com/NestCredit) opened a dedicated Solana RWA vault  
\- [@DeFiCarrot](https://x.com/DeFiCarrot) debuted CRT, aggregated yield token with protected leverage looping  
\- [@MeteoraAG](https://x.com/MeteoraAG) released Dynamic Terminal with advanced LP tools  
\- [@sphere\_labs](https://x.com/sphere_labs) shipped Offloader Wallets for programmatic stablecoin-to-fiat conversion  
\- [@BungeeExchange](https://x.com/BungeeExchange) debuted Bungee Incognito on Solana  
\- StableHacks unveiled stablecoin hackathon with $200K+ in prizes  
\- [@TryNoahAI](https://x.com/TryNoahAI) integrated [@dflow](https://x.com/dflow) smart routing into OpenClaw  
\- [@Quicknode](https://x.com/Quicknode) open-sourced its x402 npm package for agentic USDC payments  
\- [@ValeoProtocol](https://x.com/ValeoProtocol) introduced Valeo SPL Pay to enable API monetization  
\- [@BlockRunAI](https://x.com/BlockRunAI) went live with a unified API for 30+ AI models  
\- [@KairosTradeX](https://x.com/KairosTradeX) shipped a trading terminal for prediction markets  
\- [@ranger\_finance](https://x.com/ranger_finance) announced Build-A-Bear Hackathon with $1M vault TVL seed funding  
\- [@agentmail](https://x.com/agentmail) empowered AI agents to create email inboxes via [@x402](https://x.com/x402)  
\- [@8004\_scan](https://x.com/8004_scan) added Solana support for ERC-8004 agent registration  
\- [@dopplerprotocol](https://x.com/dopplerprotocol) architected a native Solana rebuild of its token launch protocol  
\- [@blastgit](https://x.com/blastgit) shipped a platform to tokenize and open-source software projects  
\- [@zauthx402](https://x.com/zauthx402) launched Vector for agentic web app security auditing  
\- [@CyreneAI](https://x.com/CyreneAI) partnered with [@WLTHxyz](https://x.com/WLTHxyz) to bring tokenized pre-IPO access to Solana

📰 **Milestones**

\- [@solana](https://x.com/solana) in Feb recorded $650B stablecoin volume (2X+ previous ATH) across 9.4M holders  
\- [@Bitwise](https://x.com/Bitwise)’s BSOL weekly inflows hit $30M+  
\- [@RaiseNetwork\_](https://x.com/RaiseNetwork_) surpassed $20M in gift card volume and 156K wallets

If you enjoyed this week’s newsletter, please share it with an RT.

This week's cover art by [@fakisha08](https://x.com/fakisha08)

https://preview.redd.it/mzixk9foaung1.png?width=680&format=png&auto=webp&s=7ba383edde3cf619bf34b0436cde8cf6d8b1da10","Solana Ecosystem News - March 8-2026 **Source:** [https://x.com/solana/status/2030659814242545729](https://x.com/solana/status/2030659814242545729)

Agents got smarter with the identity and payment rails to back it up. Consumer products shipped across trading terminals to privacy tools. Institutions continued expanding onchain with the capital to match.

Big week in the ecosystem:

📰 **Headline News**

\- Solana flipped Ethereum in total RWA holders for the first time per [@RWA\_xyz](https://x.com/RWA_xyz)  
\- [@Backpack](https://x.com/Backpack) announced onchain IPO share allocations powered by [@SuperstateInc](https://x.com/SuperstateInc)  
\- [@solana](https://x.com/solana) unveiled Agent Registry via [@Quantu\_AI](https://x.com/Quantu_AI) for verifiable AI agent identity  
\- [@crossmint](https://x.com/crossmint) partnered with [@WesternUnion](https://x.com/WesternUnion) to launch the USDPT stablecoin

📰 **Launches**

\- [@RaenestApp](https://x.com/RaenestApp) added Solana support for USDT and USDC deposits  
\- [@MetaDAOProject](https://x.com/MetaDAOProject) rolled out [@futarddotio](https://x.com/futarddotio) for community-direct fundraising  
\- [@solflare](https://x.com/solflare) introduced PAL as a native privacy layer for Private Send  
\- [@perena](https://x.com/perena) and Plume’s [@NestCredit](https://x.com/NestCredit) opened a dedicated Solana RWA vault  
\- [@DeFiCarrot](https://x.com/DeFiCarrot) debuted CRT, aggregated yield token with protected leverage looping  
\- [@MeteoraAG](https://x.com/MeteoraAG) released Dynamic Terminal with advanced LP tools  
\- [@sphere\_labs](https://x.com/sphere_labs) shipped Offloader Wallets for programmatic stablecoin-to-fiat conversion  
\- [@BungeeExchange](https://x.com/BungeeExchange) debuted Bungee Incognito on Solana  
\- StableHacks unveiled stablecoin hackathon with $200K+ in prizes  
\- [@TryNoahAI](https://x.com/TryNoahAI) integrated [@dflow](https://x.com/dflow) smart routing into OpenClaw  
\- [@Quicknode](https://x.com/Quicknode) open-sourced its x402 npm package for agentic USDC payments  
\- [@ValeoProtocol](https://x.com/ValeoProtocol) introduced Valeo SPL Pay to enable API monetization  
\- [@BlockRunAI](https://x.com/BlockRunAI) went live with a unified API for 30+ AI models  
\- [@KairosTradeX](https://x.com/KairosTradeX) shipped a trading terminal for prediction markets  
\- [@ranger\_finance](https://x.com/ranger_finance) announced Build-A-Bear Hackathon with $1M vault TVL seed funding  
\- [@agentmail](https://x.com/agentmail) empowered AI agents to create email inboxes via [@x402](https://x.com/x402)  
\- [@8004\_scan](https://x.com/8004_scan) added Solana support for ERC-8004 agent registration  
\- [@dopplerprotocol](https://x.com/dopplerprotocol) architected a native Solana rebuild of its token launch protocol  
\- [@blastgit](https://x.com/blastgit) shipped a platform to tokenize and open-source software projects  
\- [@zauthx402](https://x.com/zauthx402) launched Vector for agentic web app security auditing  
\- [@CyreneAI](https://x.com/CyreneAI) partnered with [@WLTHxyz](https://x.com/WLTHxyz) to bring tokenized pre-IPO access to Solana

📰 **Milestones**

\- [@solana](https://x.com/solana) in Feb recorded $650B stablecoin volume (2X+ previous ATH) across 9.4M holders  
\- [@Bitwise](https://x.com/Bitwise)’s BSOL weekly inflows hit $30M+  
\- [@RaiseNetwork\_](https://x.com/RaiseNetwork_) surpassed $20M in gift card volume and 156K wallets

If you enjoyed this week’s newsletter, please share it with an RT.

This week's cover art by [@fakisha08](https://x.com/fakisha08)

https://preview.redd.it/mzixk9foaung1.png?width=680&format=png&auto=webp&s=7ba383edde3cf619bf34b0436cde8cf6d8b1da10",16,2,Solana,https://reddit.com/r/solana/comments/1ro7my9/solana_ecosystem_news_march_82026/
1ro802t,2026-03-08,2026-03-08T15:41:59+00:00,"tried a few cross-chain aggregators lately, heres what worked","been moving stuff between solana and a few other chains recently and figured id share what ive found

tried jupiter for same-chain stuff obviously, but for cross-chain ive been testing:

- **wormhole** - works fine but the wrapped token thing is kinda annoying sometimes
- **symbiosis** - decent routing, used it for sol → arb
- **sodax** - been using this one lately, does the aggregator thing across like 17 chains. found better rates on a few swaps vs the others

honestly theyre all pretty similar for basic swaps. main diff is routing efficiency and which chains they support

anyone else have go-to cross-chain options? curious what the sub uses","tried a few cross-chain aggregators lately, heres what worked been moving stuff between solana and a few other chains recently and figured id share what ive found

tried jupiter for same-chain stuff obviously, but for cross-chain ive been testing:

- **wormhole** - works fine but the wrapped token thing is kinda annoying sometimes
- **symbiosis** - decent routing, used it for sol → arb
- **sodax** - been using this one lately, does the aggregator thing across like 17 chains. found better rates on a few swaps vs the others

honestly theyre all pretty similar for basic swaps. main diff is routing efficiency and which chains they support

anyone else have go-to cross-chain options? curious what the sub uses",12,4,Solana,https://reddit.com/r/solana/comments/1ro802t/tried_a_few_crosschain_aggregators_lately_heres/
1ro7qo8,2026-03-08,2026-03-08T15:30:56+00:00,"Weekly Transfer Volume For Tether's XAUT0 On Solana Surpassed $280 Million, Up 10x Week-over-week","**Source:** [https://x.com/tokenterminal/status/2030655010652962944](https://x.com/tokenterminal/status/2030655010652962944)

Weekly transfer volume for Tether's XAUT0 on [@solana](https://x.com/solana) surpassed $280 million, up 10x week-over-week.  
  
Tokenized gold looking good here.

https://preview.redd.it/ts7i1ni0bung1.png?width=680&format=png&auto=webp&s=899f86d907fab15d307e7c6a4f400d3d7128b46d

https://preview.redd.it/u33xs3a2bung1.png?width=558&format=png&auto=webp&s=2cccc4bd21f12dff5bd422093f916f4f90eeb77d","Weekly Transfer Volume For Tether's XAUT0 On Solana Surpassed $280 Million, Up 10x Week-over-week **Source:** [https://x.com/tokenterminal/status/2030655010652962944](https://x.com/tokenterminal/status/2030655010652962944)

Weekly transfer volume for Tether's XAUT0 on [@solana](https://x.com/solana) surpassed $280 million, up 10x week-over-week.  
  
Tokenized gold looking good here.

https://preview.redd.it/ts7i1ni0bung1.png?width=680&format=png&auto=webp&s=899f86d907fab15d307e7c6a4f400d3d7128b46d

https://preview.redd.it/u33xs3a2bung1.png?width=558&format=png&auto=webp&s=2cccc4bd21f12dff5bd422093f916f4f90eeb77d",10,1,Solana,https://reddit.com/r/solana/comments/1ro7qo8/weekly_transfer_volume_for_tethers_xaut0_on/
1roh9am,2026-03-08,2026-03-08T21:37:04+00:00,Recent data shows growth in Solana RWA holders,"Recent data suggests that the number of wallets holding real world asset (RWA) tokens on Solana has grown to around 154,000 holders.
For comparison, estimates show roughly 153,000 wallets holding RWA tokens on Ethereum. 
The total value of RWA assets on Solana is currently reported to be around $1.79 billion.
Interest in tokenized real world assets has been growing across multiple networks. Factors such as transaction costs, settlement speed, and available infrastructure may influence where different projects choose to build.
It will be interesting to see how this sector develops as more institutions and platforms explore tokenization.
Has anyone here been following specific RWA projects being built on Solana?","Recent data shows growth in Solana RWA holders Recent data suggests that the number of wallets holding real world asset (RWA) tokens on Solana has grown to around 154,000 holders.
For comparison, estimates show roughly 153,000 wallets holding RWA tokens on Ethereum. 
The total value of RWA assets on Solana is currently reported to be around $1.79 billion.
Interest in tokenized real world assets has been growing across multiple networks. Factors such as transaction costs, settlement speed, and available infrastructure may influence where different projects choose to build.
It will be interesting to see how this sector develops as more institutions and platforms explore tokenization.
Has anyone here been following specific RWA projects being built on Solana?",18,6,Solana,https://reddit.com/r/solana/comments/1roh9am/recent_data_shows_growth_in_solana_rwa_holders/
1rncrs5,2026-03-07,2026-03-07T15:29:50+00:00,tradfi lost 3 trillion this week and crypto barely moved lol,"so the stock markets went absolutely crazy this week, south korea literally stopped trading after dropping 10%+ in a day

meanwhile crypto? down like 0.5%

idk if this means anything long term but it's kinda funny watching the ""crypto is too volatile"" crowd deal with their 401ks getting wrecked while btc just chills

anyone else notice this or am i reading too much into it","tradfi lost 3 trillion this week and crypto barely moved lol so the stock markets went absolutely crazy this week, south korea literally stopped trading after dropping 10%+ in a day

meanwhile crypto? down like 0.5%

idk if this means anything long term but it's kinda funny watching the ""crypto is too volatile"" crowd deal with their 401ks getting wrecked while btc just chills

anyone else notice this or am i reading too much into it",12,12,Solana,https://reddit.com/r/solana/comments/1rncrs5/tradfi_lost_3_trillion_this_week_and_crypto/
1rn9vml,2026-03-07,2026-03-07T13:23:34+00:00,The Solana dApp I use most isn't a DEX. It's actually kind of embarrassing.,"Look, I love Jupiter and Raydium as much as the next SOL maxi. But if I'm being completely honest about my actual on chain activity, most of my Solana transactions in the last 3 months have been... on-chain games.

Before you roast me hear me out on why this is actually interesting from a Solana ecosystem perspective.

My Solscan activity shows roughly 400 transactions in the last 90 days. About 60% are from playing Crash and Dice on an on-chain gaming platform. Each game round is an actual Solana transaction that I can look up and verify.

Why this matters for Solana (beyond my personal degeneracy):

These are REAL transactions generating REAL fees. Not wash trading, not airdrop farming, not bots arbitraging 0.001% spreads. Every transaction is a human choosing to play a game.

The UX is genuinely good. Sub-second finality means the game feels like a normal web app. If you didn't check Solscan you wouldn't know it's running on a blockchain. That's the standard every Solana dApp should aim for.

It's a use case that REQUIRES blockchain. You can't get provable fairness in traditional gaming without either trusting a third party or putting the game logic on-chain. There's no way to replicate this with a database.

The transaction volume from on-chain gaming is non-trivial. I'd be curious to see the total daily transactions from gaming dApps vs DeFi on Solana.

Anyway, I know this sub sometimes has mixed feelings about gambling dApps. But from a pure ""is this blockchain being used for something that actually needs blockchain"" perspective, on-chain gaming checks every box. And my wallet's transaction history doesn't lie.

What's your most-used Solana dApp if you're honest about it?","The Solana dApp I use most isn't a DEX. It's actually kind of embarrassing. Look, I love Jupiter and Raydium as much as the next SOL maxi. But if I'm being completely honest about my actual on chain activity, most of my Solana transactions in the last 3 months have been... on-chain games.

Before you roast me hear me out on why this is actually interesting from a Solana ecosystem perspective.

My Solscan activity shows roughly 400 transactions in the last 90 days. About 60% are from playing Crash and Dice on an on-chain gaming platform. Each game round is an actual Solana transaction that I can look up and verify.

Why this matters for Solana (beyond my personal degeneracy):

These are REAL transactions generating REAL fees. Not wash trading, not airdrop farming, not bots arbitraging 0.001% spreads. Every transaction is a human choosing to play a game.

The UX is genuinely good. Sub-second finality means the game feels like a normal web app. If you didn't check Solscan you wouldn't know it's running on a blockchain. That's the standard every Solana dApp should aim for.

It's a use case that REQUIRES blockchain. You can't get provable fairness in traditional gaming without either trusting a third party or putting the game logic on-chain. There's no way to replicate this with a database.

The transaction volume from on-chain gaming is non-trivial. I'd be curious to see the total daily transactions from gaming dApps vs DeFi on Solana.

Anyway, I know this sub sometimes has mixed feelings about gambling dApps. But from a pure ""is this blockchain being used for something that actually needs blockchain"" perspective, on-chain gaming checks every box. And my wallet's transaction history doesn't lie.

What's your most-used Solana dApp if you're honest about it?",8,8,Solana,https://reddit.com/r/solana/comments/1rn9vml/the_solana_dapp_i_use_most_isnt_a_dex_its/
1rn9xfk,2026-03-07,2026-03-07T13:25:59+00:00,This Week in Payments: March 1-6,"**Source:** [https://x.com/solanapayments/status/2030056853128806607](https://x.com/solanapayments/status/2030056853128806607)

https://preview.redd.it/k7vcauipjmng1.png?width=680&format=png&auto=webp&s=05c80dc72cae531548142908f5cb5c4aa0dcacc2

# This Week in Payments: March 1-6

Solana is the fastest growing payments platform, and this week put numbers to it with a new State of Solana: Payments report by Messari. 

Plus, SoFi and RaenestApp both enabled Solana-network deposits, and Crossmint partnered with Western Union for its Digital Asset Network and USDPT stablecoin.

Here's what happened over the week in [@solanapayments](https://x.com/@solanapayments):

Financial Institutions

* [@SoFi](https://x.com/@SoFi) , a nationally chartered bank, enabled native Solana network deposits
* [@RaenestApp](https://x.com/@RaenestApp) , one of Africa's leading fintechs with 1M+ customers, now supports USDT and USDC deposits via Solana
* [@krakenfx](https://x.com/@krakenfx) 's banking arm, Kraken Financial, was granted a Federal Reserve master account, making it the first digital asset bank with direct access to the U.S. payments system (Fedwire).

Stablecoins

* [@Crossmint](https://x.com/@Crossmint)  announced that they’ll be supporting the launch of USDPT by  [@WesternUnion](https://x.com/@WesternUnion) , and will power wallets and payment APIs connected to Western Union's Digital Asset Network
* [@NestCredit](https://x.com/@NestCredit)  launched on Solana via  [@perena](https://x.com/@perena) , bringing institutional-grade RWA yields into USD\* stablecoin
* Florida becomes the first U.S. state to pass a stablecoin framework

Remittances & Cross-Border

* New Remittances content on  [payments.org](http://payments.org/)  detailing why remittances giants like Zepz, WorldRemit, and Sendwave are using Solana
* [@Noah\_HQ](https://x.com/@Noah_HQ)  partnered with Nafolo to offer virtual EUR/USD accounts for African remote workers and students, instantly converting fiat to USDC/USDT on Solana and cutting up to 12% in bank fees and 3-7 day settlement delays

Cards & Commerce

* [@crossmint](https://x.com/@crossmint)  previewed agentic cards for AI agents, purpose-built for secure autonomous transactions using Visa Intelligent Commerce
* [@BlockRunAI](https://x.com/@BlockRunAI)  went live on Solana with 30+ AI models and USDC support
* [@Zebec\_HQ](https://x.com/@Zebec_HQ)  shipped the Zebec SuperApp with payroll for individuals, powered by  [u/circle](https://x.com/@circle)  USDC
* [@Noah\_HQ](https://x.com/@Noah_HQ)  partnered with Nafolo to offer virtual EUR/USD accounts for African remote workers and students, instantly converting fiat to USDC/USDT on Solana and cutting up to 12% in bank fees and 3-7 day settlement delays

Data & Reports

* [@MessariCrypto](https://x.com/@MessariCrypto)  published the State of Solana: Payments report (read it here:  [https://messari.io/report/state-of-solana-payments](https://messari.io/report/state-of-solana-payments) )
* [@AlliumLabs](https://x.com/@AlliumLabs)  published ""Stablecoins: The Emergence of a New Payment Rail,"" covering market overview and payments volume across multiple chains
* [@Grayscale](https://x.com/@Grayscale)  reported Solana stablecoin transaction volume hit a record $650B in February, more than 2x the previous record

Plus catch [@sherazshere](https://x.com/@sherazshere) on [@11amdotclub](https://x.com/@11amdotclub) talking about payments as crypto's core use case:

[https://x.com/11AMdotclub/status/2030002172772110431](https://x.com/11AMdotclub/status/2030002172772110431)

https://preview.redd.it/lemytm30kmng1.png?width=548&format=png&auto=webp&s=fb772a208baad553fb5377bcd4ee7a91fb0d9249

","This Week in Payments: March 1-6 **Source:** [https://x.com/solanapayments/status/2030056853128806607](https://x.com/solanapayments/status/2030056853128806607)

https://preview.redd.it/k7vcauipjmng1.png?width=680&format=png&auto=webp&s=05c80dc72cae531548142908f5cb5c4aa0dcacc2

# This Week in Payments: March 1-6

Solana is the fastest growing payments platform, and this week put numbers to it with a new State of Solana: Payments report by Messari. 

Plus, SoFi and RaenestApp both enabled Solana-network deposits, and Crossmint partnered with Western Union for its Digital Asset Network and USDPT stablecoin.

Here's what happened over the week in [@solanapayments](https://x.com/@solanapayments):

Financial Institutions

* [@SoFi](https://x.com/@SoFi) , a nationally chartered bank, enabled native Solana network deposits
* [@RaenestApp](https://x.com/@RaenestApp) , one of Africa's leading fintechs with 1M+ customers, now supports USDT and USDC deposits via Solana
* [@krakenfx](https://x.com/@krakenfx) 's banking arm, Kraken Financial, was granted a Federal Reserve master account, making it the first digital asset bank with direct access to the U.S. payments system (Fedwire).

Stablecoins

* [@Crossmint](https://x.com/@Crossmint)  announced that they’ll be supporting the launch of USDPT by  [@WesternUnion](https://x.com/@WesternUnion) , and will power wallets and payment APIs connected to Western Union's Digital Asset Network
* [@NestCredit](https://x.com/@NestCredit)  launched on Solana via  [@perena](https://x.com/@perena) , bringing institutional-grade RWA yields into USD\* stablecoin
* Florida becomes the first U.S. state to pass a stablecoin framework

Remittances & Cross-Border

* New Remittances content on  [payments.org](http://payments.org/)  detailing why remittances giants like Zepz, WorldRemit, and Sendwave are using Solana
* [@Noah\_HQ](https://x.com/@Noah_HQ)  partnered with Nafolo to offer virtual EUR/USD accounts for African remote workers and students, instantly converting fiat to USDC/USDT on Solana and cutting up to 12% in bank fees and 3-7 day settlement delays

Cards & Commerce

* [@crossmint](https://x.com/@crossmint)  previewed agentic cards for AI agents, purpose-built for secure autonomous transactions using Visa Intelligent Commerce
* [@BlockRunAI](https://x.com/@BlockRunAI)  went live on Solana with 30+ AI models and USDC support
* [@Zebec\_HQ](https://x.com/@Zebec_HQ)  shipped the Zebec SuperApp with payroll for individuals, powered by  [u/circle](https://x.com/@circle)  USDC
* [@Noah\_HQ](https://x.com/@Noah_HQ)  partnered with Nafolo to offer virtual EUR/USD accounts for African remote workers and students, instantly converting fiat to USDC/USDT on Solana and cutting up to 12% in bank fees and 3-7 day settlement delays

Data & Reports

* [@MessariCrypto](https://x.com/@MessariCrypto)  published the State of Solana: Payments report (read it here:  [https://messari.io/report/state-of-solana-payments](https://messari.io/report/state-of-solana-payments) )
* [@AlliumLabs](https://x.com/@AlliumLabs)  published ""Stablecoins: The Emergence of a New Payment Rail,"" covering market overview and payments volume across multiple chains
* [@Grayscale](https://x.com/@Grayscale)  reported Solana stablecoin transaction volume hit a record $650B in February, more than 2x the previous record

Plus catch [@sherazshere](https://x.com/@sherazshere) on [@11amdotclub](https://x.com/@11amdotclub) talking about payments as crypto's core use case:

[https://x.com/11AMdotclub/status/2030002172772110431](https://x.com/11AMdotclub/status/2030002172772110431)

https://preview.redd.it/lemytm30kmng1.png?width=548&format=png&auto=webp&s=fb772a208baad553fb5377bcd4ee7a91fb0d9249",3,1,Solana,https://reddit.com/r/solana/comments/1rn9xfk/this_week_in_payments_march_16/
1rnb687,2026-03-07,2026-03-07T14:21:39+00:00,Solana validator servers with 0.04ms ping to Jito,"We list dedicated servers with discount codes and live stock availability.

There is also a Solana node section for those interested in running RPC nodes or Solana validators, with hardware optimized for Solana workloads.

Current setups include:

• ~0.04ms ping to Jito servers
• CPU frequency boost enabled
• Latest Gen5 CPUs
• Gen5 NVMe disks

You can check the Solana node section here:
https://www.bmcservers.com/solana-node⁠","Solana validator servers with 0.04ms ping to Jito We list dedicated servers with discount codes and live stock availability.

There is also a Solana node section for those interested in running RPC nodes or Solana validators, with hardware optimized for Solana workloads.

Current setups include:

• ~0.04ms ping to Jito servers
• CPU frequency boost enabled
• Latest Gen5 CPUs
• Gen5 NVMe disks

You can check the Solana node section here:
https://www.bmcservers.com/solana-node⁠",6,1,Solana,https://reddit.com/r/solana/comments/1rnb687/solana_validator_servers_with_004ms_ping_to_jito/
1rnbhhp,2026-03-07,2026-03-07T14:35:29+00:00,"I built a trading tool for the Pump.fun BiP hackathon, but didn’t win, here’s what I shipped (+ free trial for this community!!)","I spent a few weeks building Vypr a Solana trading tool. I wanted to try to get funding so entered into the pump.fun Build in Public hackathon. The other web 3 devs are a crazy level of good and unfortunately i didn't win so no funding, but i don't want to stop now.

The product works really well but i dont think i pitched it that good.

Pump Fun kindly gave me a mac mini for entering which was really cool.

Works with all terminals (Axiom,GMGN,BullX,Terminal,Photon+more)

I may as well try to build a user base now instead so im offering users a free pro plan which would have cost around 0.5 SOL if our hackathon was succesful.

In return for a free pro plan id really appreciate feedback too. How the product feels like and if you would ever use it long term. Just message me.

Happy to answer anything below 👇","I built a trading tool for the Pump.fun BiP hackathon, but didn’t win, here’s what I shipped (+ free trial for this community!!) I spent a few weeks building Vypr a Solana trading tool. I wanted to try to get funding so entered into the pump.fun Build in Public hackathon. The other web 3 devs are a crazy level of good and unfortunately i didn't win so no funding, but i don't want to stop now.

The product works really well but i dont think i pitched it that good.

Pump Fun kindly gave me a mac mini for entering which was really cool.

Works with all terminals (Axiom,GMGN,BullX,Terminal,Photon+more)

I may as well try to build a user base now instead so im offering users a free pro plan which would have cost around 0.5 SOL if our hackathon was succesful.

In return for a free pro plan id really appreciate feedback too. How the product feels like and if you would ever use it long term. Just message me.

Happy to answer anything below 👇",6,2,Solana,https://reddit.com/r/solana/comments/1rnbhhp/i_built_a_trading_tool_for_the_pumpfun_bip/
1rn0cxc,2026-03-07,2026-03-07T04:30:06+00:00,defi planet says solana and sui are winning the agentic finance race — thoughts?,"saw this piece claiming ethereum is ""out of the race"" for AI agent-driven trading. basically saying solana's speed and sui's object model are better fits for agents that need to coordinate without stepping on each other.

idk how much of this is hype vs real but the parallel execution argument makes sense to me

anyone actually building agent stuff here? curious if the infra is there yet","defi planet says solana and sui are winning the agentic finance race — thoughts? saw this piece claiming ethereum is ""out of the race"" for AI agent-driven trading. basically saying solana's speed and sui's object model are better fits for agents that need to coordinate without stepping on each other.

idk how much of this is hype vs real but the parallel execution argument makes sense to me

anyone actually building agent stuff here? curious if the infra is there yet",12,7,Solana,https://reddit.com/r/solana/comments/1rn0cxc/defi_planet_says_solana_and_sui_are_winning_the/
1rne0cv,2026-03-07,2026-03-07T16:18:58+00:00,ELI5: Why can Solflare offer private transactions?,"Don't get me wrong: it's great, but I thought privacy tools like tumblers/mixers were a no-go for U.S. customers. Just want to understand what changed.","ELI5: Why can Solflare offer private transactions? Don't get me wrong: it's great, but I thought privacy tools like tumblers/mixers were a no-go for U.S. customers. Just want to understand what changed.",6,9,Solana,https://reddit.com/r/solana/comments/1rne0cv/eli5_why_can_solflare_offer_private_transactions/
1rne236,2026-03-07,2026-03-07T16:20:54+00:00,"Solana Flipped Ethereum In Total RWA Holders For The First Time, According To RWA_xyz","**Source:** [https://x.com/solana/status/2030285301159985501](https://x.com/solana/status/2030285301159985501)

BREAKING: Solana flipped Ethereum in total RWA holders for the first time, according to [@RWA\_xyz](https://x.com/RWA_xyz) 🤯

https://preview.redd.it/9grgo2r6fnng1.png?width=680&format=png&auto=webp&s=b0bb41451339680d78fd2d7c64acbda05d878188

","Solana Flipped Ethereum In Total RWA Holders For The First Time, According To RWA_xyz **Source:** [https://x.com/solana/status/2030285301159985501](https://x.com/solana/status/2030285301159985501)

BREAKING: Solana flipped Ethereum in total RWA holders for the first time, according to [@RWA\_xyz](https://x.com/RWA_xyz) 🤯

https://preview.redd.it/9grgo2r6fnng1.png?width=680&format=png&auto=webp&s=b0bb41451339680d78fd2d7c64acbda05d878188",7,1,Solana,https://reddit.com/r/solana/comments/1rne236/solana_flipped_ethereum_in_total_rwa_holders_for/
1rnkucn,2026-03-07,2026-03-07T20:44:33+00:00,"Solana staking, rewards VRs deflation","What are people’s thoughts on staking Solana? 

I get 6.24% approx on Trezor, (internally so safe as houses… I think), aiming to build a huge stack during bear market, with compounding you hit 1000 Sol and your pretty much made, lowest of low covers basic expenses, serious highs create a near 6 fig salary, (if you sell your rewards). 

My thoughts are on the deflationary aspect, opinions very welcome on this strategy? ","Solana staking, rewards VRs deflation What are people’s thoughts on staking Solana? 

I get 6.24% approx on Trezor, (internally so safe as houses… I think), aiming to build a huge stack during bear market, with compounding you hit 1000 Sol and your pretty much made, lowest of low covers basic expenses, serious highs create a near 6 fig salary, (if you sell your rewards). 

My thoughts are on the deflationary aspect, opinions very welcome on this strategy?",4,6,Solana,https://reddit.com/r/solana/comments/1rnkucn/solana_staking_rewards_vrs_deflation/
1rnkwzu,2026-03-07,2026-03-07T20:47:32+00:00,"How much Sol for $`100,000","I know the answer some are going to say so please dont say stacks much as you can.

but in your opinions lets say by 2028 how many Sol will you need to have $50,000 

and what price you think SOL will be at by then (avertin a black swan event)","How much Sol for $`100,000 I know the answer some are going to say so please dont say stacks much as you can.

but in your opinions lets say by 2028 how many Sol will you need to have $50,000 

and what price you think SOL will be at by then (avertin a black swan event)",25,50,Solana,https://reddit.com/r/solana/comments/1rnkwzu/how_much_sol_for_100000/
1rne0h5,2026-03-07,2026-03-07T16:19:05+00:00,THIS WEEK IN MEDIA - 2/27-3/6,"**Source:** [https://x.com/solana/status/2030278435445317870](https://x.com/solana/status/2030278435445317870)

https://preview.redd.it/pe7t0sfuenng1.png?width=680&format=png&auto=webp&s=a088199db92e2da2b586143a1ee6b1a915c4ab92

# THIS WEEK IN MEDIA - 2/27-3/6

**Read**

* Nick Ducoff, Head of Institutional Growth, Solana Foundation, wrote an op-ed for CoinDesk’s Crypto for Advisors newsletter: Internet capital markets: from the “unbrokeraged” to the universally invested:  [Crypto for Advisors: Tokenization offers always-on global investment access](https://www.coindesk.com/coindesk-indices/2026/03/04/crypto-for-advisors-tokenization-offers-always-on-global-investment-access)
* Rishin Sharma, Head of AI Growth, Solana Foundation, spoke with The Street about the rise in agentic payments:  [Solana Foundation exec says new payment rails are emerging for AI agents ](https://www.thestreet.com/crypto/markets/solana-foundation-exec-says-new-payment-rails-are-emerging-for-ai-agents)
* Messari published their  [State of Solana: Payments report](https://messari.io/report/state-of-solana-payments?utm_source=twitter&utm_medium=organic_social&utm_campaign=state_of_solana&utm_content=state_of_solana) , showing Solana’s total payment volume (TPV) is up 755.3% YoY.
* Kristin Smith, Solana Policy Institute President, published an op-ed on developer protections:  [A new bipartisan bill wants to ensure the next century of tech is written in America](https://www.coindesk.com/opinion/2026/02/26/a-new-bipartisan-bill-wants-to-ensure-the-next-century-of-tech-is-written-in-america)
* Crossmint announced its work with Western Union to support USDPT:  [Crossmint Partners with Western Union to Support USDPT Stablecoin and Digital Asset Network on Solana](https://blog.crossmint.com/crossmint-western-union-support-usdpt-stablecoin-and-digital-asset-network-on-solana/)
* Doppler announced its expansion to Solana:  [Doppler token creation platform powering most Base launches expands to Solana ](https://www.theblock.co/post/392440/doppler-token-platform-powering-majority-base-launches-expands-solana)
* Grayscale published a piece on February as a breakout month for Solana stablecoins:  [The Stack](https://www.grayscale.com/the-stack/a-record-month-for-solana-stablecoins)

**Watch**

* Sheraz Shere, GM Payment and Commerce, Solana Foundation joined  [11am Seed Club](https://x.com/11AMdotclub/status/2030002172772110431)
* Nick Ducoff, Head of Institutional Growth, Solana Foundation, on Lightspeed:  [Solana’s Institutional Moment ](https://www.youtube.com/watch?v=pm0G4JQuKYc)
* Malcolm Clarke, VP of Digital Assets, Western Union on Thinking Crypto:  [Western Union is Launching a Stablecoin on Solana... Here's Why! ](https://www.youtube.com/watch?v=156x-qU5-VY)
* Real Vision interviews, recorded at Breakpoint, continued to run:
* [Is Solana Entering Its “Boring” Era? | Nicolas Pennie of Helius](https://www.youtube.com/watch?v=XBaLrw2U-rY)
* [Why NFTs Must Become Real Businesses: Moonbird's CEO](https://www.youtube.com/watch?v=abxB0-eCaTQ)

**Listen**

* Solana Policy Institute’s Kristin Smith on Fortune’s  [The Crypto Playbook Podcast ](https://www.youtube.com/watch?v=jWWan2dHy-Q&t=2071s)
* Pedro Miranda spoke with Tuom Holmberg of Collector Crypt on  [Billions](https://solana.com/podcasts/billions-with-pedro-miranda/episodes/2edafa06-b125-4492-891c-8bcbd2b4cfc9)
* Alex Scott spoke with Ayyan Rahman from OnRe on  [Solana is Global](https://solana.com/podcasts/solana-is-global-with-alex-scott/episodes/dc245817-8063-4c7c-bf3d-562143d7734b)
* Amira Valliani spoke with Nick Pinto from Rain on  [Bits to Bricks](https://solana.com/podcasts/bits-to-bricks-with-amira-valliani/episodes/6335eebe-062b-4d6f-9145-24e55f801658)","THIS WEEK IN MEDIA - 2/27-3/6 **Source:** [https://x.com/solana/status/2030278435445317870](https://x.com/solana/status/2030278435445317870)

https://preview.redd.it/pe7t0sfuenng1.png?width=680&format=png&auto=webp&s=a088199db92e2da2b586143a1ee6b1a915c4ab92

# THIS WEEK IN MEDIA - 2/27-3/6

**Read**

* Nick Ducoff, Head of Institutional Growth, Solana Foundation, wrote an op-ed for CoinDesk’s Crypto for Advisors newsletter: Internet capital markets: from the “unbrokeraged” to the universally invested:  [Crypto for Advisors: Tokenization offers always-on global investment access](https://www.coindesk.com/coindesk-indices/2026/03/04/crypto-for-advisors-tokenization-offers-always-on-global-investment-access)
* Rishin Sharma, Head of AI Growth, Solana Foundation, spoke with The Street about the rise in agentic payments:  [Solana Foundation exec says new payment rails are emerging for AI agents ](https://www.thestreet.com/crypto/markets/solana-foundation-exec-says-new-payment-rails-are-emerging-for-ai-agents)
* Messari published their  [State of Solana: Payments report](https://messari.io/report/state-of-solana-payments?utm_source=twitter&utm_medium=organic_social&utm_campaign=state_of_solana&utm_content=state_of_solana) , showing Solana’s total payment volume (TPV) is up 755.3% YoY.
* Kristin Smith, Solana Policy Institute President, published an op-ed on developer protections:  [A new bipartisan bill wants to ensure the next century of tech is written in America](https://www.coindesk.com/opinion/2026/02/26/a-new-bipartisan-bill-wants-to-ensure-the-next-century-of-tech-is-written-in-america)
* Crossmint announced its work with Western Union to support USDPT:  [Crossmint Partners with Western Union to Support USDPT Stablecoin and Digital Asset Network on Solana](https://blog.crossmint.com/crossmint-western-union-support-usdpt-stablecoin-and-digital-asset-network-on-solana/)
* Doppler announced its expansion to Solana:  [Doppler token creation platform powering most Base launches expands to Solana ](https://www.theblock.co/post/392440/doppler-token-platform-powering-majority-base-launches-expands-solana)
* Grayscale published a piece on February as a breakout month for Solana stablecoins:  [The Stack](https://www.grayscale.com/the-stack/a-record-month-for-solana-stablecoins)

**Watch**

* Sheraz Shere, GM Payment and Commerce, Solana Foundation joined  [11am Seed Club](https://x.com/11AMdotclub/status/2030002172772110431)
* Nick Ducoff, Head of Institutional Growth, Solana Foundation, on Lightspeed:  [Solana’s Institutional Moment ](https://www.youtube.com/watch?v=pm0G4JQuKYc)
* Malcolm Clarke, VP of Digital Assets, Western Union on Thinking Crypto:  [Western Union is Launching a Stablecoin on Solana... Here's Why! ](https://www.youtube.com/watch?v=156x-qU5-VY)
* Real Vision interviews, recorded at Breakpoint, continued to run:
* [Is Solana Entering Its “Boring” Era? | Nicolas Pennie of Helius](https://www.youtube.com/watch?v=XBaLrw2U-rY)
* [Why NFTs Must Become Real Businesses: Moonbird's CEO](https://www.youtube.com/watch?v=abxB0-eCaTQ)

**Listen**

* Solana Policy Institute’s Kristin Smith on Fortune’s  [The Crypto Playbook Podcast ](https://www.youtube.com/watch?v=jWWan2dHy-Q&t=2071s)
* Pedro Miranda spoke with Tuom Holmberg of Collector Crypt on  [Billions](https://solana.com/podcasts/billions-with-pedro-miranda/episodes/2edafa06-b125-4492-891c-8bcbd2b4cfc9)
* Alex Scott spoke with Ayyan Rahman from OnRe on  [Solana is Global](https://solana.com/podcasts/solana-is-global-with-alex-scott/episodes/dc245817-8063-4c7c-bf3d-562143d7734b)
* Amira Valliani spoke with Nick Pinto from Rain on  [Bits to Bricks](https://solana.com/podcasts/bits-to-bricks-with-amira-valliani/episodes/6335eebe-062b-4d6f-9145-24e55f801658)",2,3,Solana,https://reddit.com/r/solana/comments/1rne0h5/this_week_in_media_22736/
1rmhjpw,2026-03-06,2026-03-06T15:48:28+00:00,Almost got scammed – now I can’t send SOL or swap tokens anymore,"Hey everyone,

I’m having a serious issue with my Solana wallet and I’m hoping someone here might have seen this before.

Earlier today I connected my wallet to a website to vote for a token. The page prepared a transaction and showed **all tokens in my wallet**. That looked suspicious, so I **did NOT sign it and cancelled the transaction**.

Since that moment my wallet behaves strangely.

Current situation:

* I **can receive SOL**
* I **cannot send SOL to external wallets**
* I **cannot swap any tokens**
* wallet swaps fail
* swaps via Jupiter fail
* most transactions fail with **“Transaction simulation failed – invalid program argument”**

However:

* my funds are **still in the wallet**
* no tokens were transferred out
* I **can send tokens to myself**
* I can move tokens between my **main and legacy address**

I already tried:

* Backpack wallet
* Phantom
* Solflare
* mobile and browser extensions

Same issue everywhere.

Has anyone ever seen something like this?  
Is it possible that cancelling that transaction left my wallet/account in some broken state?

Any help or ideas would be greatly appreciated.

  
Translated it with Chat-GPT :D englisch isn´t my mothertongue","Almost got scammed – now I can’t send SOL or swap tokens anymore Hey everyone,

I’m having a serious issue with my Solana wallet and I’m hoping someone here might have seen this before.

Earlier today I connected my wallet to a website to vote for a token. The page prepared a transaction and showed **all tokens in my wallet**. That looked suspicious, so I **did NOT sign it and cancelled the transaction**.

Since that moment my wallet behaves strangely.

Current situation:

* I **can receive SOL**
* I **cannot send SOL to external wallets**
* I **cannot swap any tokens**
* wallet swaps fail
* swaps via Jupiter fail
* most transactions fail with **“Transaction simulation failed – invalid program argument”**

However:

* my funds are **still in the wallet**
* no tokens were transferred out
* I **can send tokens to myself**
* I can move tokens between my **main and legacy address**

I already tried:

* Backpack wallet
* Phantom
* Solflare
* mobile and browser extensions

Same issue everywhere.

Has anyone ever seen something like this?  
Is it possible that cancelling that transaction left my wallet/account in some broken state?

Any help or ideas would be greatly appreciated.

  
Translated it with Chat-GPT :D englisch isn´t my mothertongue",0,35,Solana,https://reddit.com/r/solana/comments/1rmhjpw/almost_got_scammed_now_i_cant_send_sol_or_swap/
1rlyq6l,2026-03-06,2026-03-06T00:21:30+00:00,"New Helius MCP Server, Claude Code Plugin, and CLI","We recently published a suite of [Solana development tools for agents](https://www.helius.dev/agents) that make it easier to one-shot anything on Solana with Claude, Codex, or any agent framework.

**1. Helius MCP**: contains 60+ tools that cover everything from programmatic signup for agents, to full Helius API access (RPCs, DAS, etc.), sending transactions (Sender), data streaming (LaserStream and WebSockets), webhooks, and more.

Install the Helius MCP via Claude:

    claude mcp add helius npx helius-mcp@latest

For Codex:

    codex mcp add helius -- npx helius-mcp@latest

Or add it in your config file:

    {
      ""mcpServers"": {
        ""helius"": {
          ""command"": ""npx"",
          ""args"": [""helius-mcp@latest""]
        }
      }
    }
    

Also includes skills for building apps with **DFlow** and **Phantom** (more coming soon).

**2. Helius Claude Code Plugin:** single installation that gives you access to the Helius MCP server, DFlow MCP, Phantom SDK, and expert Solana coding patterns inside Claude Code.

Install it via the plugin marketplace:

    /plugin marketplace add helius-labs/core-ai
    /plugin install helius@helius-labs

**3. Helius CLI:** Contains 95+ commands covering the same functionality as the Helius MCP server. Best for shell scripts, CI/CD pipelines, or working in envs where MCP isn’t available.

    # Install the CLI
    npm install -g helius-cli
    helius keygen                    # Generate keypair
    
    # Fund wallet with ~0.001 SOL + 1 USDC
    helius signup --json             # Create account, get API key
    helius projects                  # List projects
    helius apikeys <project-id>      # Get API keys

# Examples:

* Built a Pump token sniping platform in \~10 mins ([source](https://x.com/Helius/status/2029321740653076887?s=20))
* One-shot a Solana tax reporting tool in \~10 mins ([source](https://www.helius.dev/blog/helius-for-agents#what-this-looks-like-in-practice))
* Built a Solana funding flow tracer in \~30 minutes ([source](https://x.com/nathan_liow/status/2029594809577476492?s=20))
* Can be used as a headless Solana block explorer ([source](https://x.com/nathan_liow/status/2029685195876471291?s=20))

# Docs:

* [Helius CLI](https://www.helius.dev/docs/agents/cli)
* [Helius MCP](https://www.helius.dev/docs/agents/mcp)
* [Helius Skills](https://www.helius.dev/docs/agents/skills/overview)
* [Helius Claude Code Plugin](https://www.helius.dev/docs/agents/claude-code-plugin)

Would love to hear everyone's feedback, and see what y'all build with it!","New Helius MCP Server, Claude Code Plugin, and CLI We recently published a suite of [Solana development tools for agents](https://www.helius.dev/agents) that make it easier to one-shot anything on Solana with Claude, Codex, or any agent framework.

**1. Helius MCP**: contains 60+ tools that cover everything from programmatic signup for agents, to full Helius API access (RPCs, DAS, etc.), sending transactions (Sender), data streaming (LaserStream and WebSockets), webhooks, and more.

Install the Helius MCP via Claude:

    claude mcp add helius npx helius-mcp@latest

For Codex:

    codex mcp add helius -- npx helius-mcp@latest

Or add it in your config file:

    {
      ""mcpServers"": {
        ""helius"": {
          ""command"": ""npx"",
          ""args"": [""helius-mcp@latest""]
        }
      }
    }
    

Also includes skills for building apps with **DFlow** and **Phantom** (more coming soon).

**2. Helius Claude Code Plugin:** single installation that gives you access to the Helius MCP server, DFlow MCP, Phantom SDK, and expert Solana coding patterns inside Claude Code.

Install it via the plugin marketplace:

    /plugin marketplace add helius-labs/core-ai
    /plugin install helius@helius-labs

**3. Helius CLI:** Contains 95+ commands covering the same functionality as the Helius MCP server. Best for shell scripts, CI/CD pipelines, or working in envs where MCP isn’t available.

    # Install the CLI
    npm install -g helius-cli
    helius keygen                    # Generate keypair
    
    # Fund wallet with ~0.001 SOL + 1 USDC
    helius signup --json             # Create account, get API key
    helius projects                  # List projects
    helius apikeys <project-id>      # Get API keys

# Examples:

* Built a Pump token sniping platform in \~10 mins ([source](https://x.com/Helius/status/2029321740653076887?s=20))
* One-shot a Solana tax reporting tool in \~10 mins ([source](https://www.helius.dev/blog/helius-for-agents#what-this-looks-like-in-practice))
* Built a Solana funding flow tracer in \~30 minutes ([source](https://x.com/nathan_liow/status/2029594809577476492?s=20))
* Can be used as a headless Solana block explorer ([source](https://x.com/nathan_liow/status/2029685195876471291?s=20))

# Docs:

* [Helius CLI](https://www.helius.dev/docs/agents/cli)
* [Helius MCP](https://www.helius.dev/docs/agents/mcp)
* [Helius Skills](https://www.helius.dev/docs/agents/skills/overview)
* [Helius Claude Code Plugin](https://www.helius.dev/docs/agents/claude-code-plugin)

Would love to hear everyone's feedback, and see what y'all build with it!",13,7,Solana,https://reddit.com/r/solana/comments/1rlyq6l/new_helius_mcp_server_claude_code_plugin_and_cli/
1rm6qm7,2026-03-06,2026-03-06T06:43:19+00:00,Why does Phantom eat up my money,"So I bought 40 dollars of solana and I swapped it in app to bitcoin and ethereum (half half),  and I expected to get  at least 19 dollars or more of  each, since the slippage fee was 0.1%, and when I completed the swap my wallet value/balance dropped to 32 dollars.... Are there hidden fees or whats up? Theres no transactions out of my account so it can't be that my account is hacked","Why does Phantom eat up my money So I bought 40 dollars of solana and I swapped it in app to bitcoin and ethereum (half half),  and I expected to get  at least 19 dollars or more of  each, since the slippage fee was 0.1%, and when I completed the swap my wallet value/balance dropped to 32 dollars.... Are there hidden fees or whats up? Theres no transactions out of my account so it can't be that my account is hacked",2,34,Solana,https://reddit.com/r/solana/comments/1rm6qm7/why_does_phantom_eat_up_my_money/
1rmsj3k,2026-03-06,2026-03-06T22:38:49+00:00,Kinda confused about wallet transfers,I bought 95$ worth on solana from coinbase (100$ after fees) after that i transfered it to phantom. Why does phantom show me wallet as 70$ ???,Kinda confused about wallet transfers I bought 95$ worth on solana from coinbase (100$ after fees) after that i transfered it to phantom. Why does phantom show me wallet as 70$ ???,10,9,Solana,https://reddit.com/r/solana/comments/1rmsj3k/kinda_confused_about_wallet_transfers/
1rmtpxo,2026-03-06,2026-03-06T23:26:51+00:00,Help? I dont understand fully,"Hello guys, I new on solana and I still dont understand this web3 world. Some friend told me about this network and the NFT world and came here too see if I can get some extra cash for the weekends parties. I tried to understand a bit but I still have some questions, like, is NFT are only for art? How can I avoid scams projects? NFT can hold benefits? Why some nfts costs 50 sol and others 0.1 sol? 
I tried my luck on buying low and sell high on this marketplace called magiceden, I did bought and sold many NFT different art collections, after buying a determinated NFT I was gifted on my wallet with other NFT from same collection with a text saying to try the site, I checked the site and for my surprise I had some free stuff to play on. Should I be hold this type of nfts? And how I can find this type of nfts projects? This was like similar to Open packs like on magiceden. ","Help? I dont understand fully Hello guys, I new on solana and I still dont understand this web3 world. Some friend told me about this network and the NFT world and came here too see if I can get some extra cash for the weekends parties. I tried to understand a bit but I still have some questions, like, is NFT are only for art? How can I avoid scams projects? NFT can hold benefits? Why some nfts costs 50 sol and others 0.1 sol? 
I tried my luck on buying low and sell high on this marketplace called magiceden, I did bought and sold many NFT different art collections, after buying a determinated NFT I was gifted on my wallet with other NFT from same collection with a text saying to try the site, I checked the site and for my surprise I had some free stuff to play on. Should I be hold this type of nfts? And how I can find this type of nfts projects? This was like similar to Open packs like on magiceden.",6,21,Solana,https://reddit.com/r/solana/comments/1rmtpxo/help_i_dont_understand_fully/
1rlioww,2026-03-05,2026-03-05T14:14:23+00:00,"LightSpeed Podcast - Tokenized Equities, Kamino RWAs and zachXBT Investigation",,"LightSpeed Podcast - Tokenized Equities, Kamino RWAs and zachXBT Investigation",6,1,Solana,https://reddit.com/r/solana/comments/1rlioww/lightspeed_podcast_tokenized_equities_kamino_rwas/
1rl9mb1,2026-03-05,2026-03-05T05:54:56+00:00,"Billions With Pedro Miranda Podcast - Pedro Welcomes Tuomas Holmberg, Founder Of Collector_Crypt, To Discuss The Future Of Collectibles",,"Billions With Pedro Miranda Podcast - Pedro Welcomes Tuomas Holmberg, Founder Of Collector_Crypt, To Discuss The Future Of Collectibles",4,1,Solana,https://reddit.com/r/solana/comments/1rl9mb1/billions_with_pedro_miranda_podcast_pedro/
1rl9yfa,2026-03-05,2026-03-05T06:12:47+00:00,SOL market structure looks unclear right now,"Solana’s price action lately looks like it’s stuck in a consolidation phase without a clear direction.

The last few sessions haven’t shown much momentum either way. 

Price is just moving around in a tight range, and there still hasn’t been any clean breakout or strong reclaim of resistance.

Looking at the structure, a few things stand out. There hasn’t been a confirmed move above resistance yet, momentum indicators are pretty flat, and the price keeps rotating inside the same narrow zone.

In this kind of market, forcing trades usually doesn’t work well. 

Sometimes it’s better to just wait and see how the structure develops before jumping in.

For now it seems like the two main things to watch are either a clear reclaim of resistance with strong volume, or a deeper pullback into a stronger demand area before any real momentum returns.

Right now the overall bias feels pretty neutral until the market gives a clearer signal.

Curious how others here are reading the current SOL structure.","SOL market structure looks unclear right now Solana’s price action lately looks like it’s stuck in a consolidation phase without a clear direction.

The last few sessions haven’t shown much momentum either way. 

Price is just moving around in a tight range, and there still hasn’t been any clean breakout or strong reclaim of resistance.

Looking at the structure, a few things stand out. There hasn’t been a confirmed move above resistance yet, momentum indicators are pretty flat, and the price keeps rotating inside the same narrow zone.

In this kind of market, forcing trades usually doesn’t work well. 

Sometimes it’s better to just wait and see how the structure develops before jumping in.

For now it seems like the two main things to watch are either a clear reclaim of resistance with strong volume, or a deeper pullback into a stronger demand area before any real momentum returns.

Right now the overall bias feels pretty neutral until the market gives a clearer signal.

Curious how others here are reading the current SOL structure.",15,15,Solana,https://reddit.com/r/solana/comments/1rl9yfa/sol_market_structure_looks_unclear_right_now/
1rlgl5a,2026-03-05,2026-03-05T12:40:10+00:00,📢 Solana Digest (March 2 – March 4),,📢 Solana Digest (March 2 – March 4),4,1,Solana,https://reddit.com/r/solana/comments/1rlgl5a/solana_digest_march_2_march_4/
1rlhxub,2026-03-05,2026-03-05T13:42:27+00:00,Western Union is Launching a Stablecoin on Solana... Here's Why! | Malcolm Clarke,,Western Union is Launching a Stablecoin on Solana... Here's Why! | Malcolm Clarke,5,2,Solana,https://reddit.com/r/solana/comments/1rlhxub/western_union_is_launching_a_stablecoin_on_solana/
1rlimb7,2026-03-05,2026-03-05T14:11:22+00:00,BungeeExchange Now Supports Privacy On Solana,"**Source:** [https://x.com/BungeeExchange/status/2029540877300117523](https://x.com/BungeeExchange/status/2029540877300117523)

The capital market for every asset on earth.  
Now adds Privacy.  
Bungee Incognito is live on [@Solana](https://x.com/solana).

https://reddit.com/link/1rlimb7/video/yw95tzzqh8ng1/player

With Bungee Incognito, you can:  
  
→ Pay to any wallet  
→ Swap to any token  
→ Bridge on Solana  
  
on Solana without any onchain trace

https://preview.redd.it/g5jquv8sh8ng1.png?width=588&format=png&auto=webp&s=9095fd5506aed2453aa712c4beb8c814ae6b4252

Privacy meets 50M monthly active addresses.  
Bungee Incognito unlocks simple privacy on Solana:  
→ 1 click: No deposits into mixers  
→ Works for stablecoins & SOL  
→ Compliant, without KYC

  
Privacy at scale.  
Live on the Bungee app, used by 300k+ active users.  
Soon on Bungee APIs that power 100+ wallets and apps like Coinbase, Metamask, Gemini, Kraken, Rabby & many others

https://preview.redd.it/rzm6lz0vh8ng1.png?width=680&format=png&auto=webp&s=31c6d347b3e07a76f47df4eb1a8245755d3694a9

Use Bungee Incognito with 0 additional fee  
It's privacy that PAYS YOU  
The alpha is on the app.

[https://blog.bungee.exchange/earncognito-privacy-that-pays-fed2c98a446a?gi=ee5339b1a3c7](https://blog.bungee.exchange/earncognito-privacy-that-pays-fed2c98a446a?gi=ee5339b1a3c7)

https://preview.redd.it/ofomno1wh8ng1.png?width=900&format=png&auto=webp&s=66124af820c88b3fdfd18676d3a3f0fadccd2276","BungeeExchange Now Supports Privacy On Solana **Source:** [https://x.com/BungeeExchange/status/2029540877300117523](https://x.com/BungeeExchange/status/2029540877300117523)

The capital market for every asset on earth.  
Now adds Privacy.  
Bungee Incognito is live on [@Solana](https://x.com/solana).

https://reddit.com/link/1rlimb7/video/yw95tzzqh8ng1/player

With Bungee Incognito, you can:  
  
→ Pay to any wallet  
→ Swap to any token  
→ Bridge on Solana  
  
on Solana without any onchain trace

https://preview.redd.it/g5jquv8sh8ng1.png?width=588&format=png&auto=webp&s=9095fd5506aed2453aa712c4beb8c814ae6b4252

Privacy meets 50M monthly active addresses.  
Bungee Incognito unlocks simple privacy on Solana:  
→ 1 click: No deposits into mixers  
→ Works for stablecoins & SOL  
→ Compliant, without KYC

  
Privacy at scale.  
Live on the Bungee app, used by 300k+ active users.  
Soon on Bungee APIs that power 100+ wallets and apps like Coinbase, Metamask, Gemini, Kraken, Rabby & many others

https://preview.redd.it/rzm6lz0vh8ng1.png?width=680&format=png&auto=webp&s=31c6d347b3e07a76f47df4eb1a8245755d3694a9

Use Bungee Incognito with 0 additional fee  
It's privacy that PAYS YOU  
The alpha is on the app.

[https://blog.bungee.exchange/earncognito-privacy-that-pays-fed2c98a446a?gi=ee5339b1a3c7](https://blog.bungee.exchange/earncognito-privacy-that-pays-fed2c98a446a?gi=ee5339b1a3c7)

https://preview.redd.it/ofomno1wh8ng1.png?width=900&format=png&auto=webp&s=66124af820c88b3fdfd18676d3a3f0fadccd2276",5,2,Solana,https://reddit.com/r/solana/comments/1rlimb7/bungeeexchange_now_supports_privacy_on_solana/
1rlioex,2026-03-05,2026-03-05T14:13:48+00:00,LightSpeed Podcast - Solana’s Institutional Moment With Nick Ducoff,,LightSpeed Podcast - Solana’s Institutional Moment With Nick Ducoff,2,1,Solana,https://reddit.com/r/solana/comments/1rlioex/lightspeed_podcast_solanas_institutional_moment/
1rlozcb,2026-03-05,2026-03-05T18:14:22+00:00,How Solana actually handles tokens under the hood (A breakdown of the SPL Token Program),"Hey everyone,

Having spent the last few years building across different chains, I recently put together a deep dive into the architecture of the SPL Token Program. Coming from an EVM background, the way Solana handles state and token balances is fundamentally different and, honestly, brilliant once it clicks.

A lot of people interact with SPL tokens daily without realizing how the underlying account model separates executable code from state data. I wanted to break down how the SPL Token Program acts as a single source of truth, rather than having every new token deploy its own smart contract (like ERC-20s do).

In my latest write-up, I cover:

* **The Solana Account Model:** Why separating state and logic is a game-changer for speed.
* **Mints vs. Token Accounts:** How the hierarchy works to keep track of supply and individual balances.
* **Instruction Routing:** How transactions actually interact with the program.

I’ve summarized the core mechanics, but if you want to read the full architectural breakdown, I published the complete piece here: [https://andreyobruchkov1996.substack.com/p/spl-token-program-architecture-a](https://andreyobruchkov1996.substack.com/p/spl-token-program-architecture-a)

and much more deep dives in the SubStack account.","How Solana actually handles tokens under the hood (A breakdown of the SPL Token Program) Hey everyone,

Having spent the last few years building across different chains, I recently put together a deep dive into the architecture of the SPL Token Program. Coming from an EVM background, the way Solana handles state and token balances is fundamentally different and, honestly, brilliant once it clicks.

A lot of people interact with SPL tokens daily without realizing how the underlying account model separates executable code from state data. I wanted to break down how the SPL Token Program acts as a single source of truth, rather than having every new token deploy its own smart contract (like ERC-20s do).

In my latest write-up, I cover:

* **The Solana Account Model:** Why separating state and logic is a game-changer for speed.
* **Mints vs. Token Accounts:** How the hierarchy works to keep track of supply and individual balances.
* **Instruction Routing:** How transactions actually interact with the program.

I’ve summarized the core mechanics, but if you want to read the full architectural breakdown, I published the complete piece here: [https://andreyobruchkov1996.substack.com/p/spl-token-program-architecture-a](https://andreyobruchkov1996.substack.com/p/spl-token-program-architecture-a)

and much more deep dives in the SubStack account.",6,3,Solana,https://reddit.com/r/solana/comments/1rlozcb/how_solana_actually_handles_tokens_under_the_hood/
1rlishi,2026-03-05,2026-03-05T14:18:25+00:00,"SOL Brothers Podcast - Payments On Solana: How To Skip Card Fees Forever With QR Codes, With Caesar And Akshat From SurfCash (SurfCashx)",,"SOL Brothers Podcast - Payments On Solana: How To Skip Card Fees Forever With QR Codes, With Caesar And Akshat From SurfCash (SurfCashx)",3,1,Solana,https://reddit.com/r/solana/comments/1rlishi/sol_brothers_podcast_payments_on_solana_how_to/
1rllueb,2026-03-05,2026-03-05T16:19:38+00:00,Nest Launches RWA Yield Vaults on Solana – Institutional Real-World Yields Go Native.,"Nest by Plume has expanded to Solana, launching RWA yield vaults powered by institutional-grade assets from WisdomTree, Hamilton Lane, BlackOpal, Securitize, and SuperState.   
  
Solana users can now deposit stablecoins natively to earn stable, real-world APY with liquid, yield-bearing tokens usable across DeFi.

[https://x.com/NestCredit/status/2029581064277238194](https://x.com/NestCredit/status/2029581064277238194)","Nest Launches RWA Yield Vaults on Solana – Institutional Real-World Yields Go Native. Nest by Plume has expanded to Solana, launching RWA yield vaults powered by institutional-grade assets from WisdomTree, Hamilton Lane, BlackOpal, Securitize, and SuperState.   
  
Solana users can now deposit stablecoins natively to earn stable, real-world APY with liquid, yield-bearing tokens usable across DeFi.

[https://x.com/NestCredit/status/2029581064277238194](https://x.com/NestCredit/status/2029581064277238194)",5,1,Solana,https://reddit.com/r/solana/comments/1rllueb/nest_launches_rwa_yield_vaults_on_solana/
1rlx4ly,2026-03-05,2026-03-05T23:16:23+00:00,Recent SOL ETF inflows suggest continued interest during consolidation,"I came across some data showing that around 219,000 SOL moved into investment products over the last 24 hours, which is roughly $19 million in inflows.
What makes this interesting is that flows through ETF style products are usually associated with more structured or institutional capital rather than short-term retail trading. 
And this is happening while the broader market has been moving mostly sideways.
Sometimes when capital enters during consolidation phases, it can suggest gradual positioning rather than momentum driven buying. 
Of course, a single day of inflows doesn’t necessarily indicate a longer trend, but it’s still something worth keeping an eye on.
Quick snapshot of the data:
• ~219K SOL in recent inflows
• Around $19M added within 24 hours
• Market structure still relatively range bound
It will be interesting to see whether this develops into a sustained trend or if it ends up being a short term move.
Curious if anyone else here has been tracking the recent flow data around Solana investment products.","Recent SOL ETF inflows suggest continued interest during consolidation I came across some data showing that around 219,000 SOL moved into investment products over the last 24 hours, which is roughly $19 million in inflows.
What makes this interesting is that flows through ETF style products are usually associated with more structured or institutional capital rather than short-term retail trading. 
And this is happening while the broader market has been moving mostly sideways.
Sometimes when capital enters during consolidation phases, it can suggest gradual positioning rather than momentum driven buying. 
Of course, a single day of inflows doesn’t necessarily indicate a longer trend, but it’s still something worth keeping an eye on.
Quick snapshot of the data:
• ~219K SOL in recent inflows
• Around $19M added within 24 hours
• Market structure still relatively range bound
It will be interesting to see whether this develops into a sustained trend or if it ends up being a short term move.
Curious if anyone else here has been tracking the recent flow data around Solana investment products.",8,1,Solana,https://reddit.com/r/solana/comments/1rlx4ly/recent_sol_etf_inflows_suggest_continued_interest/
1rlpdbb,2026-03-05,2026-03-05T18:27:25+00:00,We are building IBC for Solana,"Hey, I'm Tony, community lead at Nolus. We're building Solray, a protocol that implements IBC's full light client architecture on Solana. If you're not familiar with IBC, it's the interoperability standard connecting 120+ Cosmos chains to each other, and we're extending it to Solana.

This isn't a bridge in the usual sense. No multisigs, no external validator sets, no wrapped tokens. Solana verifies a chain's state and the other chain verifies Solana's state. Both sides independently confirm what's happening on the other chain before anything moves. In some sense, IBC is the natural language different blockchains ""speak to each other"" without intermediaries.

**Why are we building it?** 

Nolus is an appchain allowing asset-backed leverage, but it taps into other chains' liquidity (through their DEXs and liquidity pools - in our case we intend to use Jupiter ultra to use pretty much every DEX on Solana). There are several advantages to having one appchain with several remotely-manageable smart contracts over having a dApp deployed multiple times on different chains. Thus, Nolus has to connect to other liquidity sources not through bridges, but as natively and securely as possible — and IBC is the king of interoperability. End users will likely notice no difference, but Nolus will feel like a smart contract on Solana while also complementing Solana as if it were a native smart contract (it would generate gas fees and all). We also bring a product that is unique in this market. Yes, there are a lot of leverage protocols, but not many really care about asset-backed leverage and protecting the user at all costs — we implemented algorithms that protect users from brutal price spikes, fixed interest fees, etc.

**What this opens up**

* Cosmos chains can use Solana apps remotely, tapping into Solana's liquidity natively, without centralized bridge assumptions
* Solana apps can use Cosmos apps remotely in the same way
* Solana-native USDC becomes IBC-native to Cosmos — Solana will likely become the main economic hub of the Cosmos ecosystem
* USDT, pyUSD, and any stablecoin native to Solana can flow into the entire IBC network
* Solana stops being a destination for Cosmos users and starts being an entry point into the whole IBC network

**Where we're at**

As of our last update, Solray is in its final development phase with remaining work focused on token transfers and application-level logic.

**Let's get in touch**

I believe this is work that would have been in the spotlight a few years back, when major technical upgrades were enough to move markets. If anyone from the Solana Foundation is watching, we'd be happy to connect. IBC Solray will become fully open source once it's tested enough for anyone to use. **We're building something we need ourselves, but we're planning to roll it out as a public good.**

Happy to connect with any other projects and builders on Solana who might find this interesting!","We are building IBC for Solana Hey, I'm Tony, community lead at Nolus. We're building Solray, a protocol that implements IBC's full light client architecture on Solana. If you're not familiar with IBC, it's the interoperability standard connecting 120+ Cosmos chains to each other, and we're extending it to Solana.

This isn't a bridge in the usual sense. No multisigs, no external validator sets, no wrapped tokens. Solana verifies a chain's state and the other chain verifies Solana's state. Both sides independently confirm what's happening on the other chain before anything moves. In some sense, IBC is the natural language different blockchains ""speak to each other"" without intermediaries.

**Why are we building it?** 

Nolus is an appchain allowing asset-backed leverage, but it taps into other chains' liquidity (through their DEXs and liquidity pools - in our case we intend to use Jupiter ultra to use pretty much every DEX on Solana). There are several advantages to having one appchain with several remotely-manageable smart contracts over having a dApp deployed multiple times on different chains. Thus, Nolus has to connect to other liquidity sources not through bridges, but as natively and securely as possible — and IBC is the king of interoperability. End users will likely notice no difference, but Nolus will feel like a smart contract on Solana while also complementing Solana as if it were a native smart contract (it would generate gas fees and all). We also bring a product that is unique in this market. Yes, there are a lot of leverage protocols, but not many really care about asset-backed leverage and protecting the user at all costs — we implemented algorithms that protect users from brutal price spikes, fixed interest fees, etc.

**What this opens up**

* Cosmos chains can use Solana apps remotely, tapping into Solana's liquidity natively, without centralized bridge assumptions
* Solana apps can use Cosmos apps remotely in the same way
* Solana-native USDC becomes IBC-native to Cosmos — Solana will likely become the main economic hub of the Cosmos ecosystem
* USDT, pyUSD, and any stablecoin native to Solana can flow into the entire IBC network
* Solana stops being a destination for Cosmos users and starts being an entry point into the whole IBC network

**Where we're at**

As of our last update, Solray is in its final development phase with remaining work focused on token transfers and application-level logic.

**Let's get in touch**

I believe this is work that would have been in the spotlight a few years back, when major technical upgrades were enough to move markets. If anyone from the Solana Foundation is watching, we'd be happy to connect. IBC Solray will become fully open source once it's tested enough for anyone to use. **We're building something we need ourselves, but we're planning to roll it out as a public good.**

Happy to connect with any other projects and builders on Solana who might find this interesting!",63,24,Solana,https://reddit.com/r/solana/comments/1rlpdbb/we_are_building_ibc_for_solana/
1rlvt38,2026-03-05,2026-03-05T22:25:07+00:00,Doppler Token Creation Platform Powering Most Base Launches Expands To Solana,"**Source:** [https://x.com/dopplerprotocol/status/2029589602202452130](https://x.com/dopplerprotocol/status/2029589602202452130)

https://preview.redd.it/uksnpog1yang1.png?width=680&format=png&auto=webp&s=2a1047a9fa4816f603c0e7270232379bac34ee6e

Doppler is the protocol for launching tokens and markets that matter.  
  
• New asset issuance  
• Real price discovery  
• Custom supply curves  
• Project specific economics  
• Sustainable liquidity from day one

  
Teams like Zora and Bankr use Doppler on Base because they need markets tailored to their assets, not a one-size-fits-all launchpad.  
We're live on multiple EVMs and will continue shipping, but Solana isn’t just another deployment. The SVM has a radically different architecture.

  
Cycle after cycle, builders we respect - teams with real products, real users, real novel ideas - keep showing up on Solana. The community’s iteration speed is genuinely fast, capital is extremely active, yet the Solana protocol landscape hasn't kept pace with consumer innovation.

  
So, we rebuilt Doppler from first principles for the SVM.  
Not a port.  
Not a fork.  
A native protocol designed specifically for Solana.  
Same focus on customizable launches, ease of integration, and sustainable charts - designed and built on new infrastructure.

  
We're excited.  
More details soon.  
Read our full blog post. 

🔗 [https://paragraph.com/@whetstone/doppler-is-coming-to-solana](https://paragraph.com/@whetstone/doppler-is-coming-to-solana)

  
Check out The Block's coverage about our Solana expansion.

[https://www.theblock.co/post/392440/doppler-token-platform-powering-majority-base-launches-expands-solana](https://www.theblock.co/post/392440/doppler-token-platform-powering-majority-base-launches-expands-solana)

https://preview.redd.it/f0fsnfiayang1.png?width=680&format=png&auto=webp&s=27303d755e936574f1631f7ad304b137b6086c5c

","Doppler Token Creation Platform Powering Most Base Launches Expands To Solana **Source:** [https://x.com/dopplerprotocol/status/2029589602202452130](https://x.com/dopplerprotocol/status/2029589602202452130)

https://preview.redd.it/uksnpog1yang1.png?width=680&format=png&auto=webp&s=2a1047a9fa4816f603c0e7270232379bac34ee6e

Doppler is the protocol for launching tokens and markets that matter.  
  
• New asset issuance  
• Real price discovery  
• Custom supply curves  
• Project specific economics  
• Sustainable liquidity from day one

  
Teams like Zora and Bankr use Doppler on Base because they need markets tailored to their assets, not a one-size-fits-all launchpad.  
We're live on multiple EVMs and will continue shipping, but Solana isn’t just another deployment. The SVM has a radically different architecture.

  
Cycle after cycle, builders we respect - teams with real products, real users, real novel ideas - keep showing up on Solana. The community’s iteration speed is genuinely fast, capital is extremely active, yet the Solana protocol landscape hasn't kept pace with consumer innovation.

  
So, we rebuilt Doppler from first principles for the SVM.  
Not a port.  
Not a fork.  
A native protocol designed specifically for Solana.  
Same focus on customizable launches, ease of integration, and sustainable charts - designed and built on new infrastructure.

  
We're excited.  
More details soon.  
Read our full blog post. 

🔗 [https://paragraph.com/@whetstone/doppler-is-coming-to-solana](https://paragraph.com/@whetstone/doppler-is-coming-to-solana)

  
Check out The Block's coverage about our Solana expansion.

[https://www.theblock.co/post/392440/doppler-token-platform-powering-majority-base-launches-expands-solana](https://www.theblock.co/post/392440/doppler-token-platform-powering-majority-base-launches-expands-solana)

https://preview.redd.it/f0fsnfiayang1.png?width=680&format=png&auto=webp&s=27303d755e936574f1631f7ad304b137b6086c5c",4,3,Solana,https://reddit.com/r/solana/comments/1rlvt38/doppler_token_creation_platform_powering_most/
1rlwj61,2026-03-05,2026-03-05T22:53:22+00:00,Valeo Protocol Launches SPL Pay – Accept ANY Solana Token for Your API with x402,"Valeo Protocol announced SPL Pay, an extension to the x402 protocol that enables API developers to accept any Solana SPL token — including meme coins like PUMP and BONK — at USD-set prices.   
Powered by Jupiter's price oracle, payments settle on-chain in under 2 seconds with cryptographic receipts.   
Easy npm integration empowers AI agents and token communities to build seamless, native economies on Solana.

[https://x.com/ValeoProtocol/status/2029669165909348857](https://x.com/ValeoProtocol/status/2029669165909348857)","Valeo Protocol Launches SPL Pay – Accept ANY Solana Token for Your API with x402 Valeo Protocol announced SPL Pay, an extension to the x402 protocol that enables API developers to accept any Solana SPL token — including meme coins like PUMP and BONK — at USD-set prices.   
Powered by Jupiter's price oracle, payments settle on-chain in under 2 seconds with cryptographic receipts.   
Easy npm integration empowers AI agents and token communities to build seamless, native economies on Solana.

[https://x.com/ValeoProtocol/status/2029669165909348857](https://x.com/ValeoProtocol/status/2029669165909348857)",4,3,Solana,https://reddit.com/r/solana/comments/1rlwj61/valeo_protocol_launches_spl_pay_accept_any_solana/
1rliwo6,2026-03-05,2026-03-05T14:23:17+00:00,Solandy - Fundermentals: Account Ownership [Solana Basics Day3] - Feb 7th '26,,Solandy - Fundermentals: Account Ownership [Solana Basics Day3] - Feb 7th '26,2,3,Solana,https://reddit.com/r/solana/comments/1rliwo6/solandy_fundermentals_account_ownership_solana/
1rkg4l9,2026-03-04,2026-03-04T08:30:36+00:00,Wallet drained from uxento?,"As the title says, has it been frequently known or talked about uxento draining wallets. Cuz my friends who used it told me to download it, but my wallet on axiom got fully drained. ","Wallet drained from uxento? As the title says, has it been frequently known or talked about uxento draining wallets. Cuz my friends who used it told me to download it, but my wallet on axiom got fully drained.",5,10,Solana,https://reddit.com/r/solana/comments/1rkg4l9/wallet_drained_from_uxento/
1rkk1fm,2026-03-04,2026-03-04T12:23:20+00:00,"Solandy - Fundermentals: Accounts, Instructions and Transactions [Solana Basics Day2] - Feb 7th '26",,"Solandy - Fundermentals: Accounts, Instructions and Transactions [Solana Basics Day2] - Feb 7th '26",2,1,Solana,https://reddit.com/r/solana/comments/1rkk1fm/solandy_fundermentals_accounts_instructions_and/
1rkjupl,2026-03-04,2026-03-04T12:13:24+00:00,The Index Podcast - Why Solana Is Winning Governance: Dean Pappas on Realms and the Future of DAOs,,The Index Podcast - Why Solana Is Winning Governance: Dean Pappas on Realms and the Future of DAOs,2,1,Solana,https://reddit.com/r/solana/comments/1rkjupl/the_index_podcast_why_solana_is_winning/
1rkiv7f,2026-03-04,2026-03-04T11:19:11+00:00,Equity-Free Funding for UK Founders & Students,,Equity-Free Funding for UK Founders & Students,2,1,Solana,https://reddit.com/r/solana/comments/1rkiv7f/equityfree_funding_for_uk_founders_students/
1rkaq6g,2026-03-04,2026-03-04T03:32:06+00:00,"Ranger_finance Introduces The ""Build-A-Bear Hackathon With Up To $1M In Vault TVL Seed Funding (and More) In Prizes","**Source:** [https://x.com/ranger\_finance/status/2028855942633374140](https://x.com/ranger_finance/status/2028855942633374140)

**1/** Introducing the Build-A-Bear Hackathon 🧸

Up to $1M in vault TVL seed funding (and more) in prizes.

Build a vault. Beat the bear.

Here’s everything you need to know ↓

https://preview.redd.it/8ho6jdse6ymg1.png?width=680&format=png&auto=webp&s=37eb321d71b632b88f1b85ad57439c6cad9a4493

**2/** Build-A-Bear is a vault hackathon for builders who can ship production-ready strategies that can be deployed on Ranger Earn’s whitelisted marketplace.

https://preview.redd.it/rngqptah6ymg1.png?width=680&format=png&auto=webp&s=89133e399c0ef11988280d6e0ccbd2f2dc1454fc

**3/** Main Track prizes (sponsored by [@Presto\_Labs](https://x.com/Presto_Labs)):

🥇 up to $500K in TVL seed funding

🥈 up to $300K

🥉 up to $200K

Winners also get a path to production deployment — and if your vault goes live, managers earn ongoing fees.

…and there’s a sponsored bounty too 👇

https://preview.redd.it/m9l1pyok6ymg1.png?width=680&format=png&auto=webp&s=8660295a34e80b19f9abe6dd3ea7f8118a9a83b4

**4/** [@DriftProtocol](https://x.com/DriftProtocol) Side Track 🏎️💨

Build a strategy that uses Drift (perps/spot/borrow-lend/cross-venue).

Prizes:

🥇 $100K TVL seeding

🥈 $60K TVL seeding

🥉 $40K TVL seeding

Drift builds are eligible for both Main Track + Side Track.

https://preview.redd.it/u0u5erkp6ymg1.png?width=680&format=png&auto=webp&s=641ac9b95a13c2e7ec4b93c10980bad63a2e37e3

**5/** Timeline:  
  
• Hackathon starts: March 9th  
• Build window: March 9th → April 6th  
• Submissions deadline: April 6th  
• Judging: April 7th → April 11th  
• Results: April 14th  
  
We’ll also run office hours + workshops + builder support throughout.

https://preview.redd.it/dylr4kqq6ymg1.png?width=680&format=png&auto=webp&s=fcc812f82af92fe3db89a5cd865a05a96407b323

**6/** Ready to build?

Sign up here: [https://ranger.finance/build-a-bear-hackathon](https://ranger.finance/build-a-bear-hackathon)

Build a vault. Beat the bear. 🧸

https://preview.redd.it/h1cri4gs6ymg1.png?width=680&format=png&auto=webp&s=a74ccdccc4e03bde96ecf5f666f6c5b7607809e6

","Ranger_finance Introduces The ""Build-A-Bear Hackathon With Up To $1M In Vault TVL Seed Funding (and More) In Prizes **Source:** [https://x.com/ranger\_finance/status/2028855942633374140](https://x.com/ranger_finance/status/2028855942633374140)

**1/** Introducing the Build-A-Bear Hackathon 🧸

Up to $1M in vault TVL seed funding (and more) in prizes.

Build a vault. Beat the bear.

Here’s everything you need to know ↓

https://preview.redd.it/8ho6jdse6ymg1.png?width=680&format=png&auto=webp&s=37eb321d71b632b88f1b85ad57439c6cad9a4493

**2/** Build-A-Bear is a vault hackathon for builders who can ship production-ready strategies that can be deployed on Ranger Earn’s whitelisted marketplace.

https://preview.redd.it/rngqptah6ymg1.png?width=680&format=png&auto=webp&s=89133e399c0ef11988280d6e0ccbd2f2dc1454fc

**3/** Main Track prizes (sponsored by [@Presto\_Labs](https://x.com/Presto_Labs)):

🥇 up to $500K in TVL seed funding

🥈 up to $300K

🥉 up to $200K

Winners also get a path to production deployment — and if your vault goes live, managers earn ongoing fees.

…and there’s a sponsored bounty too 👇

https://preview.redd.it/m9l1pyok6ymg1.png?width=680&format=png&auto=webp&s=8660295a34e80b19f9abe6dd3ea7f8118a9a83b4

**4/** [@DriftProtocol](https://x.com/DriftProtocol) Side Track 🏎️💨

Build a strategy that uses Drift (perps/spot/borrow-lend/cross-venue).

Prizes:

🥇 $100K TVL seeding

🥈 $60K TVL seeding

🥉 $40K TVL seeding

Drift builds are eligible for both Main Track + Side Track.

https://preview.redd.it/u0u5erkp6ymg1.png?width=680&format=png&auto=webp&s=641ac9b95a13c2e7ec4b93c10980bad63a2e37e3

**5/** Timeline:  
  
• Hackathon starts: March 9th  
• Build window: March 9th → April 6th  
• Submissions deadline: April 6th  
• Judging: April 7th → April 11th  
• Results: April 14th  
  
We’ll also run office hours + workshops + builder support throughout.

https://preview.redd.it/dylr4kqq6ymg1.png?width=680&format=png&auto=webp&s=fcc812f82af92fe3db89a5cd865a05a96407b323

**6/** Ready to build?

Sign up here: [https://ranger.finance/build-a-bear-hackathon](https://ranger.finance/build-a-bear-hackathon)

Build a vault. Beat the bear. 🧸

https://preview.redd.it/h1cri4gs6ymg1.png?width=680&format=png&auto=webp&s=a74ccdccc4e03bde96ecf5f666f6c5b7607809e6",4,1,Solana,https://reddit.com/r/solana/comments/1rkaq6g/ranger_finance_introduces_the_buildabear/
1rkfrlh,2026-03-04,2026-03-04T08:07:48+00:00,What this actually means for Solana.,"So I keep seeing posts on r/solana about figure #1 so what this image tells us is that Solana is ""the most performant blockchain on the market' . Although that is true when you look at it right? Way more transactions, way more activity, better for the ecosystem?

So I'm a back-end engineer, not a crypto bro I make API's for a living and have a boring company totally unrelated with crypto. I just have a pretty good foundational understanding of financial and technical products. But there are most likely people here with more understanding than me. 

I'm here to disagree because again there is a fundamental problem with Solana. I'm not here in the sub quite often sometimes I just make a post about it into why I believe, Solana, is unsustainable in the long run if this doesn't get fixed. 

At the first glance everything seems right, lot's of transaction, figure two shows an uprise in token holders which is at first glance also pretty good. Line goes up = good. That's what most people think in this space. 



What annoys me for any chain, not just Solana, is that it has a cult like following even though there's nothing from that. Ask yourself the question, if Solana is such a good blockchain why would Polymarket be created on EVM then? Apparantly they figured that better fit their needs. The reason Shayne Coplan the founder of polymarket chose Polygon as the chain is because EVM stablecoins are compatible with each other. There is just simply less chance of unrecoverable funds since everything is EVM. Solana is an outlier in that  area of development so from a developers point of view it's already 1-0 behind. If you send USDC from a Solana addy to a EVM addy poef and it's gone! That's why I believe institutional investors wil always pick EVM over Solana. 

Then so when we left off is the holder line that goes up right? 

>Solana’s burn mechanism permanently removes tokens from circulation to create deflationary pressure, using 50% of all transaction fees to destroy SOL. This process, along with direct token burning via BurnChecked instructions, reduces supply, increases scarcity, and incentivizes long-term holding. Over 11 million SOL have been burned since launch.

This is the key to the health of the ecosystem, well again I would like to clarify what is health? The ecosystem is doing pretty fine right but what does it mean for you as a holder? Like if you have a strategy like MEV, Arb, Sniping, fine Solana is a great chain for you. Fast execution low fee's big user base, lot's of shitcoins. But once you look at figure #3 you see the problem starting to get clear. Solana's consensus mechanism relies on burning 50% of the base fee in order to create deflationary pressure.  Because Solana is by default inflationary, the argument here being that given time, it creates scarcity. But that is where the problems lays, what is that blue line on figure 3? Those are priority fee's. 

Solana had some troubles back in the day with transaction throughput, the ""solution"" back in the day was Jito. Solana opened up 3rd party validators the framework for that is jito. Now, developers, protocols like pumpfun could run their own validators and yeah it fixed it, the validators are better, but they came with all kinds of problems. Bundlers, better MEV execution, a priority queue, and priority fee's. The last two of those being the big problem. 

Because yeah 50% of the BASE fee gets burned, not the priority fee. So the whole consensus mechanism of Solana is kinda backwards because the sole philosophy of Solana is that it would become deflationary right and create scarcity? Otherwise the price will just run in the ground because there's just an endless supply of Solana being minted. 

As you can see it's almost a 75% stake, the jito validators are farming Solana they are the only winners on this chain. They just sell their Solana, they don't care about the system they need to pay the expenses of expensive infrastructure (and boy, does Solana require some infrastructure( I believe the lowest default is for example 258 GB of ECC memory? That costs like 12k these days)). 

https://www.jito.network/stakenet/history/

And there you see it, 97.5% of the validators on Solana are Jito. Resulting in an infinite growth of Solana if this doesn't get fixed, Solana's price will go below €10,- even below €1,- given enough time. And you can see it happening. Solana's highest value was $293.31 and the market cap back then was 48-49 Billion. Exactly the same marketcap as it has now yet the price is$86.53 as of me writing this post now. The circulating supply of sol at ATH was 301,5 million. That has almost doubled, just barely shy of double at the current circulating supply of 569.5M. It ain't hard math to figure this out, what that tells us is that the price of Solana has almost quadrupled down since it's ATH with the same marketcap in USD. Like it isn't like I did some crazy black science on this this is all publicly available data and just understanding of the mechanism. Everyone should know this and everyone should be worried if they hold Solana. 

And then you see the cringe in all these posts on this subreddit, copeium. Sorry to be harsh but if you are unaware of this you shouldn't even be in crypto, you got shilled some shit you don't understand. Because until that joto validator stake is below 10% and Solana gets of their ass and invests in their own infrastructure the problem is foundational. Everyone pays priority fee's, the validators farm Solana, inflating the price even more, and less and less is being burned. 

And yes, this also affect you guys who stake ofcourse. The minting for staking makes this entire thing even worse and with the inflationary pressure you are not even in profit. At this stage, in Solana, the inflationary pressure is almost 50% higher than your staking rewards. It's like holding your bank account om Turkish lira bonds with a 10% rate for over 10 years while lira is falling 70% against the dollar in that same time frame.

Safe to say I'm not buying Solana, even if it goes below a dollar. Like, this is a fundamental problem in infrastructure, it's a real physical limitation making sure the price goes down. And that is not even to mention the other very arguable and solid arguments against digital value. 

That was my take. ","What this actually means for Solana. So I keep seeing posts on r/solana about figure #1 so what this image tells us is that Solana is ""the most performant blockchain on the market' . Although that is true when you look at it right? Way more transactions, way more activity, better for the ecosystem?

So I'm a back-end engineer, not a crypto bro I make API's for a living and have a boring company totally unrelated with crypto. I just have a pretty good foundational understanding of financial and technical products. But there are most likely people here with more understanding than me. 

I'm here to disagree because again there is a fundamental problem with Solana. I'm not here in the sub quite often sometimes I just make a post about it into why I believe, Solana, is unsustainable in the long run if this doesn't get fixed. 

At the first glance everything seems right, lot's of transaction, figure two shows an uprise in token holders which is at first glance also pretty good. Line goes up = good. That's what most people think in this space. 



What annoys me for any chain, not just Solana, is that it has a cult like following even though there's nothing from that. Ask yourself the question, if Solana is such a good blockchain why would Polymarket be created on EVM then? Apparantly they figured that better fit their needs. The reason Shayne Coplan the founder of polymarket chose Polygon as the chain is because EVM stablecoins are compatible with each other. There is just simply less chance of unrecoverable funds since everything is EVM. Solana is an outlier in that  area of development so from a developers point of view it's already 1-0 behind. If you send USDC from a Solana addy to a EVM addy poef and it's gone! That's why I believe institutional investors wil always pick EVM over Solana. 

Then so when we left off is the holder line that goes up right? 

>Solana’s burn mechanism permanently removes tokens from circulation to create deflationary pressure, using 50% of all transaction fees to destroy SOL. This process, along with direct token burning via BurnChecked instructions, reduces supply, increases scarcity, and incentivizes long-term holding. Over 11 million SOL have been burned since launch.

This is the key to the health of the ecosystem, well again I would like to clarify what is health? The ecosystem is doing pretty fine right but what does it mean for you as a holder? Like if you have a strategy like MEV, Arb, Sniping, fine Solana is a great chain for you. Fast execution low fee's big user base, lot's of shitcoins. But once you look at figure #3 you see the problem starting to get clear. Solana's consensus mechanism relies on burning 50% of the base fee in order to create deflationary pressure.  Because Solana is by default inflationary, the argument here being that given time, it creates scarcity. But that is where the problems lays, what is that blue line on figure 3? Those are priority fee's. 

Solana had some troubles back in the day with transaction throughput, the ""solution"" back in the day was Jito. Solana opened up 3rd party validators the framework for that is jito. Now, developers, protocols like pumpfun could run their own validators and yeah it fixed it, the validators are better, but they came with all kinds of problems. Bundlers, better MEV execution, a priority queue, and priority fee's. The last two of those being the big problem. 

Because yeah 50% of the BASE fee gets burned, not the priority fee. So the whole consensus mechanism of Solana is kinda backwards because the sole philosophy of Solana is that it would become deflationary right and create scarcity? Otherwise the price will just run in the ground because there's just an endless supply of Solana being minted. 

As you can see it's almost a 75% stake, the jito validators are farming Solana they are the only winners on this chain. They just sell their Solana, they don't care about the system they need to pay the expenses of expensive infrastructure (and boy, does Solana require some infrastructure( I believe the lowest default is for example 258 GB of ECC memory? That costs like 12k these days)). 

https://www.jito.network/stakenet/history/

And there you see it, 97.5% of the validators on Solana are Jito. Resulting in an infinite growth of Solana if this doesn't get fixed, Solana's price will go below €10,- even below €1,- given enough time. And you can see it happening. Solana's highest value was $293.31 and the market cap back then was 48-49 Billion. Exactly the same marketcap as it has now yet the price is$86.53 as of me writing this post now. The circulating supply of sol at ATH was 301,5 million. That has almost doubled, just barely shy of double at the current circulating supply of 569.5M. It ain't hard math to figure this out, what that tells us is that the price of Solana has almost quadrupled down since it's ATH with the same marketcap in USD. Like it isn't like I did some crazy black science on this this is all publicly available data and just understanding of the mechanism. Everyone should know this and everyone should be worried if they hold Solana. 

And then you see the cringe in all these posts on this subreddit, copeium. Sorry to be harsh but if you are unaware of this you shouldn't even be in crypto, you got shilled some shit you don't understand. Because until that joto validator stake is below 10% and Solana gets of their ass and invests in their own infrastructure the problem is foundational. Everyone pays priority fee's, the validators farm Solana, inflating the price even more, and less and less is being burned. 

And yes, this also affect you guys who stake ofcourse. The minting for staking makes this entire thing even worse and with the inflationary pressure you are not even in profit. At this stage, in Solana, the inflationary pressure is almost 50% higher than your staking rewards. It's like holding your bank account om Turkish lira bonds with a 10% rate for over 10 years while lira is falling 70% against the dollar in that same time frame.

Safe to say I'm not buying Solana, even if it goes below a dollar. Like, this is a fundamental problem in infrastructure, it's a real physical limitation making sure the price goes down. And that is not even to mention the other very arguable and solid arguments against digital value. 

That was my take.",73,58,Solana,https://reddit.com/r/solana/comments/1rkfrlh/what_this_actually_means_for_solana/
1rkav3e,2026-03-04,2026-03-04T03:38:34+00:00,"MetaDAOProject Unveils Futardio, The Place For Founders Who Want To Go Faster","**Source:** [https://x.com/MetaDAOProject/status/2028898927752430046](https://x.com/MetaDAOProject/status/2028898927752430046)

Today, we release [@futarddotio](https://x.com/futarddotio). The place for founders who want to go faster.  
  
Forget pitching VCs - raise directly from a community that wants you to win from day #1.

https://reddit.com/link/1rkav3e/video/yc3ndqxr7ymg1/player

Participants get rug protection, enabling them to participate in markets with high information asymmetry.  
  
Learn more about how it works on [http://docs.metadao.fi](https://t.co/waxxpGAFdZ).

https://preview.redd.it/ngipx71t7ymg1.png?width=680&format=png&auto=webp&s=31d8b3250eacd2777214b96070de110d86b225ff

It's not a free lunch: as a founder, you get to go faster, but you must continuously prove to the market that you deserve capital or risk it being returned.  
We build for the founders who want to enter the arena.

  
By default, we do not endorse any projects on Futardio.  
We help you mitigate risk, but it's your own decision as to what you participate in.  
This does not affect our curated raises.  
Check it out:

[https://www.futard.io/](https://www.futard.io/)

https://preview.redd.it/ff9v65ov7ymg1.png?width=680&format=png&auto=webp&s=c9c99861a69d7305d5959444d722d3d1a5b3cb87

","MetaDAOProject Unveils Futardio, The Place For Founders Who Want To Go Faster **Source:** [https://x.com/MetaDAOProject/status/2028898927752430046](https://x.com/MetaDAOProject/status/2028898927752430046)

Today, we release [@futarddotio](https://x.com/futarddotio). The place for founders who want to go faster.  
  
Forget pitching VCs - raise directly from a community that wants you to win from day #1.

https://reddit.com/link/1rkav3e/video/yc3ndqxr7ymg1/player

Participants get rug protection, enabling them to participate in markets with high information asymmetry.  
  
Learn more about how it works on [http://docs.metadao.fi](https://t.co/waxxpGAFdZ).

https://preview.redd.it/ngipx71t7ymg1.png?width=680&format=png&auto=webp&s=31d8b3250eacd2777214b96070de110d86b225ff

It's not a free lunch: as a founder, you get to go faster, but you must continuously prove to the market that you deserve capital or risk it being returned.  
We build for the founders who want to enter the arena.

  
By default, we do not endorse any projects on Futardio.  
We help you mitigate risk, but it's your own decision as to what you participate in.  
This does not affect our curated raises.  
Check it out:

[https://www.futard.io/](https://www.futard.io/)

https://preview.redd.it/ff9v65ov7ymg1.png?width=680&format=png&auto=webp&s=c9c99861a69d7305d5959444d722d3d1a5b3cb87",6,1,Solana,https://reddit.com/r/solana/comments/1rkav3e/metadaoproject_unveils_futardio_the_place_for/
1rkaksb,2026-03-04,2026-03-04T03:25:05+00:00,Solana Is Now Live On RaenestApp (Formerly Geegpay),"**Source:** [https://x.com/RaenestApp/status/2028841162954453396](https://x.com/RaenestApp/status/2028841162954453396)

Solana is now live on Raenest! 🎉

You can now receive USDT and USDC on Raenest via the Solana network, giving you safer and faster ways to get paid, spend, and withdraw globally.

\#RaenestXSolana #StableCoinsonRaenest

https://preview.redd.it/q3y0dasm5ymg1.png?width=544&format=png&auto=webp&s=fb46dbfd5df33601ceeafbac44cea21854eb4197

USDT and USDC deposits via the Solana network are now live on Raenest. ⚡️

Raenest users can now receive payments in USDT and USDC via Solana and convert to USD at 1:1, giving you a cheaper way to get paid, spend, withdraw, and invest globally.

https://reddit.com/link/1rkaksb/video/ftly0vwv5ymg1/player","Solana Is Now Live On RaenestApp (Formerly Geegpay) **Source:** [https://x.com/RaenestApp/status/2028841162954453396](https://x.com/RaenestApp/status/2028841162954453396)

Solana is now live on Raenest! 🎉

You can now receive USDT and USDC on Raenest via the Solana network, giving you safer and faster ways to get paid, spend, and withdraw globally.

\#RaenestXSolana #StableCoinsonRaenest

https://preview.redd.it/q3y0dasm5ymg1.png?width=544&format=png&auto=webp&s=fb46dbfd5df33601ceeafbac44cea21854eb4197

USDT and USDC deposits via the Solana network are now live on Raenest. ⚡️

Raenest users can now receive payments in USDT and USDC via Solana and convert to USD at 1:1, giving you a cheaper way to get paid, spend, withdraw, and invest globally.

https://reddit.com/link/1rkaksb/video/ftly0vwv5ymg1/player",5,1,Solana,https://reddit.com/r/solana/comments/1rkaksb/solana_is_now_live_on_raenestapp_formerly_geegpay/
1rk8rmu,2026-03-04,2026-03-04T02:02:37+00:00,BlockRunAI Is Now Live On Solana With 30+ Models And USDC Support,"**Source:** [https://x.com/solana\_devs/status/2028932223630451032](https://x.com/solana_devs/status/2028932223630451032)

BlockRun is now live on Solana with 30+ models and USDC support:



**Source:** [https://x.com/BlockRunAI/status/2028859751040426171](https://x.com/BlockRunAI/status/2028859751040426171)

 is live on [@solana](https://x.com/solana) .  
One API. 30+ models. Pay with [@USDC](https://x.com/USDC) on [@solana](https://x.com/solana)  — sub-second settlement, near-zero fees.  
300k transactions on [@base](https://x.com/base). 3.9k stars on GitHub. Now on [@solana](https://x.com/solana).  
GPT-5, Claude, Gemini, DeepSeek, Grok — no API keys. No accounts. No credit cards. Just a wallet.

https://preview.redd.it/pjqtwsttqxmg1.png?width=679&format=png&auto=webp&s=bf2337c727307a2442f98d82da791ed1f7e2ac7e

**What ClawRouter does on 🦞** [**u/OpenClaw**](https://x.com/OpenClaw)

→ Smart routing — auto-picks the cheapest model per request. 78% savings  
→ 7-layer compression — fewer tokens before they hit the API  
→ Runs locally — your prompts never leave your machine  
→ Auto-fallback — model down? Instant switch, zero failed requests  
→ Free tier — start without paying a cent  
  
Base and [@solana](https://x.com/solana). You choose the chain.

  
**Get started in 30 seconds:**

curl -fsSL [https://blockrun.ai/ClawRouter-update](https://blockrun.ai/ClawRouter-update) | bash  
Fund with USDC on Solana. Done.🦞  
[https://github.com/BlockRunAI/ClawRouter](https://github.com/BlockRunAI/ClawRouter) (3.9k ⭐)

https://reddit.com/link/1rk8rmu/video/fs6foiv4rxmg1/player

How to get it?   
/wallet solana and restart the gateway

","BlockRunAI Is Now Live On Solana With 30+ Models And USDC Support **Source:** [https://x.com/solana\_devs/status/2028932223630451032](https://x.com/solana_devs/status/2028932223630451032)

BlockRun is now live on Solana with 30+ models and USDC support:



**Source:** [https://x.com/BlockRunAI/status/2028859751040426171](https://x.com/BlockRunAI/status/2028859751040426171)

 is live on [@solana](https://x.com/solana) .  
One API. 30+ models. Pay with [@USDC](https://x.com/USDC) on [@solana](https://x.com/solana)  — sub-second settlement, near-zero fees.  
300k transactions on [@base](https://x.com/base). 3.9k stars on GitHub. Now on [@solana](https://x.com/solana).  
GPT-5, Claude, Gemini, DeepSeek, Grok — no API keys. No accounts. No credit cards. Just a wallet.

https://preview.redd.it/pjqtwsttqxmg1.png?width=679&format=png&auto=webp&s=bf2337c727307a2442f98d82da791ed1f7e2ac7e

**What ClawRouter does on 🦞** [**u/OpenClaw**](https://x.com/OpenClaw)

→ Smart routing — auto-picks the cheapest model per request. 78% savings  
→ 7-layer compression — fewer tokens before they hit the API  
→ Runs locally — your prompts never leave your machine  
→ Auto-fallback — model down? Instant switch, zero failed requests  
→ Free tier — start without paying a cent  
  
Base and [@solana](https://x.com/solana). You choose the chain.

  
**Get started in 30 seconds:**

curl -fsSL [https://blockrun.ai/ClawRouter-update](https://blockrun.ai/ClawRouter-update) | bash  
Fund with USDC on Solana. Done.🦞  
[https://github.com/BlockRunAI/ClawRouter](https://github.com/BlockRunAI/ClawRouter) (3.9k ⭐)

https://reddit.com/link/1rk8rmu/video/fs6foiv4rxmg1/player

How to get it?   
/wallet solana and restart the gateway",4,1,Solana,https://reddit.com/r/solana/comments/1rk8rmu/blockrunai_is_now_live_on_solana_with_30_models/
1rkkw8u,2026-03-04,2026-03-04T13:04:34+00:00,Solana has more volume than BNB and XRP combined,"When you add DOGE in, those 3 total have only 700 mil more in volume. One thing sticks out from my high school economics teacher. PEOPLE WANT THE BEST PRODUCT FOR THE BEST PRICE!","Solana has more volume than BNB and XRP combined When you add DOGE in, those 3 total have only 700 mil more in volume. One thing sticks out from my high school economics teacher. PEOPLE WANT THE BEST PRODUCT FOR THE BEST PRICE!",33,6,Solana,https://reddit.com/r/solana/comments/1rkkw8u/solana_has_more_volume_than_bnb_and_xrp_combined/
1rkkl67,2026-03-04,2026-03-04T12:50:24+00:00,"Solana In February: 3.4 Billion Transactions, +11% From January","**Source:** [https://x.com/solana/status/2029175467270635785](https://x.com/solana/status/2029175467270635785)

Solana in February: 3.4 billion transactions  
\+11% from January

https://preview.redd.it/nqecti5yy0ng1.png?width=679&format=png&auto=webp&s=69936f24c8675358dff8d0de270757c91be0e9dd

","Solana In February: 3.4 Billion Transactions, +11% From January **Source:** [https://x.com/solana/status/2029175467270635785](https://x.com/solana/status/2029175467270635785)

Solana in February: 3.4 billion transactions  
\+11% from January

https://preview.redd.it/nqecti5yy0ng1.png?width=679&format=png&auto=webp&s=69936f24c8675358dff8d0de270757c91be0e9dd",7,2,Solana,https://reddit.com/r/solana/comments/1rkkl67/solana_in_february_34_billion_transactions_11/
1rkk4zn,2026-03-04,2026-03-04T12:28:17+00:00,"Solana Is Global Podcast - Alex Scott Speaks To Ayyan Rahman, Co-founder And Chief Growth Officer At Onrefinance",,"Solana Is Global Podcast - Alex Scott Speaks To Ayyan Rahman, Co-founder And Chief Growth Officer At Onrefinance",5,1,Solana,https://reddit.com/r/solana/comments/1rkk4zn/solana_is_global_podcast_alex_scott_speaks_to/
1rkkzuf,2026-03-04,2026-03-04T13:09:04+00:00,The 8004scan Now Supports Solana Agents,"**Source:** [https://x.com/8004\_scan/status/2029165164243894753](https://x.com/8004_scan/status/2029165164243894753)

Solana support is officially live on 8004scan. 🛠️   
  
This equips [@Solana](https://x.com/solana) developers with the tools to register ERC-8004 agents on Solana, manage reputation scores, and provide users with a transparent window into agent performance and identity.

https://preview.redd.it/xtk5mwr521ng1.png?width=680&format=png&auto=webp&s=cecbaca9b42f08ab00813d5e2c354aa185117321

You can now find [http://8004scan.io](https://t.co/2N8cwcTjvY) featured on the Solana Agent Registry ([https://solana.com/agent-registry](https://t.co/0hsOK52JpX)).   
  
For users, this means 8004scan is recognised as a trusted discovery and validation layer for agents operating within the Solana ecosystem.

https://preview.redd.it/mku2sl4821ng1.png?width=680&format=png&auto=webp&s=ff5365db0ad30e17a9f74a2c2534df815212d3c8

200+ AI Agents are already registered on Solana, with hundreds more coming daily. Join the growing list and explore all the 8004 agents on Solana at [https://www.8004scan.io/](https://www.8004scan.io/)



https://preview.redd.it/owqavlx821ng1.png?width=680&format=png&auto=webp&s=b72b5a01315e13e99ea424f9c933d3f2a9c0913f

","The 8004scan Now Supports Solana Agents **Source:** [https://x.com/8004\_scan/status/2029165164243894753](https://x.com/8004_scan/status/2029165164243894753)

Solana support is officially live on 8004scan. 🛠️   
  
This equips [@Solana](https://x.com/solana) developers with the tools to register ERC-8004 agents on Solana, manage reputation scores, and provide users with a transparent window into agent performance and identity.

https://preview.redd.it/xtk5mwr521ng1.png?width=680&format=png&auto=webp&s=cecbaca9b42f08ab00813d5e2c354aa185117321

You can now find [http://8004scan.io](https://t.co/2N8cwcTjvY) featured on the Solana Agent Registry ([https://solana.com/agent-registry](https://t.co/0hsOK52JpX)).   
  
For users, this means 8004scan is recognised as a trusted discovery and validation layer for agents operating within the Solana ecosystem.

https://preview.redd.it/mku2sl4821ng1.png?width=680&format=png&auto=webp&s=ff5365db0ad30e17a9f74a2c2534df815212d3c8

200+ AI Agents are already registered on Solana, with hundreds more coming daily. Join the growing list and explore all the 8004 agents on Solana at [https://www.8004scan.io/](https://www.8004scan.io/)



https://preview.redd.it/owqavlx821ng1.png?width=680&format=png&auto=webp&s=b72b5a01315e13e99ea424f9c933d3f2a9c0913f",6,1,Solana,https://reddit.com/r/solana/comments/1rkkzuf/the_8004scan_now_supports_solana_agents/
1rkreap,2026-03-04,2026-03-04T17:20:02+00:00,Solana Mobile Stack (SMS) Is Now OPEN To Android Hardware Manufacturers Worldwide,"**Source:** [https://x.com/silentkidxyz/status/2028866174088511985](https://x.com/silentkidxyz/status/2028866174088511985)

🚨 Massive move from [@solanamobile](https://x.com/solanamobile) at [\#MWC2026](https://x.com/hashtag/MWC2026?src=hashtag_click)!  
  
Solana Mobile Stack (SMS) is now OPEN to Android hardware manufacturers worldwide.  
  
That means phone makers like Samsung, Xiaomi & more CAN integrate native Solana features directly into their devices.  
  
This opens [@solana](https://x.com/solana)'s economy to potentially billions of users globally.  
  
From 200k+ Seekers to global scale. 🌏

Who's integrating first? 👀

https://preview.redd.it/cx1krwuza2ng1.png?width=554&format=png&auto=webp&s=fd502c3bcf3698355549cc61931d4328e8f06f46

","Solana Mobile Stack (SMS) Is Now OPEN To Android Hardware Manufacturers Worldwide **Source:** [https://x.com/silentkidxyz/status/2028866174088511985](https://x.com/silentkidxyz/status/2028866174088511985)

🚨 Massive move from [@solanamobile](https://x.com/solanamobile) at [\#MWC2026](https://x.com/hashtag/MWC2026?src=hashtag_click)!  
  
Solana Mobile Stack (SMS) is now OPEN to Android hardware manufacturers worldwide.  
  
That means phone makers like Samsung, Xiaomi & more CAN integrate native Solana features directly into their devices.  
  
This opens [@solana](https://x.com/solana)'s economy to potentially billions of users globally.  
  
From 200k+ Seekers to global scale. 🌏

Who's integrating first? 👀

https://preview.redd.it/cx1krwuza2ng1.png?width=554&format=png&auto=webp&s=fd502c3bcf3698355549cc61931d4328e8f06f46",11,2,Solana,https://reddit.com/r/solana/comments/1rkreap/solana_mobile_stack_sms_is_now_open_to_android/
1rl0urx,2026-03-04,2026-03-04T23:11:29+00:00,Agents On Solana Can Now Send And Receive Mail Through @agentmail,"**Source:** [https://x.com/solana/status/2029287667993575935](https://x.com/solana/status/2029287667993575935)

Agents on Solana can now send and receive mail through [@agentmail](https://x.com/agentmail)

  
Agents can now create email inboxes with [@solana](https://x.com/solana)  
AgentMail supports [@x402](https://x.com/x402) to give agents access to email without accounts or API keys  
  
Learn more 👇

[https://docs.agentmail.to/integrations/x402](https://docs.agentmail.to/integrations/x402)

https://preview.redd.it/5ewkaafn14ng1.png?width=679&format=png&auto=webp&s=14d3be1e6dc7f7bd3acc825b7c00d674dbcb9a94

","Agents On Solana Can Now Send And Receive Mail Through @agentmail **Source:** [https://x.com/solana/status/2029287667993575935](https://x.com/solana/status/2029287667993575935)

Agents on Solana can now send and receive mail through [@agentmail](https://x.com/agentmail)

  
Agents can now create email inboxes with [@solana](https://x.com/solana)  
AgentMail supports [@x402](https://x.com/x402) to give agents access to email without accounts or API keys  
  
Learn more 👇

[https://docs.agentmail.to/integrations/x402](https://docs.agentmail.to/integrations/x402)

https://preview.redd.it/5ewkaafn14ng1.png?width=679&format=png&auto=webp&s=14d3be1e6dc7f7bd3acc825b7c00d674dbcb9a94",4,2,Solana,https://reddit.com/r/solana/comments/1rl0urx/agents_on_solana_can_now_send_and_receive_mail/
1rkyzu0,2026-03-04,2026-03-04T21:59:58+00:00,Your Onchain Balance Just Became Real World Spending Power,,Your Onchain Balance Just Became Real World Spending Power,6,1,Solana,https://reddit.com/r/solana/comments/1rkyzu0/your_onchain_balance_just_became_real_world/
1rkx5qs,2026-03-04,2026-03-04T20:50:21+00:00,How many launchpads on Solana,"How many launchpads on Solana? I know of many and I came across 2 new ones today, splt and spoonr. Is there a directory listing with feature comparison? ","How many launchpads on Solana How many launchpads on Solana? I know of many and I came across 2 new ones today, splt and spoonr. Is there a directory listing with feature comparison?",6,3,Solana,https://reddit.com/r/solana/comments/1rkx5qs/how_many_launchpads_on_solana/
1rktbid,2026-03-04,2026-03-04T18:28:23+00:00,Backpack is letting users access IPOs on Solana before they hit stock exchanges,"working with Superstate so Solana users get IPO share allocations onchain before open market trading starts

real shares. direct ownership. no waiting for stock exchanges

only possible because backpack is a regulated compliant exchange

waitlist: [backpack.exchange/ipo-access](http://backpack.exchange/ipo-access)

more backpack updates over at r/Backpack_official ","Backpack is letting users access IPOs on Solana before they hit stock exchanges working with Superstate so Solana users get IPO share allocations onchain before open market trading starts

real shares. direct ownership. no waiting for stock exchanges

only possible because backpack is a regulated compliant exchange

waitlist: [backpack.exchange/ipo-access](http://backpack.exchange/ipo-access)

more backpack updates over at r/Backpack_official",13,4,Solana,https://reddit.com/r/solana/comments/1rktbid/backpack_is_letting_users_access_ipos_on_solana/
1rkl658,2026-03-04,2026-03-04T13:16:51+00:00,"Colosseum Codex: Reflect Whitelabel, Solana Staking Index, Metaplex App","**Source:** [https://blog.colosseum.com/reflect-whitelabel-ssi-metaplex-app/](https://blog.colosseum.com/reflect-whitelabel-ssi-metaplex-app/)

Reflect Whitelabel, Solana Staking Index, Metaplex App, Solana Audit Service

https://preview.redd.it/ttcv5ezh31ng1.png?width=960&format=png&auto=webp&s=5fcc7ea11e76ba7be5281cb9841619a2a420b0b4

**Here's what's featured in this week's issue:**

* Reflect launches Whitelabel yield-bearing stablecoin infrastructure
* Leading Solana staking protocols and validators introduce the Solana Staking Index (SSI)
* Metaplex launches the Metaplex App
* Exo Technologies releases AI-powered auditing tool

# 💵 Reflect Whitelabel

Reflect,  the grand champion winner of Colosseum's Radar hackathon, launched Whitelabel, a permissionless framework for issuing custom yield-bearing stablecoins on top of Reflect's infrastructure. 

Three launch partners are already building on the framework: 

* Titan Exchange is routing all Whitelabel yieldcoins through its DEX aggregator
* Umbra Privacy is deploying a privacy-native yieldcoin on its privacy layer
* Motocard is integrating yield into its onchain credit card product.

Protocols define the token's specs, economics, and yield logic while Reflect handles the underlying infrastructure.

Deployment is open to anyone, either self-serve or through a white-glove path where Reflect assists with structure design, yield configuration, backing, and incentive alignment.

[**Reflect Whitelabel**](https://reflect.money/whitelabel?ref=blog.colosseum.com)

# 📊 Solana Staking Index

The Solana Staking Index (SSI) launched as a standardized benchmark for Solana's baseline staking yield. 

The SSI team draws an explicit parallel to SOFR, the rate that replaced LIBOR in traditional finance: a manipulation-resistant, transaction-derived benchmark that serves as a neutral reference point.

SSI is calculated per epoch (\~2–3 days) using staking inflation rewards and validator fees, measured across every active validator on the network.

MEV is excluded because payout policies vary widely across validators and would make cross-validator comparisons unreliable. The result is a gross annualized yield before commissions

The index is open-source, fully verifiable on-chain, and governed by no single party. A public JSON API lets developers pull the full SSI time-series with epoch, APY, issuance rate, and block rewards breakdown. 

The dashboard also includes a Compare feature for overlaying individual validators or LSTs against the benchmark.

[**Solana Staking Index**](https://solstakingindex.com/?ref=blog.colosseum.com)

# 🚀 Metaplex App

Metaplex launched the Metaplex App, a token launch platform built on the Metaplex protocol, which has facilitated $10B+ in transaction value and underpins 99% of Solana tokens and NFTs across 923M assets and 11.5M unique signers.

Launch pools are the first of three planned sale mechanics, with auctions and presales coming soon.

The uncapped method eliminates front-running and sniping by giving all participants the same price, with pro-rata token allocation based on share of deposits during a defined window.

All tokens auto-migrate liquidity to Raydium. Project tokens must send at least 20% of launch pool proceeds as dedicated liquidity, unlocked quarterly over one year. Memecoins send 98%.

[**Introducing the Metaplex App**](https://x.com/metaplex/status/2026750252401963496?ref=blog.colosseum.com)

# 🔎 AI Program Audits

Exo Technologies released an AI-powered smart contract auditing tool for Solana, positioning it as a low-cost alternative to traditional security reviews. 

The beta service runs analyses for $5–50 per submission, compared to the $50,000–$500,000+ typical of formal audits.

Developers submit code via GitHub link or direct upload. The system scans for vulnerabilities, generates severity-rated reports, and provides remediation guidance. Analysis is completed in minutes rather than the 2–8 weeks a manual audit requires.

The tool targets projects that lack the budget for formal audits, addressing a gap where cost often prevents security review entirely during early-stage development.

The platform is explicitly experimental: outputs are non-deterministic and require developer review. Exo recommends against using it as a substitute for formal audits on production systems managing significant funds.

[**Solana Audit Service**](https://ai-audits.exotechnologies.xyz/?ref=blog.colosseum.com)

Want early access to the latest products launching from Colosseum? 

We're looking for alpha testers to be among the first to try what we're building!

[Apply Now](https://form.typeform.com/to/WahoPO08?ref=blog.colosseum.com)

# ⚡ Quick Hits

[How to Trade Kalshi Prediction Markets on Solana Using DFlow](https://www.quicknode.com/guides/solana-development/3rd-party-integrations/kalshi-prediction-markets-with-dflow?ref=blog.colosseum.com) \- Quicknode

[Under Load: Solana Outperforms](https://x.com/0xcarlosg/status/2024858491307921664?ref=blog.colosseum.com) \- [0xcarlosg](https://x.com/0xcarlosg)

[8 Wallet Attack Types You Must Understand in 2026](https://x.com/Sentrii_io/status/2026268939626385488?ref=blog.colosseum.com) \- [Sentrii\_io](https://x.com/Sentrii_io)

[HTTP 402 Died in the 90s. Solana Just Brought It Back](https://fsjohnny.medium.com/http-402-died-in-the-90s-solana-just-brought-it-back-a67384dd08c4?ref=blog.colosseum.com) \- Johnny Tordgeman

[Jupiter launches Solana-native prediction market powered by Polymarket](https://x.com/JupiterExchange/status/2026353398761533743?ref=blog.colosseum.com) \- [JupiterExchange](https://x.com/JupiterExchange)

[Claude skill for onchain asset management](https://x.com/glamsystems/status/2023840856961413160?ref=blog.colosseum.com) \- [glamsystems](https://x.com/glamsystems)



# ⚙️ Tools & Resources

[solana-anchor-claude-skill](https://github.com/quiknode-labs/solana-anchor-claude-skill?ref=blog.colosseum.com) is a Claude Code skill for creating and editing Solana Anchor projects with best practices and conventions.

[Phantom Connect SDK MCP Server](https://docs.phantom.com/resources/mcp-server?ref=blog.colosseum.com) is an MCP server that gives AI coding assistants (Cursor, Claude, VS Code) direct access to Phantom developer documentation.

[solana-indexer-sdk](https://crates.io/crates/solana-indexer-sdk?ref=blog.colosseum.com) is a developer-centric, high-performance SDK for building custom Solana blockchain indexers.

[x402-gateway-template](https://github.com/azep-ninja/x402-gateway-template?ref=blog.colosseum.com) is a gateway that implements the x402 protocol to accept stablecoin payments per-request with no API keys, no subscriptions, and no intermediaries.

# 💸 Funding

TBD, a Solana-based prediction market protocol combining World ID-verified polling with onchain trading, [raised $3M in seed funding](https://x.com/trytbd/status/2026673638292742585?ref=blog.colosseum.com) led by CMT Digital and ParaFi, with participation from Jump Crypto.

# 💀 RIP

[Step Finance, SolanaFloor, and Remora Markets shut down](https://www.theblock.co/post/390964/step-finance-shuts-down?ref=blog.colosseum.com) after a Jan. 31 exploit drained $40 million from Step's treasury and fee wallets, with subsequent acquisition and financing efforts failing to produce a viable path forward. Step is preparing a STEP token buyback based on a pre-exploit snapshot. Remora rToken holders will be able to redeem for USDC, with all rTokens remaining backed one-to-one.

# 👩‍🔧 Get Hired

* Wormhole is hiring a [Site Reliability Engineer](https://jobs.solana.com/companies/wormhole-2/jobs/68680393-site-reliability-engineer-contract-to-hire?ref=blog.colosseum.com#content)
* Joyride Labs is hiring a [Founding Principal Engineer](https://jobs.solana.com/companies/joyride-labs/jobs/68385841-founding-principal-engineer?ref=blog.colosseum.com#content)
* Ondo Finance is hiring a [Senior Brand Designer](https://jobs.solana.com/companies/ondo-finance/jobs/68672859-senior-brand-designer?ref=blog.colosseum.com#content)

# 🎧 Listen to This

# The Latest Development

Summit Series episode featuring Barrett (co-founder of Ranger Finance and mtnDAO) covering mtnDAO's expansion to a 14,500 sq ft SLC builder hub, Ranger's product roadmap (prediction markets, vaults at \~$24M TVL, mobile), and thoughts on AI adoption and building through bear markets.

[**From mtnDAO Hub to Trading Superapp: Inside Ranger’s Roadmap**](https://www.youtube.com/watch?v=P-CjIFFn4o8&ref=blog.colosseum.com)

[Follow me](https://x.com/mikehale?ref=blog.colosseum.com) on X!

# Thanks for reading ✌️

I hope you found something useful here! If you have any suggestions or feedback just let me know what you think.","Colosseum Codex: Reflect Whitelabel, Solana Staking Index, Metaplex App **Source:** [https://blog.colosseum.com/reflect-whitelabel-ssi-metaplex-app/](https://blog.colosseum.com/reflect-whitelabel-ssi-metaplex-app/)

Reflect Whitelabel, Solana Staking Index, Metaplex App, Solana Audit Service

https://preview.redd.it/ttcv5ezh31ng1.png?width=960&format=png&auto=webp&s=5fcc7ea11e76ba7be5281cb9841619a2a420b0b4

**Here's what's featured in this week's issue:**

* Reflect launches Whitelabel yield-bearing stablecoin infrastructure
* Leading Solana staking protocols and validators introduce the Solana Staking Index (SSI)
* Metaplex launches the Metaplex App
* Exo Technologies releases AI-powered auditing tool

# 💵 Reflect Whitelabel

Reflect,  the grand champion winner of Colosseum's Radar hackathon, launched Whitelabel, a permissionless framework for issuing custom yield-bearing stablecoins on top of Reflect's infrastructure. 

Three launch partners are already building on the framework: 

* Titan Exchange is routing all Whitelabel yieldcoins through its DEX aggregator
* Umbra Privacy is deploying a privacy-native yieldcoin on its privacy layer
* Motocard is integrating yield into its onchain credit card product.

Protocols define the token's specs, economics, and yield logic while Reflect handles the underlying infrastructure.

Deployment is open to anyone, either self-serve or through a white-glove path where Reflect assists with structure design, yield configuration, backing, and incentive alignment.

[**Reflect Whitelabel**](https://reflect.money/whitelabel?ref=blog.colosseum.com)

# 📊 Solana Staking Index

The Solana Staking Index (SSI) launched as a standardized benchmark for Solana's baseline staking yield. 

The SSI team draws an explicit parallel to SOFR, the rate that replaced LIBOR in traditional finance: a manipulation-resistant, transaction-derived benchmark that serves as a neutral reference point.

SSI is calculated per epoch (\~2–3 days) using staking inflation rewards and validator fees, measured across every active validator on the network.

MEV is excluded because payout policies vary widely across validators and would make cross-validator comparisons unreliable. The result is a gross annualized yield before commissions

The index is open-source, fully verifiable on-chain, and governed by no single party. A public JSON API lets developers pull the full SSI time-series with epoch, APY, issuance rate, and block rewards breakdown. 

The dashboard also includes a Compare feature for overlaying individual validators or LSTs against the benchmark.

[**Solana Staking Index**](https://solstakingindex.com/?ref=blog.colosseum.com)

# 🚀 Metaplex App

Metaplex launched the Metaplex App, a token launch platform built on the Metaplex protocol, which has facilitated $10B+ in transaction value and underpins 99% of Solana tokens and NFTs across 923M assets and 11.5M unique signers.

Launch pools are the first of three planned sale mechanics, with auctions and presales coming soon.

The uncapped method eliminates front-running and sniping by giving all participants the same price, with pro-rata token allocation based on share of deposits during a defined window.

All tokens auto-migrate liquidity to Raydium. Project tokens must send at least 20% of launch pool proceeds as dedicated liquidity, unlocked quarterly over one year. Memecoins send 98%.

[**Introducing the Metaplex App**](https://x.com/metaplex/status/2026750252401963496?ref=blog.colosseum.com)

# 🔎 AI Program Audits

Exo Technologies released an AI-powered smart contract auditing tool for Solana, positioning it as a low-cost alternative to traditional security reviews. 

The beta service runs analyses for $5–50 per submission, compared to the $50,000–$500,000+ typical of formal audits.

Developers submit code via GitHub link or direct upload. The system scans for vulnerabilities, generates severity-rated reports, and provides remediation guidance. Analysis is completed in minutes rather than the 2–8 weeks a manual audit requires.

The tool targets projects that lack the budget for formal audits, addressing a gap where cost often prevents security review entirely during early-stage development.

The platform is explicitly experimental: outputs are non-deterministic and require developer review. Exo recommends against using it as a substitute for formal audits on production systems managing significant funds.

[**Solana Audit Service**](https://ai-audits.exotechnologies.xyz/?ref=blog.colosseum.com)

Want early access to the latest products launching from Colosseum? 

We're looking for alpha testers to be among the first to try what we're building!

[Apply Now](https://form.typeform.com/to/WahoPO08?ref=blog.colosseum.com)

# ⚡ Quick Hits

[How to Trade Kalshi Prediction Markets on Solana Using DFlow](https://www.quicknode.com/guides/solana-development/3rd-party-integrations/kalshi-prediction-markets-with-dflow?ref=blog.colosseum.com) \- Quicknode

[Under Load: Solana Outperforms](https://x.com/0xcarlosg/status/2024858491307921664?ref=blog.colosseum.com) \- [0xcarlosg](https://x.com/0xcarlosg)

[8 Wallet Attack Types You Must Understand in 2026](https://x.com/Sentrii_io/status/2026268939626385488?ref=blog.colosseum.com) \- [Sentrii\_io](https://x.com/Sentrii_io)

[HTTP 402 Died in the 90s. Solana Just Brought It Back](https://fsjohnny.medium.com/http-402-died-in-the-90s-solana-just-brought-it-back-a67384dd08c4?ref=blog.colosseum.com) \- Johnny Tordgeman

[Jupiter launches Solana-native prediction market powered by Polymarket](https://x.com/JupiterExchange/status/2026353398761533743?ref=blog.colosseum.com) \- [JupiterExchange](https://x.com/JupiterExchange)

[Claude skill for onchain asset management](https://x.com/glamsystems/status/2023840856961413160?ref=blog.colosseum.com) \- [glamsystems](https://x.com/glamsystems)



# ⚙️ Tools & Resources

[solana-anchor-claude-skill](https://github.com/quiknode-labs/solana-anchor-claude-skill?ref=blog.colosseum.com) is a Claude Code skill for creating and editing Solana Anchor projects with best practices and conventions.

[Phantom Connect SDK MCP Server](https://docs.phantom.com/resources/mcp-server?ref=blog.colosseum.com) is an MCP server that gives AI coding assistants (Cursor, Claude, VS Code) direct access to Phantom developer documentation.

[solana-indexer-sdk](https://crates.io/crates/solana-indexer-sdk?ref=blog.colosseum.com) is a developer-centric, high-performance SDK for building custom Solana blockchain indexers.

[x402-gateway-template](https://github.com/azep-ninja/x402-gateway-template?ref=blog.colosseum.com) is a gateway that implements the x402 protocol to accept stablecoin payments per-request with no API keys, no subscriptions, and no intermediaries.

# 💸 Funding

TBD, a Solana-based prediction market protocol combining World ID-verified polling with onchain trading, [raised $3M in seed funding](https://x.com/trytbd/status/2026673638292742585?ref=blog.colosseum.com) led by CMT Digital and ParaFi, with participation from Jump Crypto.

# 💀 RIP

[Step Finance, SolanaFloor, and Remora Markets shut down](https://www.theblock.co/post/390964/step-finance-shuts-down?ref=blog.colosseum.com) after a Jan. 31 exploit drained $40 million from Step's treasury and fee wallets, with subsequent acquisition and financing efforts failing to produce a viable path forward. Step is preparing a STEP token buyback based on a pre-exploit snapshot. Remora rToken holders will be able to redeem for USDC, with all rTokens remaining backed one-to-one.

# 👩‍🔧 Get Hired

* Wormhole is hiring a [Site Reliability Engineer](https://jobs.solana.com/companies/wormhole-2/jobs/68680393-site-reliability-engineer-contract-to-hire?ref=blog.colosseum.com#content)
* Joyride Labs is hiring a [Founding Principal Engineer](https://jobs.solana.com/companies/joyride-labs/jobs/68385841-founding-principal-engineer?ref=blog.colosseum.com#content)
* Ondo Finance is hiring a [Senior Brand Designer](https://jobs.solana.com/companies/ondo-finance/jobs/68672859-senior-brand-designer?ref=blog.colosseum.com#content)

# 🎧 Listen to This

# The Latest Development

Summit Series episode featuring Barrett (co-founder of Ranger Finance and mtnDAO) covering mtnDAO's expansion to a 14,500 sq ft SLC builder hub, Ranger's product roadmap (prediction markets, vaults at \~$24M TVL, mobile), and thoughts on AI adoption and building through bear markets.

[**From mtnDAO Hub to Trading Superapp: Inside Ranger’s Roadmap**](https://www.youtube.com/watch?v=P-CjIFFn4o8&ref=blog.colosseum.com)

[Follow me](https://x.com/mikehale?ref=blog.colosseum.com) on X!

# Thanks for reading ✌️

I hope you found something useful here! If you have any suggestions or feedback just let me know what you think.",2,5,Solana,https://reddit.com/r/solana/comments/1rkl658/colosseum_codex_reflect_whitelabel_solana_staking/
1rkrbep,2026-03-04,2026-03-04T17:17:02+00:00,Crossmint Partners With Western Union To Support USDPT Stablecoin And Digital Asset Network On Solana,"**Source:** [https://x.com/crossmint/status/2029235706808398109](https://x.com/crossmint/status/2029235706808398109)

A huge moment for stablecoins.  
Crossmint is partnering with [@WesternUnion](https://x.com/WesternUnion) to help bring their USDPT stablecoin on [@solana](https://x.com/solana) to millions of users.  
Together, we’ll help connect stablecoin payments to tens of thousands of Western Union on and off ramps worldwide.

https://preview.redd.it/56voi9g9a2ng1.png?width=680&format=png&auto=webp&s=37d3ce782340ec1ecd713fcbe47cb51e4cedb788

[@WesternUnion](https://x.com/WesternUnion) announced USDPT, a new stablecoin that will be issued on [@solana](https://x.com/solana).  
Alongside USDPT, they are launching the Digital Asset Network, which will allow users to offramp stablecoins into physical cash through more than 360,000 Western Union retail locations worldwide.

Together, Western Union’s global infrastructure and Crossmint’s APIs for wallets, payments, and stablecoin orchestration can help connect digital value movement with local currency access at global scale.

Read the full press release: [https://blog.crossmint.com/crossmint-western-union-support-usdpt-stablecoin-and-digital-asset-network-on-solana/](https://blog.crossmint.com/crossmint-western-union-support-usdpt-stablecoin-and-digital-asset-network-on-solana/)

https://preview.redd.it/x0exbx8da2ng1.png?width=680&format=png&auto=webp&s=3e725539f52a1a6ec0f9cb1faf32cf4342e4e1b2

","Crossmint Partners With Western Union To Support USDPT Stablecoin And Digital Asset Network On Solana **Source:** [https://x.com/crossmint/status/2029235706808398109](https://x.com/crossmint/status/2029235706808398109)

A huge moment for stablecoins.  
Crossmint is partnering with [@WesternUnion](https://x.com/WesternUnion) to help bring their USDPT stablecoin on [@solana](https://x.com/solana) to millions of users.  
Together, we’ll help connect stablecoin payments to tens of thousands of Western Union on and off ramps worldwide.

https://preview.redd.it/56voi9g9a2ng1.png?width=680&format=png&auto=webp&s=37d3ce782340ec1ecd713fcbe47cb51e4cedb788

[@WesternUnion](https://x.com/WesternUnion) announced USDPT, a new stablecoin that will be issued on [@solana](https://x.com/solana).  
Alongside USDPT, they are launching the Digital Asset Network, which will allow users to offramp stablecoins into physical cash through more than 360,000 Western Union retail locations worldwide.

Together, Western Union’s global infrastructure and Crossmint’s APIs for wallets, payments, and stablecoin orchestration can help connect digital value movement with local currency access at global scale.

Read the full press release: [https://blog.crossmint.com/crossmint-western-union-support-usdpt-stablecoin-and-digital-asset-network-on-solana/](https://blog.crossmint.com/crossmint-western-union-support-usdpt-stablecoin-and-digital-asset-network-on-solana/)

https://preview.redd.it/x0exbx8da2ng1.png?width=680&format=png&auto=webp&s=3e725539f52a1a6ec0f9cb1faf32cf4342e4e1b2",5,2,Solana,https://reddit.com/r/solana/comments/1rkrbep/crossmint_partners_with_western_union_to_support/
1rkm1qw,2026-03-04,2026-03-04T13:55:23+00:00,Meteora has launched Dynamic Terminal — a major upgrade to its DLMM interface.,"The new trading-terminal-style dashboard features TradingView charts, unified pool & token analytics, real-time fees/TVL metrics, P&L tracking, and one-click position management — all built from LP feedback to help providers set precise ranges faster and maximize earnings.

[https://x.com/MeteoraAG/status/2029168565589528594](https://x.com/MeteoraAG/status/2029168565589528594)","Meteora has launched Dynamic Terminal — a major upgrade to its DLMM interface. The new trading-terminal-style dashboard features TradingView charts, unified pool & token analytics, real-time fees/TVL metrics, P&L tracking, and one-click position management — all built from LP feedback to help providers set precise ranges faster and maximize earnings.

[https://x.com/MeteoraAG/status/2029168565589528594](https://x.com/MeteoraAG/status/2029168565589528594)",6,1,Solana,https://reddit.com/r/solana/comments/1rkm1qw/meteora_has_launched_dynamic_terminal_a_major/
1rklviy,2026-03-04,2026-03-04T13:47:53+00:00,"Get IPO Share Allocations Directly On Backpack, Enabled By Our Infrastructure Partner SuperstateInc","**Source:** [https://x.com/Backpack/status/2029179987467644965](https://x.com/Backpack/status/2029179987467644965)

 IPOs. Onchain.  
  
Get IPO share allocations directly on Backpack, enabled by our infrastructure partner [@SuperstateInc](https://x.com/SuperstateInc).

Real shares. Direct ownership. On [@solana](https://x.com/solana).  
  
**Join the waitlist:** [https://backpack.exchange/ipo-access](https://t.co/Bs6WnNrCaD)

https://preview.redd.it/ygtou4z191ng1.png?width=680&format=png&auto=webp&s=6b1d39b4223344f06525a0f05ebb47806592948e

**Source:** [https://x.com/armaniferrante/status/2029183867664613616](https://x.com/armaniferrante/status/2029183867664613616)

introducing the next Backpack token utility, we'll be building out this year. IPOs, on chain, directly on Backpack.    
  
Normally when companies go public, the founders and executives go on a roadshow, sharing their story and garnering interest from Wall Street institutional buyers purchasing shares before they go public. For most, you normally have to wait for the stock exchanges to go live before getting access to these shares through your brokerage.    
  
What we're doing: working with Superstate for Backpack to become a stop on the roadshow, so that our users can get access to these IPOs before trading goes live on national stock exchanges.     
  
The catch: Our ability to do this successfully is purely a function of the Backpack community.  
  
The more active and valuable our users, the more viable Backpack is a venue for capital formation. As a result, we've put together this waitlist to collect interest from our users today on this product. The early users that signup will get early access to the first IPO.    
  
The more people that sign up for this, the more engaged and active our community is here, the better access we will get to companies when they go public.    
  
This will be the first test of the community. This is an enormously valuable opportunity, and we need your help signing up for this so that we can go out and get the best IPOs for everyone here that we can.    
  
The ask: add yourself to the waitlist now.     
  
We have a lot more coming on this front, and this is a perfect example of why we did not build a DEX. This is only something a compliant product can do.   
  
Go big or go home.

","Get IPO Share Allocations Directly On Backpack, Enabled By Our Infrastructure Partner SuperstateInc **Source:** [https://x.com/Backpack/status/2029179987467644965](https://x.com/Backpack/status/2029179987467644965)

 IPOs. Onchain.  
  
Get IPO share allocations directly on Backpack, enabled by our infrastructure partner [@SuperstateInc](https://x.com/SuperstateInc).

Real shares. Direct ownership. On [@solana](https://x.com/solana).  
  
**Join the waitlist:** [https://backpack.exchange/ipo-access](https://t.co/Bs6WnNrCaD)

https://preview.redd.it/ygtou4z191ng1.png?width=680&format=png&auto=webp&s=6b1d39b4223344f06525a0f05ebb47806592948e

**Source:** [https://x.com/armaniferrante/status/2029183867664613616](https://x.com/armaniferrante/status/2029183867664613616)

introducing the next Backpack token utility, we'll be building out this year. IPOs, on chain, directly on Backpack.    
  
Normally when companies go public, the founders and executives go on a roadshow, sharing their story and garnering interest from Wall Street institutional buyers purchasing shares before they go public. For most, you normally have to wait for the stock exchanges to go live before getting access to these shares through your brokerage.    
  
What we're doing: working with Superstate for Backpack to become a stop on the roadshow, so that our users can get access to these IPOs before trading goes live on national stock exchanges.     
  
The catch: Our ability to do this successfully is purely a function of the Backpack community.  
  
The more active and valuable our users, the more viable Backpack is a venue for capital formation. As a result, we've put together this waitlist to collect interest from our users today on this product. The early users that signup will get early access to the first IPO.    
  
The more people that sign up for this, the more engaged and active our community is here, the better access we will get to companies when they go public.    
  
This will be the first test of the community. This is an enormously valuable opportunity, and we need your help signing up for this so that we can go out and get the best IPOs for everyone here that we can.    
  
The ask: add yourself to the waitlist now.     
  
We have a lot more coming on this front, and this is a perfect example of why we did not build a DEX. This is only something a compliant product can do.   
  
Go big or go home.",5,2,Solana,https://reddit.com/r/solana/comments/1rklviy/get_ipo_share_allocations_directly_on_backpack/
1rkli9x,2026-03-04,2026-03-04T13:31:52+00:00,Backpack Exchange is bringing onchain IPO access to Solana users,,Backpack Exchange is bringing onchain IPO access to Solana users,6,1,Solana,https://reddit.com/r/solana/comments/1rkli9x/backpack_exchange_is_bringing_onchain_ipo_access/
1rkmt61,2026-03-04,2026-03-04T14:26:59+00:00,📢 Solana Tech Pulse (February 24 – March 03),,📢 Solana Tech Pulse (February 24 – March 03),7,2,Solana,https://reddit.com/r/solana/comments/1rkmt61/solana_tech_pulse_february_24_march_03/
1rjkj3z,2026-03-03,2026-03-03T09:03:27+00:00,I ran consistent stress tests on free Solana RPC plans — sharing results & tradeoffs,"Everyone has opinions, but very little shared data on how free plans actually behave under load. For two weeks streight I ran a consistent set of tests and gonna share the results so the community has something concrete to reference. This is just raw data shaped into words — no recommendations, no rankings, etc. Hopefully, it can help if you’re trying to figure out what might be suitable for your own use case. Also, have in mind that this isn’t meant to declare a “best” RPC provider. The goal was simply to understand how different free-tier RPCs behave under stress, what tradeoffs they make, and what that means in practice. So, here is what I actually tested.  
  
All tests were run from the same environment and region (Europe-Croatia), using free-tier endpoints only, with the same request patterns for each provider. I focused on things that tend to matter once an app is actually running:    
  
\- repeated RPC calls over time    
\- short burst stress (concurrent requests), observing behavior when the node is under pressure    
\- average and p95 latency   
\- request success vs failures slot freshness (how close data is to head-of-chain)    
\- jitter and overall stability.   
  
*The latest run alone includes \~3,*32*0 measurements (≈550 per provider) during* one week *at random times during the day.*  

https://preview.redd.it/3wis298kksmg1.png?width=1202&format=png&auto=webp&s=576a9f8359853fccb5a93a221d9c3d7e5b054d67

  
What became clear pretty quickly is that free RPC plans are not interchangeable, and raw latency numbers alone don’t tell the full story, which was expected before I even started building this app. Some providers prefer to fail fast instead of slowing down, while others remain reliable but accept higher latency. In some cases, smooth average responses can actually hide worse trade-offs than visible errors. Once you consider tail latency, failure rates, and slot freshness together, the differences become hard to ignore.

In the next chapter of this article, I will try to break down each of them - again, in the hope it can bring you closer to your needs. If you will need more data for any reason, feel free to ask -  happy to share.

*Here is the visual representation of the data for the portion of the tests.*

https://preview.redd.it/58n1ien6osmg1.png?width=1166&format=png&auto=webp&s=a158658c4933f3b6f0bb6123dfdb105c952e030b

**Alchemy** is clearly built for speed first. When it responds, it’s extremely fast and consistent, but once you start pushing it, it prefers to drop requests instead of slowing down. That means you get great performance if your client handles retries well, but it can feel unreliable if you expect every call to succeed. It’s powerful, but you need to know what you’re doing to get the most out of it.   
  
**QuickNode** felt like the most balanced option overall. It’s not the fastest RPC in the test, but it was consistently reliable, stayed close to the head of the chain, and didn’t show any surprising behavior under load. Nothing really broke, and nothing looked suspicious. It’s the kind of RPC you don’t think about much once it’s set up. If you just want something that works without babysitting, this one makes sense.   
  
**Carbium** stood out for how smooth and predictable it was. Requests didn’t fail, latency didn’t jump around, and slot freshness stayed solid throughout the test. The tradeoff is that it’s not the fastest, especially when you look at p95 latency. It feels like it’s designed to stay calm under pressure rather than push for peak performance. Good choice if consistency matters more than shaving off a few milliseconds.   
  
**Helius** was very reliable and consistently returned fresh data, but it was also noticeably slower and more jittery than most others. You don’t really get surprises with it, but you also don’t get fast responses. It feels more suited for indexing, analytics, or backend processes than anything interactive. If correctness is your top priority, it does its job well. Just don’t expect low-latency performance.  
  
**Ankr** looked decent at first glance, but under stress, it became less predictable. Tail latency went up, and some requests failed, which makes it harder to rely on for sustained load. It seems to lean toward failing rather than queueing, similar to Alchemy, but without the same level of consistency. Probably fine for light usage or testing, but not something I’d trust for heavier workloads on the free tier.  
  
**Chainstack** mostly worked, but it didn’t really shine anywhere. Latency and p95 were on the higher side, and jitter was noticeable, even though most requests went through. It feels more conservative and possibly more limited on the free tier. For simple or non-critical use cases, it’s okay, but there’s not much reason to choose it over others if performance matters. It’s usable, just not particularly competitive in these tests.

*They all performed ""best"" at something.*

https://preview.redd.it/tuqd9f9jjsmg1.png?width=979&format=png&auto=webp&s=5e94d5673f4d0e7daf6cbbaedd18dbd607225af2

  
Just to be clear again, all of this testing was done on free RPC plans, so everything is naturally limited to what those tiers allow. I also tested only six providers here — I’m fully aware there are more out there. If you have suggestions or want to see how other RPCs perform under the same conditions, feel free to drop the names, and I’ll include them in the next round of testing.  
  
I’d also really appreciate hearing your experience with the providers I tested — especially if you’ve interacted with their customer support or used any of their higher-tier plans. That kind of insight would add a lot of value to this discussion.

Let me know what you think, and I genuinely hope this helps at least a few of you make a more informed decision.","I ran consistent stress tests on free Solana RPC plans — sharing results & tradeoffs Everyone has opinions, but very little shared data on how free plans actually behave under load. For two weeks streight I ran a consistent set of tests and gonna share the results so the community has something concrete to reference. This is just raw data shaped into words — no recommendations, no rankings, etc. Hopefully, it can help if you’re trying to figure out what might be suitable for your own use case. Also, have in mind that this isn’t meant to declare a “best” RPC provider. The goal was simply to understand how different free-tier RPCs behave under stress, what tradeoffs they make, and what that means in practice. So, here is what I actually tested.  
  
All tests were run from the same environment and region (Europe-Croatia), using free-tier endpoints only, with the same request patterns for each provider. I focused on things that tend to matter once an app is actually running:    
  
\- repeated RPC calls over time    
\- short burst stress (concurrent requests), observing behavior when the node is under pressure    
\- average and p95 latency   
\- request success vs failures slot freshness (how close data is to head-of-chain)    
\- jitter and overall stability.   
  
*The latest run alone includes \~3,*32*0 measurements (≈550 per provider) during* one week *at random times during the day.*  

https://preview.redd.it/3wis298kksmg1.png?width=1202&format=png&auto=webp&s=576a9f8359853fccb5a93a221d9c3d7e5b054d67

  
What became clear pretty quickly is that free RPC plans are not interchangeable, and raw latency numbers alone don’t tell the full story, which was expected before I even started building this app. Some providers prefer to fail fast instead of slowing down, while others remain reliable but accept higher latency. In some cases, smooth average responses can actually hide worse trade-offs than visible errors. Once you consider tail latency, failure rates, and slot freshness together, the differences become hard to ignore.

In the next chapter of this article, I will try to break down each of them - again, in the hope it can bring you closer to your needs. If you will need more data for any reason, feel free to ask -  happy to share.

*Here is the visual representation of the data for the portion of the tests.*

https://preview.redd.it/58n1ien6osmg1.png?width=1166&format=png&auto=webp&s=a158658c4933f3b6f0bb6123dfdb105c952e030b

**Alchemy** is clearly built for speed first. When it responds, it’s extremely fast and consistent, but once you start pushing it, it prefers to drop requests instead of slowing down. That means you get great performance if your client handles retries well, but it can feel unreliable if you expect every call to succeed. It’s powerful, but you need to know what you’re doing to get the most out of it.   
  
**QuickNode** felt like the most balanced option overall. It’s not the fastest RPC in the test, but it was consistently reliable, stayed close to the head of the chain, and didn’t show any surprising behavior under load. Nothing really broke, and nothing looked suspicious. It’s the kind of RPC you don’t think about much once it’s set up. If you just want something that works without babysitting, this one makes sense.   
  
**Carbium** stood out for how smooth and predictable it was. Requests didn’t fail, latency didn’t jump around, and slot freshness stayed solid throughout the test. The tradeoff is that it’s not the fastest, especially when you look at p95 latency. It feels like it’s designed to stay calm under pressure rather than push for peak performance. Good choice if consistency matters more than shaving off a few milliseconds.   
  
**Helius** was very reliable and consistently returned fresh data, but it was also noticeably slower and more jittery than most others. You don’t really get surprises with it, but you also don’t get fast responses. It feels more suited for indexing, analytics, or backend processes than anything interactive. If correctness is your top priority, it does its job well. Just don’t expect low-latency performance.  
  
**Ankr** looked decent at first glance, but under stress, it became less predictable. Tail latency went up, and some requests failed, which makes it harder to rely on for sustained load. It seems to lean toward failing rather than queueing, similar to Alchemy, but without the same level of consistency. Probably fine for light usage or testing, but not something I’d trust for heavier workloads on the free tier.  
  
**Chainstack** mostly worked, but it didn’t really shine anywhere. Latency and p95 were on the higher side, and jitter was noticeable, even though most requests went through. It feels more conservative and possibly more limited on the free tier. For simple or non-critical use cases, it’s okay, but there’s not much reason to choose it over others if performance matters. It’s usable, just not particularly competitive in these tests.

*They all performed ""best"" at something.*

https://preview.redd.it/tuqd9f9jjsmg1.png?width=979&format=png&auto=webp&s=5e94d5673f4d0e7daf6cbbaedd18dbd607225af2

  
Just to be clear again, all of this testing was done on free RPC plans, so everything is naturally limited to what those tiers allow. I also tested only six providers here — I’m fully aware there are more out there. If you have suggestions or want to see how other RPCs perform under the same conditions, feel free to drop the names, and I’ll include them in the next round of testing.  
  
I’d also really appreciate hearing your experience with the providers I tested — especially if you’ve interacted with their customer support or used any of their higher-tier plans. That kind of insight would add a lot of value to this discussion.

Let me know what you think, and I genuinely hope this helps at least a few of you make a more informed decision.",15,17,Solana,https://reddit.com/r/solana/comments/1rjkj3z/i_ran_consistent_stress_tests_on_free_solana_rpc/
1rjc4qg,2026-03-03,2026-03-03T01:42:37+00:00,Solandy - How to get started with Solana Development in 2026 [Day 1] - Feb 6th '26,,Solandy - How to get started with Solana Development in 2026 [Day 1] - Feb 6th '26,7,3,Solana,https://reddit.com/r/solana/comments/1rjc4qg/solandy_how_to_get_started_with_solana/
1rjjakk,2026-03-03,2026-03-03T07:45:30+00:00,Solana Technical Weekly - W12,"**Source:** [https://x.com/readylayerone/status/2028705425441649013](https://x.com/readylayerone/status/2028705425441649013)

https://preview.redd.it/a1nd02aebsmg1.png?width=680&format=png&auto=webp&s=a30b580c5fee499b84512b9aa7a36171aefd6b42

This is a weekly newsletter on the latest Solana engineering news this week. If you want to stay updated on Solana tech every week, follow me at [@readylayerone](https://x.com/@readylayerone) and turn on notifications.

Liking and reposting this article helps get this out to as many people as possible.

Warning: This newsletter will NEVER launch a token. Please do not trust anyone.

I won't be featuring any product or launch-related news and events like token launches, airdrops, DAOs, or NFT collections. There are other wonderful publications for that.

# Releases

New versions

* agave v4.0.0-alpha.0  [https://github.com/anza-xyz/agave/releases/tag/v4.0.0-alpha.0](https://github.com/anza-xyz/agave/releases/tag/v4.0.0-alpha.0)
* litesvm v0.10.0  [https://github.com/LiteSVM/litesvm/releases/tag/v0.10.0](https://github.com/LiteSVM/litesvm/releases/tag/v0.10.0)
* yellowstone-grpc v12.1.0+solana.3.1.8  [https://github.com/rpcpool/yellowstone-grpc/releases/tag/v12.1.0%2Bsolana.3.1.8](https://github.com/rpcpool/yellowstone-grpc/releases/tag/v12.1.0%2Bsolana.3.1.8)
* yellowstone-jet v14.9.3-1827a65  [https://github.com/rpcpool/yellowstone-jet/releases/tag/yellowstone-jet-v14.9.3-1827a65](https://github.com/rpcpool/yellowstone-jet/releases/tag/yellowstone-jet-v14.9.3-1827a65)
* helius-sdk v2.2.2  [https://github.com/helius-labs/helius-sdk/releases/tag/v2.2.2](https://github.com/helius-labs/helius-sdk/releases/tag/v2.2.2)

# Ecosystem work

Validator clients (Agave, Firedancer)

* Agave will implement QUIC egress over AF\_XDP  [https://github.com/anza-xyz/agave/pull/10830](https://github.com/anza-xyz/agave/pull/10830)   [https://github.com/anza-xyz/agave/pull/10846](https://github.com/anza-xyz/agave/pull/10846)   WTM (what this means): QUIC egress is happening on the standard networking stack within every validator. It is from this egress that transactions are propagated across all validators (shreds, gossip, and repair). Agave has currently improved ingress (sending new transactions to the validator leader) via AF\_XDP to improve performance. This change will do the same for propagating state across the network.
* Mithril is going to implement a gRPC impelmentation and a yellowstone geyser interface  [https://github.com/Overclock-Validator/mithril/pull/108](https://github.com/Overclock-Validator/mithril/pull/108)   WTM: Mithril previously had its own custom version of implementing geyser. It is now going to use the yellowstone geyser created by Triton One. 

Web/Rust solana clients (solana/kit, kit-plugins, solana-sdk, codama)

* solana/kit is adding a new package called program-client-core  [https://github.com/anza-xyz/kit/pull/1345](https://github.com/anza-xyz/kit/pull/1345)   WTM: This change will make it easier for codama to make Solana program Typescript clients. Any improvement that makes codama more useable will make save more time for devs from making their own Typescript SDKs and more time building apps and Solana programs.

Program frameworks (anchor, pinocchio, steel)

* Anchor has adopted a new migration abstraction allowing for changing of account data from one schema to another  [https://github.com/solana-foundation/anchor/pull/4060](https://github.com/solana-foundation/anchor/pull/4060)   WTM: This makes changing state account data more tractable on Solana. More forward-thinking had to be done to state accounts because they were difficult to change. This allows developers to ship faster with more confidence that they can start imperfect and make changes later.
* Pinocchio is possibly adding support for the ZK ElGamal Proof program  [https://github.com/anza-xyz/pinocchio/pull/353](https://github.com/anza-xyz/pinocchio/pull/353)   WTM: This program enables confidential transfers on Solana's Token2022 Program. Surfacing this on Pinocchio allows for more privacy-focused applications to be built natively.

Testing frameworks (mollusk, litesvm)

* Mollusk is adding an SBPF debugger  [https://github.com/anza-xyz/mollusk/pull/200](https://github.com/anza-xyz/mollusk/pull/200)   WTM: SBPF is the underlying assembly code that all Solana rust code must compile to. This proposal, once accepted, will enable debugging once Solana programs are compiled. This allows easier and more detailed inspection of Solana programs especially CU and performance-optimizing ones.

# Other interesting things

* A deep dive into Phoenix trade by  [@raunit](https://x.com/@raunit)  

https://preview.redd.it/y7yh75twasmg1.png?width=558&format=png&auto=webp&s=689a1790cc67320cd0d100a570776f6efad3f057

* More conversations about transaction scheduling and the solana network microstructure

https://preview.redd.it/jypdl5ozasmg1.png?width=556&format=png&auto=webp&s=09ad194fb633b36df367cba8a96975b63f2e5c80

* [@metaplex](https://x.com/@metaplex) is proposing an Agent registry program on their protocol

https://preview.redd.it/qa6peak2bsmg1.png?width=537&format=png&auto=webp&s=4bd37c0425a3ec7af936bb98c5e5a184acbaf506

* New published crates for adaptors for Secp256k1 signatures by [@deanmlittle](https://x.com/@deanmlittle)

https://preview.redd.it/fhcfz4b5bsmg1.png?width=555&format=png&auto=webp&s=a9e4d7f2c1ef542cc2b2098f4d6bd00d9334ba78

* Kit plugins in the wild

https://preview.redd.it/uyz2h637bsmg1.png?width=554&format=png&auto=webp&s=55ac6c72cbcd22393c5c53f8efc8797bf83b3747

* New reference for Solana infrastructure (everything from validators, proof of history, etc) by [@Rachit\_twts](https://x.com/@Rachit_twts)

https://preview.redd.it/uxlhpyl9bsmg1.png?width=555&format=png&auto=webp&s=d5d187e30c1c3031ade82fc1a0dc06e43df01f21

* Porting Agave IPC queues to go by [@tanmayy4l](https://x.com/@tanmayy4l)

https://preview.redd.it/encn42dcbsmg1.png?width=543&format=png&auto=webp&s=8ddf985b0783ff87903854c277d793246450cf35

 ","Solana Technical Weekly - W12 **Source:** [https://x.com/readylayerone/status/2028705425441649013](https://x.com/readylayerone/status/2028705425441649013)

https://preview.redd.it/a1nd02aebsmg1.png?width=680&format=png&auto=webp&s=a30b580c5fee499b84512b9aa7a36171aefd6b42

This is a weekly newsletter on the latest Solana engineering news this week. If you want to stay updated on Solana tech every week, follow me at [@readylayerone](https://x.com/@readylayerone) and turn on notifications.

Liking and reposting this article helps get this out to as many people as possible.

Warning: This newsletter will NEVER launch a token. Please do not trust anyone.

I won't be featuring any product or launch-related news and events like token launches, airdrops, DAOs, or NFT collections. There are other wonderful publications for that.

# Releases

New versions

* agave v4.0.0-alpha.0  [https://github.com/anza-xyz/agave/releases/tag/v4.0.0-alpha.0](https://github.com/anza-xyz/agave/releases/tag/v4.0.0-alpha.0)
* litesvm v0.10.0  [https://github.com/LiteSVM/litesvm/releases/tag/v0.10.0](https://github.com/LiteSVM/litesvm/releases/tag/v0.10.0)
* yellowstone-grpc v12.1.0+solana.3.1.8  [https://github.com/rpcpool/yellowstone-grpc/releases/tag/v12.1.0%2Bsolana.3.1.8](https://github.com/rpcpool/yellowstone-grpc/releases/tag/v12.1.0%2Bsolana.3.1.8)
* yellowstone-jet v14.9.3-1827a65  [https://github.com/rpcpool/yellowstone-jet/releases/tag/yellowstone-jet-v14.9.3-1827a65](https://github.com/rpcpool/yellowstone-jet/releases/tag/yellowstone-jet-v14.9.3-1827a65)
* helius-sdk v2.2.2  [https://github.com/helius-labs/helius-sdk/releases/tag/v2.2.2](https://github.com/helius-labs/helius-sdk/releases/tag/v2.2.2)

# Ecosystem work

Validator clients (Agave, Firedancer)

* Agave will implement QUIC egress over AF\_XDP  [https://github.com/anza-xyz/agave/pull/10830](https://github.com/anza-xyz/agave/pull/10830)   [https://github.com/anza-xyz/agave/pull/10846](https://github.com/anza-xyz/agave/pull/10846)   WTM (what this means): QUIC egress is happening on the standard networking stack within every validator. It is from this egress that transactions are propagated across all validators (shreds, gossip, and repair). Agave has currently improved ingress (sending new transactions to the validator leader) via AF\_XDP to improve performance. This change will do the same for propagating state across the network.
* Mithril is going to implement a gRPC impelmentation and a yellowstone geyser interface  [https://github.com/Overclock-Validator/mithril/pull/108](https://github.com/Overclock-Validator/mithril/pull/108)   WTM: Mithril previously had its own custom version of implementing geyser. It is now going to use the yellowstone geyser created by Triton One. 

Web/Rust solana clients (solana/kit, kit-plugins, solana-sdk, codama)

* solana/kit is adding a new package called program-client-core  [https://github.com/anza-xyz/kit/pull/1345](https://github.com/anza-xyz/kit/pull/1345)   WTM: This change will make it easier for codama to make Solana program Typescript clients. Any improvement that makes codama more useable will make save more time for devs from making their own Typescript SDKs and more time building apps and Solana programs.

Program frameworks (anchor, pinocchio, steel)

* Anchor has adopted a new migration abstraction allowing for changing of account data from one schema to another  [https://github.com/solana-foundation/anchor/pull/4060](https://github.com/solana-foundation/anchor/pull/4060)   WTM: This makes changing state account data more tractable on Solana. More forward-thinking had to be done to state accounts because they were difficult to change. This allows developers to ship faster with more confidence that they can start imperfect and make changes later.
* Pinocchio is possibly adding support for the ZK ElGamal Proof program  [https://github.com/anza-xyz/pinocchio/pull/353](https://github.com/anza-xyz/pinocchio/pull/353)   WTM: This program enables confidential transfers on Solana's Token2022 Program. Surfacing this on Pinocchio allows for more privacy-focused applications to be built natively.

Testing frameworks (mollusk, litesvm)

* Mollusk is adding an SBPF debugger  [https://github.com/anza-xyz/mollusk/pull/200](https://github.com/anza-xyz/mollusk/pull/200)   WTM: SBPF is the underlying assembly code that all Solana rust code must compile to. This proposal, once accepted, will enable debugging once Solana programs are compiled. This allows easier and more detailed inspection of Solana programs especially CU and performance-optimizing ones.

# Other interesting things

* A deep dive into Phoenix trade by  [@raunit](https://x.com/@raunit)  

https://preview.redd.it/y7yh75twasmg1.png?width=558&format=png&auto=webp&s=689a1790cc67320cd0d100a570776f6efad3f057

* More conversations about transaction scheduling and the solana network microstructure

https://preview.redd.it/jypdl5ozasmg1.png?width=556&format=png&auto=webp&s=09ad194fb633b36df367cba8a96975b63f2e5c80

* [@metaplex](https://x.com/@metaplex) is proposing an Agent registry program on their protocol

https://preview.redd.it/qa6peak2bsmg1.png?width=537&format=png&auto=webp&s=4bd37c0425a3ec7af936bb98c5e5a184acbaf506

* New published crates for adaptors for Secp256k1 signatures by [@deanmlittle](https://x.com/@deanmlittle)

https://preview.redd.it/fhcfz4b5bsmg1.png?width=555&format=png&auto=webp&s=a9e4d7f2c1ef542cc2b2098f4d6bd00d9334ba78

* Kit plugins in the wild

https://preview.redd.it/uyz2h637bsmg1.png?width=554&format=png&auto=webp&s=55ac6c72cbcd22393c5c53f8efc8797bf83b3747

* New reference for Solana infrastructure (everything from validators, proof of history, etc) by [@Rachit\_twts](https://x.com/@Rachit_twts)

https://preview.redd.it/uxlhpyl9bsmg1.png?width=555&format=png&auto=webp&s=d5d187e30c1c3031ade82fc1a0dc06e43df01f21

* Porting Agave IPC queues to go by [@tanmayy4l](https://x.com/@tanmayy4l)

https://preview.redd.it/encn42dcbsmg1.png?width=543&format=png&auto=webp&s=8ddf985b0783ff87903854c277d793246450cf35",6,1,Solana,https://reddit.com/r/solana/comments/1rjjakk/solana_technical_weekly_w12/
1rjjex0,2026-03-03,2026-03-03T07:53:02+00:00,Bits To Bricks With Amira Valiani Podcast - Amira Interviews @nickycucins (Head Of GTM At @raincards) To Discuss The Evolution Of Stablecoins,,Bits To Bricks With Amira Valiani Podcast - Amira Interviews @nickycucins (Head Of GTM At @raincards) To Discuss The Evolution Of Stablecoins,5,3,Solana,https://reddit.com/r/solana/comments/1rjjex0/bits_to_bricks_with_amira_valiani_podcast_amira/
1rjkb8l,2026-03-03,2026-03-03T08:50:00+00:00,"Are there Solana development companies that also handle the AI/data side of things, or do I need separate vendors?","I’m looking to build a dApp on Solana that uses predictive AI to optimize liquidity for users. I’m finding plenty of Solana devs and plenty of AI devs, but nobody who does both. Managing two separate vendors sounds like an integration challenge. Does a hybrid shop exist?","Are there Solana development companies that also handle the AI/data side of things, or do I need separate vendors? I’m looking to build a dApp on Solana that uses predictive AI to optimize liquidity for users. I’m finding plenty of Solana devs and plenty of AI devs, but nobody who does both. Managing two separate vendors sounds like an integration challenge. Does a hybrid shop exist?",9,7,Solana,https://reddit.com/r/solana/comments/1rjkb8l/are_there_solana_development_companies_that_also/
1rjl4qu,2026-03-03,2026-03-03T09:42:48+00:00,Wallet data API for portfolio tracking app?,"building a portfolio tracking tool and need wallet balances, transaction history, and historical valuation. I want something clean to integrate without heavy indexing work. We are testing a few providers including mobula.io. Interested in feedback from people who have built similar apps, ty","Wallet data API for portfolio tracking app? building a portfolio tracking tool and need wallet balances, transaction history, and historical valuation. I want something clean to integrate without heavy indexing work. We are testing a few providers including mobula.io. Interested in feedback from people who have built similar apps, ty",9,4,Solana,https://reddit.com/r/solana/comments/1rjl4qu/wallet_data_api_for_portfolio_tracking_app/
1rjnaej,2026-03-03,2026-03-03T11:50:09+00:00,What's holding back Solana DEX UX from being truly seamless?,"Solana's got the speed and the fees figured out. Sub-second finality, fractions of a cent per tx. But I still find myself doing the same 3-click dance every time I swap:

1. Check multiple DEXes for best price
2. Hope my tx doesn't get sandwiched
3. Watch the quote change between clicking and confirming

The new privacy features from wallets are cool, but they're solving the symptom (address exposure) not the core issue - you're still manually routing through AMMs that quote you one thing and fill you another.

Been reading about intent-based execution where you just declare what you want and let solvers compete to fill it. In theory that handles routing AND MEV protection in one step. Anyone tried systems like that on Solana yet? Curious how the execution quality compares to just going through Jupiter.","What's holding back Solana DEX UX from being truly seamless? Solana's got the speed and the fees figured out. Sub-second finality, fractions of a cent per tx. But I still find myself doing the same 3-click dance every time I swap:

1. Check multiple DEXes for best price
2. Hope my tx doesn't get sandwiched
3. Watch the quote change between clicking and confirming

The new privacy features from wallets are cool, but they're solving the symptom (address exposure) not the core issue - you're still manually routing through AMMs that quote you one thing and fill you another.

Been reading about intent-based execution where you just declare what you want and let solvers compete to fill it. In theory that handles routing AND MEV protection in one step. Anyone tried systems like that on Solana yet? Curious how the execution quality compares to just going through Jupiter.",7,9,Solana,https://reddit.com/r/solana/comments/1rjnaej/whats_holding_back_solana_dex_ux_from_being_truly/
1rjnlws,2026-03-03,2026-03-03T12:06:44+00:00,can anyone explain bundling for me ?,"is it simply a way to be a large holder without others knowing youre holding a lot of the coin ?

in reality how does it work? i mean do they launch a coin and use a bot to auto buy the supply from 50 wallets and then dump it later ?

what makes it so profitable ?","can anyone explain bundling for me ? is it simply a way to be a large holder without others knowing youre holding a lot of the coin ?

in reality how does it work? i mean do they launch a coin and use a bot to auto buy the supply from 50 wallets and then dump it later ?

what makes it so profitable ?",10,14,Solana,https://reddit.com/r/solana/comments/1rjnlws/can_anyone_explain_bundling_for_me/
1rjx21o,2026-03-03,2026-03-03T18:23:12+00:00,Backpack has zero fee fiat ramps and nobody talks about it,,Backpack has zero fee fiat ramps and nobody talks about it,12,1,Solana,https://reddit.com/r/solana/comments/1rjx21o/backpack_has_zero_fee_fiat_ramps_and_nobody_talks/
1rjy14v,2026-03-03,2026-03-03T18:58:10+00:00,Solana Had One of Its Most Active Months Ever!,"In February 2026, Solana processed about 3.4 billion transactions (excluding vote transactions). That’s the second-highest monthly number in the network’s history.

Pretty impressive considering the broader market hasn’t been the most optimistic lately.

Another interesting detail: Ethereum recently reported something similar, its second-most active month ever by transaction count.

Check out the full post here: [https://x.com/everstake\_pool/status/2028867154448204253](https://x.com/everstake_pool/status/2028867154448204253)","Solana Had One of Its Most Active Months Ever! In February 2026, Solana processed about 3.4 billion transactions (excluding vote transactions). That’s the second-highest monthly number in the network’s history.

Pretty impressive considering the broader market hasn’t been the most optimistic lately.

Another interesting detail: Ethereum recently reported something similar, its second-most active month ever by transaction count.

Check out the full post here: [https://x.com/everstake\_pool/status/2028867154448204253](https://x.com/everstake_pool/status/2028867154448204253)",64,25,Solana,https://reddit.com/r/solana/comments/1rjy14v/solana_had_one_of_its_most_active_months_ever/
1riwh1i,2026-03-02,2026-03-02T15:52:37+00:00,Fun PumpFun Trending Board,"We built a fun, bubbly dashboard to track trending Pumpfun tokens.

Check it out: [https://dexrabbit.com/solana/pumpfun](https://dexrabbit.com/solana/pumpfun)","Fun PumpFun Trending Board We built a fun, bubbly dashboard to track trending Pumpfun tokens.

Check it out: [https://dexrabbit.com/solana/pumpfun](https://dexrabbit.com/solana/pumpfun)",7,3,Solana,https://reddit.com/r/solana/comments/1riwh1i/fun_pumpfun_trending_board/
1rim15o,2026-03-02,2026-03-02T07:04:16+00:00,Anyone tried creating AI Musician tokens on Phonon yet?,"https://reddit.com/link/1rim15o/video/vdz92dfbzkmg1/player

Phonon Studio is essentially PumpDotFun for AI generated musicians.   
  
Launch an AI artist, earn trading fees every time someone buys or sells

[https://phonon.studio](https://phonon.studio)","Anyone tried creating AI Musician tokens on Phonon yet? https://reddit.com/link/1rim15o/video/vdz92dfbzkmg1/player

Phonon Studio is essentially PumpDotFun for AI generated musicians.   
  
Launch an AI artist, earn trading fees every time someone buys or sells

[https://phonon.studio](https://phonon.studio)",5,5,Solana,https://reddit.com/r/solana/comments/1rim15o/anyone_tried_creating_ai_musician_tokens_on/
1ripygl,2026-03-02,2026-03-02T11:05:54+00:00,"Try Our gRPC for Free, We’d Love Your Feedback","Hello everyone,

We’re opening up our solana gRPC streams for free use so we can collect feedback and improve it.

There’s no billing and no charge. Just sign up, try it out, and let us know what you think.

[https://docs.bitquery.io/docs/grpc/solana/introduction/](https://docs.bitquery.io/docs/grpc/solana/introduction/)","Try Our gRPC for Free, We’d Love Your Feedback Hello everyone,

We’re opening up our solana gRPC streams for free use so we can collect feedback and improve it.

There’s no billing and no charge. Just sign up, try it out, and let us know what you think.

[https://docs.bitquery.io/docs/grpc/solana/introduction/](https://docs.bitquery.io/docs/grpc/solana/introduction/)",10,14,Solana,https://reddit.com/r/solana/comments/1ripygl/try_our_grpc_for_free_wed_love_your_feedback/
1rj32k9,2026-03-02,2026-03-02T19:47:31+00:00,"Solana Unveils The Agent Registry, An Open On-chain Protocol & Trust Layer For Autonomous AI Agents On Solana","**Source:** 

Solana is built for the agent economy.  
Now agents can show up with a credential and build a track record.

https://reddit.com/link/1rj32k9/video/2lkd2s7sqomg1/player

Agent Registry brings identity, reputation, and validation registries natively to Solana.  
\- verified profile of who the agent is, what it can do, and who owns it  
\-  running track record for every agent on how they performed  
\- independent proof of an agent's work by third parties

  
Agent Registry is the Solana implementation of ERC-8004, the open protocol which provides discovery and trust for agents.  
Agent Registry is built by [@Quantu\_AI](https://x.com/Quantu_AI)  
Learn more: [https://8004.qnt.sh](https://t.co/5neO4hl0R0)

  
Register, discover, and verify AI agents on Solana:  
[https://solana.com/agent-registry](https://solana.com/agent-registry)

https://preview.redd.it/53d8n2kzqomg1.png?width=680&format=png&auto=webp&s=2ff2405e8df318e057ca480c2c655bd121a7e7d3","Solana Unveils The Agent Registry, An Open On-chain Protocol & Trust Layer For Autonomous AI Agents On Solana **Source:** 

Solana is built for the agent economy.  
Now agents can show up with a credential and build a track record.

https://reddit.com/link/1rj32k9/video/2lkd2s7sqomg1/player

Agent Registry brings identity, reputation, and validation registries natively to Solana.  
\- verified profile of who the agent is, what it can do, and who owns it  
\-  running track record for every agent on how they performed  
\- independent proof of an agent's work by third parties

  
Agent Registry is the Solana implementation of ERC-8004, the open protocol which provides discovery and trust for agents.  
Agent Registry is built by [@Quantu\_AI](https://x.com/Quantu_AI)  
Learn more: [https://8004.qnt.sh](https://t.co/5neO4hl0R0)

  
Register, discover, and verify AI agents on Solana:  
[https://solana.com/agent-registry](https://solana.com/agent-registry)

https://preview.redd.it/53d8n2kzqomg1.png?width=680&format=png&auto=webp&s=2ff2405e8df318e057ca480c2c655bd121a7e7d3",9,3,Solana,https://reddit.com/r/solana/comments/1rj32k9/solana_unveils_the_agent_registry_an_open_onchain/
1rj2wf4,2026-03-02,2026-03-02T19:41:17+00:00,"Solflare Introduces Privacy Aggregator Layer (PAL), The First Wallet Native Built-in Privacy Layer For Solana","**Source:** [https://x.com/solflare/status/2028474942761947167](https://x.com/solflare/status/2028474942761947167)

Introducing Privacy Aggregator Layer (PAL)  
A new standard for Solana.  
  
Solflare is the first wallet with a native built-in privacy layer.  
  
PAL’s first feature Private Send (app + extension), lets you send crypto without revealing your wallet to the recipient:  
  
• Optional per transfer  
• Built into Send  
• Fees shown before you confirm  
• Processed in minutes  
  
How it works ↓

https://reddit.com/link/1rj2wf4/video/idowirespomg1/player

Crypto payments are public by default, while privacy in crypto has always been fragmented.  
  
Today:  
• You need to find trusted dapps, then connect externally to gain privacy.  
• You juggle multiple solutions  
• Transactions are fully traceable  
• Your address, history, and balance are exposed  
  
Private Send, powered by [@HoudiniSwap](https://x.com/HoudiniSwap) changes that.

https://preview.redd.it/6me9rgiupomg1.png?width=680&format=png&auto=webp&s=2d4790a808cb12ab864f731c9884d1d63190903b

Our vision for the Privacy Aggregator is simple:  
  
→ Privacy should be built into every wallet, not something you have to figure out.  
  
Just like trading aggregators find the best price, PAL will route transactions through trusted privacy partners automatically.  
  
Private Send is the first feature on this layer, built into the normal Send flow, so you can choose transact publicly or privately.  
  
We believe crypto should be usable without oversharing, and that practical, compliant privacy will be a standard part of everyday on-chain activity.

https://preview.redd.it/87pkh8ovpomg1.png?width=680&format=png&auto=webp&s=31fad622a3c44df698e6fbfded921755236cfaef

Private Send breaks the direct connection between sender and receiver.



It’s like sending a package. 📬

Standard send: full return address visible.

Private send: package arrives to the recipient without a return address.

What does this look like in Solflare’s activity?

From your side:

→ It appears as if you sent it to an unknown address.

From their side:

→ It appears as if they received it from a different unknown address.

Send and receive transactions are on-chain without a clear link to the recipient.

https://preview.redd.it/p5n61vyxpomg1.png?width=680&format=png&auto=webp&s=598fd35bba83ec38cbf376ce273aa9e5b40a089c

How to use Private Send:  
・ Open Solflare  
・ Tap Send  
・ Toggle Private Send on  
・ Confirm  
  
Before you confirm, you’ll see:  
\~ Fees displayed clearly  
\~ Est. processing time  
After you confirm, you'll see:  
\~Confirmation that the transfer was sent privately, with a clear status showing that the transaction is being processed.  
(( Solflare does not add additional fees ))

  
Privacy Aggregator is the foundation.  
Private Send is the 1st step.  
Update Solflare & choose how YOU send ↓

[https://www.solflare.com/](https://www.solflare.com/)

https://preview.redd.it/zuc7h5mzpomg1.png?width=680&format=png&auto=webp&s=055fdc5b1fb2b8d6dd4e8e856500599623d42ede

","Solflare Introduces Privacy Aggregator Layer (PAL), The First Wallet Native Built-in Privacy Layer For Solana **Source:** [https://x.com/solflare/status/2028474942761947167](https://x.com/solflare/status/2028474942761947167)

Introducing Privacy Aggregator Layer (PAL)  
A new standard for Solana.  
  
Solflare is the first wallet with a native built-in privacy layer.  
  
PAL’s first feature Private Send (app + extension), lets you send crypto without revealing your wallet to the recipient:  
  
• Optional per transfer  
• Built into Send  
• Fees shown before you confirm  
• Processed in minutes  
  
How it works ↓

https://reddit.com/link/1rj2wf4/video/idowirespomg1/player

Crypto payments are public by default, while privacy in crypto has always been fragmented.  
  
Today:  
• You need to find trusted dapps, then connect externally to gain privacy.  
• You juggle multiple solutions  
• Transactions are fully traceable  
• Your address, history, and balance are exposed  
  
Private Send, powered by [@HoudiniSwap](https://x.com/HoudiniSwap) changes that.

https://preview.redd.it/6me9rgiupomg1.png?width=680&format=png&auto=webp&s=2d4790a808cb12ab864f731c9884d1d63190903b

Our vision for the Privacy Aggregator is simple:  
  
→ Privacy should be built into every wallet, not something you have to figure out.  
  
Just like trading aggregators find the best price, PAL will route transactions through trusted privacy partners automatically.  
  
Private Send is the first feature on this layer, built into the normal Send flow, so you can choose transact publicly or privately.  
  
We believe crypto should be usable without oversharing, and that practical, compliant privacy will be a standard part of everyday on-chain activity.

https://preview.redd.it/87pkh8ovpomg1.png?width=680&format=png&auto=webp&s=31fad622a3c44df698e6fbfded921755236cfaef

Private Send breaks the direct connection between sender and receiver.



It’s like sending a package. 📬

Standard send: full return address visible.

Private send: package arrives to the recipient without a return address.

What does this look like in Solflare’s activity?

From your side:

→ It appears as if you sent it to an unknown address.

From their side:

→ It appears as if they received it from a different unknown address.

Send and receive transactions are on-chain without a clear link to the recipient.

https://preview.redd.it/p5n61vyxpomg1.png?width=680&format=png&auto=webp&s=598fd35bba83ec38cbf376ce273aa9e5b40a089c

How to use Private Send:  
・ Open Solflare  
・ Tap Send  
・ Toggle Private Send on  
・ Confirm  
  
Before you confirm, you’ll see:  
\~ Fees displayed clearly  
\~ Est. processing time  
After you confirm, you'll see:  
\~Confirmation that the transfer was sent privately, with a clear status showing that the transaction is being processed.  
(( Solflare does not add additional fees ))

  
Privacy Aggregator is the foundation.  
Private Send is the 1st step.  
Update Solflare & choose how YOU send ↓

[https://www.solflare.com/](https://www.solflare.com/)

https://preview.redd.it/zuc7h5mzpomg1.png?width=680&format=png&auto=webp&s=055fdc5b1fb2b8d6dd4e8e856500599623d42ede",23,7,Solana,https://reddit.com/r/solana/comments/1rj2wf4/solflare_introduces_privacy_aggregator_layer_pal/
1rj68fj,2026-03-02,2026-03-02T21:43:28+00:00,📢 Solana Digest (February 26 – March 01),,📢 Solana Digest (February 26 – March 01),8,1,Solana,https://reddit.com/r/solana/comments/1rj68fj/solana_digest_february_26_march_01/
1rj52ps,2026-03-02,2026-03-02T21:00:29+00:00,I’ve been building chaincodec + Chainkit because multichain dev tooling is a real pain — What am I missing?,,I’ve been building chaincodec + Chainkit because multichain dev tooling is a real pain — What am I missing?,5,3,Solana,https://reddit.com/r/solana/comments/1rj52ps/ive_been_building_chaincodec_chainkit_because/
1ribyd4,2026-03-01,2026-03-01T22:59:00+00:00,"At The Start Of 2025, Jupiter Was Solana's Largest Trading Venue",,"At The Start Of 2025, Jupiter Was Solana's Largest Trading Venue",13,6,Solana,https://reddit.com/r/solana/comments/1ribyd4/at_the_start_of_2025_jupiter_was_solanas_largest/
1rib1pq,2026-03-01,2026-03-01T22:22:11+00:00,Is anyone else actually building in public for PF hackathon?,"I have been scrolling through the Build in Public tag for the u/pumpfun hackathon and it’s a total mixed bag... 

Are there any projects that look massively undervalued right now?","Is anyone else actually building in public for PF hackathon? I have been scrolling through the Build in Public tag for the u/pumpfun hackathon and it’s a total mixed bag... 

Are there any projects that look massively undervalued right now?",4,6,Solana,https://reddit.com/r/solana/comments/1rib1pq/is_anyone_else_actually_building_in_public_for_pf/
1ri6nqx,2026-03-01,2026-03-01T19:34:11+00:00,"SuperteamDE - StableHacks Demo Day ""Grand Finale"" | Wednesday, April 8, 4:00 PM - 8:00 PM GMT+2","**Source:** [https://x.com/SuperteamDE/status/2026204727977865595](https://x.com/SuperteamDE/status/2026204727977865595)

Superteam Germany is supporting StableHacks!

Teams building institutional stablecoin infrastructure on Solana:

\- Permissioned DeFi vaults

\- Cross-border treasury systems

\- Programmable payments

Perfect for builders in our community interested in institutional DeFi.

🗓️ Hackathon: March 13-22

✍️ Applications open

🏆 Grand Finale Demo Day: April 8

Application & Demo Day registration links👇

https://preview.redd.it/nsva6amxjhmg1.png?width=680&format=png&auto=webp&s=3a03cb2462d55c625d27a164826594bef29cd16b

✍️ Apply for the hackathon: [https://dorahacks.io/hackathon/stablehacks/](https://dorahacks.io/hackathon/stablehacks/)

🏆 Grand Finale Demo Day: [https://luma.com/ocqke6bt](https://luma.com/ocqke6bt)

https://preview.redd.it/ek3bylkzjhmg1.png?width=680&format=png&auto=webp&s=3f4d54606d7eb8958874df7a7c17cf1f31a21b60

**About Event**

​The **StableHacks Demo Day & Grand Finale** brings together builders, investors, corporates, and the wider ecosystem to discover practical stablecoin use cases and celebrate the top teams of the hackathon.

​Expect live demos, jury feedback, and an opportunity to connect with founders and ecosystem players.

​**Agenda overview** 🚀

​🎤 **16:00–17:30 | Welcome & Live team pitches**  
Top StableHacks teams take the stage to present their solutions, followed by jury feedback and Q&A.

​🏆 **17:30–18:00 | Jury deliberation & winner announcements**  
Announcement of the winning teams and closing remarks.

​🥂 **From 18:00 | Networking apéro**  
Meet the founders, jury members, and fellow participants over an apéro.

​Open to all, registration required.  
  
\_\_\_\_\_\_\_\_\_\_\_\_\_\_\_\_\_\_\_\_\_\_\_\_\_\_\_\_\_\_\_\_\_\_\_\_\_\_\_\_\_\_\_\_\_  
  
**Disclaimer**  
By attending this event, you acknowledge that photos and videos may be taken during the event for promotional and documentation purposes. By entering the event premises, you grant the organizers full rights to use these images and recordings in any media, including digital, print, and social media. If you prefer not to be photographed or filmed, please inform a member of the event staff upon arrival.

Location

Please register to see the exact location of this event.

Zürich, Zürich

https://preview.redd.it/ac8oyr47khmg1.png?width=565&format=png&auto=webp&s=c5f1663b42bcf8b23f7048b03af887333e8df6cd","SuperteamDE - StableHacks Demo Day ""Grand Finale"" | Wednesday, April 8, 4:00 PM - 8:00 PM GMT+2 **Source:** [https://x.com/SuperteamDE/status/2026204727977865595](https://x.com/SuperteamDE/status/2026204727977865595)

Superteam Germany is supporting StableHacks!

Teams building institutional stablecoin infrastructure on Solana:

\- Permissioned DeFi vaults

\- Cross-border treasury systems

\- Programmable payments

Perfect for builders in our community interested in institutional DeFi.

🗓️ Hackathon: March 13-22

✍️ Applications open

🏆 Grand Finale Demo Day: April 8

Application & Demo Day registration links👇

https://preview.redd.it/nsva6amxjhmg1.png?width=680&format=png&auto=webp&s=3a03cb2462d55c625d27a164826594bef29cd16b

✍️ Apply for the hackathon: [https://dorahacks.io/hackathon/stablehacks/](https://dorahacks.io/hackathon/stablehacks/)

🏆 Grand Finale Demo Day: [https://luma.com/ocqke6bt](https://luma.com/ocqke6bt)

https://preview.redd.it/ek3bylkzjhmg1.png?width=680&format=png&auto=webp&s=3f4d54606d7eb8958874df7a7c17cf1f31a21b60

**About Event**

​The **StableHacks Demo Day & Grand Finale** brings together builders, investors, corporates, and the wider ecosystem to discover practical stablecoin use cases and celebrate the top teams of the hackathon.

​Expect live demos, jury feedback, and an opportunity to connect with founders and ecosystem players.

​**Agenda overview** 🚀

​🎤 **16:00–17:30 | Welcome & Live team pitches**  
Top StableHacks teams take the stage to present their solutions, followed by jury feedback and Q&A.

​🏆 **17:30–18:00 | Jury deliberation & winner announcements**  
Announcement of the winning teams and closing remarks.

​🥂 **From 18:00 | Networking apéro**  
Meet the founders, jury members, and fellow participants over an apéro.

​Open to all, registration required.  
  
\_\_\_\_\_\_\_\_\_\_\_\_\_\_\_\_\_\_\_\_\_\_\_\_\_\_\_\_\_\_\_\_\_\_\_\_\_\_\_\_\_\_\_\_\_  
  
**Disclaimer**  
By attending this event, you acknowledge that photos and videos may be taken during the event for promotional and documentation purposes. By entering the event premises, you grant the organizers full rights to use these images and recordings in any media, including digital, print, and social media. If you prefer not to be photographed or filmed, please inform a member of the event staff upon arrival.

Location

Please register to see the exact location of this event.

Zürich, Zürich

https://preview.redd.it/ac8oyr47khmg1.png?width=565&format=png&auto=webp&s=c5f1663b42bcf8b23f7048b03af887333e8df6cd",2,1,Solana,https://reddit.com/r/solana/comments/1ri6nqx/superteamde_stablehacks_demo_day_grand_finale/
1ri1m1g,2026-03-01,2026-03-01T16:28:02+00:00,Solana Ecosystem News - February 28-2026,"**Source:** [https://x.com/solana/status/2028123093495886227](https://x.com/solana/status/2028123093495886227)

From privacy vaults to prediction markets to payroll rails, Solana's infrastructure layer is becoming invisible and the products built on it are becoming undeniable.  
  
Here’s what happened over the week:  
  
📰 **Headline News**  
  
\- [@SoFi](https://x.com/SoFi), the national chartered bank, enabled native Solana network deposits  
\- [@solanapayments](https://x.com/solanapayments) launched as a unified hub for Solana payments  
\- [@gmcbhutan](https://x.com/gmcbhutan) launched the first Solana-backed nomad visa  
\- Solana RWA market cap hit a new ATH of $1.71B  


📰 **Launches**  
  
\- [@orca\_so](https://x.com/orca_so) added PnL and position history to its Liquidity Terminal  
\- [@metaplex](https://x.com/metaplex) introduced the Metaplex App for token discovery and launches  
\- [@mtndao](https://x.com/mtndao) Demo Day featured 30 teams presenting across categories  
\- [@solanamobile](https://x.com/solanamobile) debuted [@SeekerClaw](https://x.com/SeekerClaw), enabling less than a minute AI agent deployments  
\- [IndexifyApp](https://x.com/IndexifyApp) went live on iOS and Android, bringing portfolio tracking to mobile  
\- [@BagsApp](https://x.com/BagsApp) introduced the Bags App Store marketplace for developers  
\- [@dflow](https://x.com/dflow) and [@phantom](https://x.com/phantom) shipped a Claude Code Skill for building Solana apps  
\- [@TradeNeutral](https://x.com/TradeNeutral) unveiled its Debasement Vault designed for monetary neutrality  
\- [@EitherwayAI](https://x.com/EitherwayAI) debuted a describe-to-deploy tool for Solana apps  
\- [@pipenetwork](https://x.com/pipenetwork) shipped SolanaCDN, an open-source acceleration layer for block delivery  
\- [@printr](https://x.com/printr) launched an MCP server enabling AI agents to autonomously deploy and track tokens on Solana  
\- [@Zebec\_HQ](https://x.com/Zebec_HQ) launched the Zebec SuperApp for USDC-based payroll  
\- [@gauntlet\_xyz](https://x.com/gauntlet_xyz) launched USDC vault on [@kamino](https://x.com/kamino)  
\- [@trytbd](https://x.com/trytbd) released a platform for global polls and prediction markets  
\- [@project0](https://x.com/project0) rolled out 0 Pay, connecting onchain portfolios to IRL payment infrastructure  
\- [@MagicEden](https://x.com/MagicEden) transitioned its marketplace focus exclusively on Solana and Packs  
\- [@playdotfunsol](https://x.com/playdotfunsol) released gamified game growth platform for developers and players  
\- [@clawpumptech](https://x.com/clawpumptech) shipped a V2 upgrade for its agentic gateway  
\- [@glamsystems](https://x.com/glamsystems) partnered with [@gauntlet\_xyz](https://x.com/gauntlet_xyz) to bring institutional yields to gtUSDa  
\- [@triadmarkets](https://x.com/triadmarkets) entered its next phase of expansion on Solana  
\- [@reflectmoney](https://x.com/reflectmoney) introduced Reflect Whitelabel for launching custom yield-bearing stablecoins  
\- [@Noah\_HQ](https://x.com/Noah_HQ) partnered with [@JupiterExchange](https://x.com/JupiterExchange) to integrate regulated neobank capabilities  
\- [@Solana\_Company](https://x.com/Solana_Company) (NASDAQ: HSDT) announced global high-speed infrastructure buildout plans  
\- [@OnePieceLabs](https://x.com/OnePieceLabs) kicked off Solana Bootcamp APAC  
\- [@blueprintAI](https://x.com/blueprintAI) debuted an AI-driven Smart Savings Account  
\- [@coingecko](https://x.com/coingecko) and [@nansen\_ai](https://x.com/nansen_ai) shipped x402-powered APIs, enabling onchain data access for AI agents  
  
📰 **Milestones**  
  
\- [@kamino](https://x.com/kamino) crossed $1B in total RWA market size  
\- [@Sunrise\_DeFi](https://x.com/Sunrise_DeFi) hit $360M+ volume and 113K+ wallets since November launch  
\- [@PreStocks](https://x.com/PreStocks) total value surpassed $10M



This week's cover art by [@foursixsix](https://x.com/foursixsix)

https://preview.redd.it/ly1ncpr5mgmg1.png?width=680&format=png&auto=webp&s=2a096481989bf7e542abbb0967144f83681a7d42","Solana Ecosystem News - February 28-2026 **Source:** [https://x.com/solana/status/2028123093495886227](https://x.com/solana/status/2028123093495886227)

From privacy vaults to prediction markets to payroll rails, Solana's infrastructure layer is becoming invisible and the products built on it are becoming undeniable.  
  
Here’s what happened over the week:  
  
📰 **Headline News**  
  
\- [@SoFi](https://x.com/SoFi), the national chartered bank, enabled native Solana network deposits  
\- [@solanapayments](https://x.com/solanapayments) launched as a unified hub for Solana payments  
\- [@gmcbhutan](https://x.com/gmcbhutan) launched the first Solana-backed nomad visa  
\- Solana RWA market cap hit a new ATH of $1.71B  


📰 **Launches**  
  
\- [@orca\_so](https://x.com/orca_so) added PnL and position history to its Liquidity Terminal  
\- [@metaplex](https://x.com/metaplex) introduced the Metaplex App for token discovery and launches  
\- [@mtndao](https://x.com/mtndao) Demo Day featured 30 teams presenting across categories  
\- [@solanamobile](https://x.com/solanamobile) debuted [@SeekerClaw](https://x.com/SeekerClaw), enabling less than a minute AI agent deployments  
\- [IndexifyApp](https://x.com/IndexifyApp) went live on iOS and Android, bringing portfolio tracking to mobile  
\- [@BagsApp](https://x.com/BagsApp) introduced the Bags App Store marketplace for developers  
\- [@dflow](https://x.com/dflow) and [@phantom](https://x.com/phantom) shipped a Claude Code Skill for building Solana apps  
\- [@TradeNeutral](https://x.com/TradeNeutral) unveiled its Debasement Vault designed for monetary neutrality  
\- [@EitherwayAI](https://x.com/EitherwayAI) debuted a describe-to-deploy tool for Solana apps  
\- [@pipenetwork](https://x.com/pipenetwork) shipped SolanaCDN, an open-source acceleration layer for block delivery  
\- [@printr](https://x.com/printr) launched an MCP server enabling AI agents to autonomously deploy and track tokens on Solana  
\- [@Zebec\_HQ](https://x.com/Zebec_HQ) launched the Zebec SuperApp for USDC-based payroll  
\- [@gauntlet\_xyz](https://x.com/gauntlet_xyz) launched USDC vault on [@kamino](https://x.com/kamino)  
\- [@trytbd](https://x.com/trytbd) released a platform for global polls and prediction markets  
\- [@project0](https://x.com/project0) rolled out 0 Pay, connecting onchain portfolios to IRL payment infrastructure  
\- [@MagicEden](https://x.com/MagicEden) transitioned its marketplace focus exclusively on Solana and Packs  
\- [@playdotfunsol](https://x.com/playdotfunsol) released gamified game growth platform for developers and players  
\- [@clawpumptech](https://x.com/clawpumptech) shipped a V2 upgrade for its agentic gateway  
\- [@glamsystems](https://x.com/glamsystems) partnered with [@gauntlet\_xyz](https://x.com/gauntlet_xyz) to bring institutional yields to gtUSDa  
\- [@triadmarkets](https://x.com/triadmarkets) entered its next phase of expansion on Solana  
\- [@reflectmoney](https://x.com/reflectmoney) introduced Reflect Whitelabel for launching custom yield-bearing stablecoins  
\- [@Noah\_HQ](https://x.com/Noah_HQ) partnered with [@JupiterExchange](https://x.com/JupiterExchange) to integrate regulated neobank capabilities  
\- [@Solana\_Company](https://x.com/Solana_Company) (NASDAQ: HSDT) announced global high-speed infrastructure buildout plans  
\- [@OnePieceLabs](https://x.com/OnePieceLabs) kicked off Solana Bootcamp APAC  
\- [@blueprintAI](https://x.com/blueprintAI) debuted an AI-driven Smart Savings Account  
\- [@coingecko](https://x.com/coingecko) and [@nansen\_ai](https://x.com/nansen_ai) shipped x402-powered APIs, enabling onchain data access for AI agents  
  
📰 **Milestones**  
  
\- [@kamino](https://x.com/kamino) crossed $1B in total RWA market size  
\- [@Sunrise\_DeFi](https://x.com/Sunrise_DeFi) hit $360M+ volume and 113K+ wallets since November launch  
\- [@PreStocks](https://x.com/PreStocks) total value surpassed $10M



This week's cover art by [@foursixsix](https://x.com/foursixsix)

https://preview.redd.it/ly1ncpr5mgmg1.png?width=680&format=png&auto=webp&s=2a096481989bf7e542abbb0967144f83681a7d42",8,2,Solana,https://reddit.com/r/solana/comments/1ri1m1g/solana_ecosystem_news_february_282026/
1rht0vx,2026-03-01,2026-03-01T09:28:13+00:00,Solana Browser Extension for both Safari on IOS and Firefox on Windows?,"Basically I have an iPhone (stuck with it, there's a critical app that I need professionally that is only available on ios and iPadOS) and want to use my regular Safari Browser to interact with dapps like Magic Eden. The actual app doesn't have to be anything special, but I can't seem to find many options. The second trick I need is a Windows Firefox extension, since I don't have a Mac (whew), and it's proven hard to find a wallet that has both. I'm currently using Nightly on ios and Solflare on Windows, but I'm not a big fan of either of them. Nightly on ios seems a bit buggy, and Solflare on Windows has way more options that I'd rather not have, like predictions and stocks. Too complex. I'd like to have the same wallet on both my devices, nothing too complex, since I really just want to buy the dip on SOL and deal with a particular NFT collection.

Tldr: I'd like help finding a Solana wallet that has both a Safari for IOS extension and a Firefox for Windows extension.","Solana Browser Extension for both Safari on IOS and Firefox on Windows? Basically I have an iPhone (stuck with it, there's a critical app that I need professionally that is only available on ios and iPadOS) and want to use my regular Safari Browser to interact with dapps like Magic Eden. The actual app doesn't have to be anything special, but I can't seem to find many options. The second trick I need is a Windows Firefox extension, since I don't have a Mac (whew), and it's proven hard to find a wallet that has both. I'm currently using Nightly on ios and Solflare on Windows, but I'm not a big fan of either of them. Nightly on ios seems a bit buggy, and Solflare on Windows has way more options that I'd rather not have, like predictions and stocks. Too complex. I'd like to have the same wallet on both my devices, nothing too complex, since I really just want to buy the dip on SOL and deal with a particular NFT collection.

Tldr: I'd like help finding a Solana wallet that has both a Safari for IOS extension and a Firefox for Windows extension.",4,8,Solana,https://reddit.com/r/solana/comments/1rht0vx/solana_browser_extension_for_both_safari_on_ios/
1rhqntw,2026-03-01,2026-03-01T07:05:15+00:00,THIS WEEK IN MEDIA - 2/20-2/27,"**Source:** [https://x.com/solana/status/2027828554390712351](https://x.com/solana/status/2027828554390712351)

https://preview.redd.it/bvetmgwiudmg1.png?width=680&format=png&auto=webp&s=86888ba87623c6c223bfd0dae601381c10e37725

Read

* Sheraz Shere, GM Payments & Commerce, Solana Foundation spoke with The Street about the  [payments.org](http://payments.org/)  launch:  [Solana debuts payments.org as stablecoin payments move into the mainstream ](https://www.thestreet.com/crypto/markets/solana-debuts-payments-org-as-stablecoin-payments-move-into-the-mainstream)
* SoFi announced support for Solana deposits:  [SoFi Becomes First US Chartered Bank to Support Solana Deposits](https://beincrypto.com/us-bank-sofi-enables-solana-deposits/)
* DoubleZero announced Phase II of the DoubleZero Delegation Program (DZDP) and its Multicast Feature Upgrade:  [A former Solana exec is taking a page out of Wall Street playbook to make global crypto trades faster](https://www.coindesk.com/tech/2026/02/25/a-former-solana-exec-is-taking-a-page-out-of-wall-street-playbook-to-make-global-crypto-trades-faster)
* Solana Company announced plans to invest in a new low-latency cluster to support and drive staking and validation:  [Pantera-backed Solana Company kicks off APAC staking infrastructure buildout](https://www.theblock.co/post/390851/pantera-solana-company-apac-staking-infrastructure-buildout)

Watch

* Loopscale’s Mary Gooneratne on  [Genfinity](https://x.com/i/status/2026296459264504189)
* Tushar Jain and Mike Ippolito on  [Unchained](https://x.com/laurashin/status/2027351758671163480?s=20)  discussing Solana’s year ahead
* More Real Vision interviews from Breakpoint went live:
* [The Future of Solana’s Crypto Phone | with Solana Mobile's Emmett Hollyer](https://www.youtube.com/watch?v=feXEZJ38wSk)
* [Pantera: ""Why Solana Is Our Biggest Bet"" | With Cosmo Jiang and Artur Osiński](https://www.youtube.com/watch?v=u3BhTmasOew)

Listen

* Usman Saleem, founder of Oro, on  [The Index Podcast](https://x.com/theindexshow/status/2026462379731726659)
* Alex Scott interviews Brody, the founder of Palm USD, on  [Solana is Global ](https://solana.com/podcasts/solana-is-global-with-alex-scott/episodes/4da9cf95-92bd-4d8b-b954-61410cf94628)

  
","THIS WEEK IN MEDIA - 2/20-2/27 **Source:** [https://x.com/solana/status/2027828554390712351](https://x.com/solana/status/2027828554390712351)

https://preview.redd.it/bvetmgwiudmg1.png?width=680&format=png&auto=webp&s=86888ba87623c6c223bfd0dae601381c10e37725

Read

* Sheraz Shere, GM Payments & Commerce, Solana Foundation spoke with The Street about the  [payments.org](http://payments.org/)  launch:  [Solana debuts payments.org as stablecoin payments move into the mainstream ](https://www.thestreet.com/crypto/markets/solana-debuts-payments-org-as-stablecoin-payments-move-into-the-mainstream)
* SoFi announced support for Solana deposits:  [SoFi Becomes First US Chartered Bank to Support Solana Deposits](https://beincrypto.com/us-bank-sofi-enables-solana-deposits/)
* DoubleZero announced Phase II of the DoubleZero Delegation Program (DZDP) and its Multicast Feature Upgrade:  [A former Solana exec is taking a page out of Wall Street playbook to make global crypto trades faster](https://www.coindesk.com/tech/2026/02/25/a-former-solana-exec-is-taking-a-page-out-of-wall-street-playbook-to-make-global-crypto-trades-faster)
* Solana Company announced plans to invest in a new low-latency cluster to support and drive staking and validation:  [Pantera-backed Solana Company kicks off APAC staking infrastructure buildout](https://www.theblock.co/post/390851/pantera-solana-company-apac-staking-infrastructure-buildout)

Watch

* Loopscale’s Mary Gooneratne on  [Genfinity](https://x.com/i/status/2026296459264504189)
* Tushar Jain and Mike Ippolito on  [Unchained](https://x.com/laurashin/status/2027351758671163480?s=20)  discussing Solana’s year ahead
* More Real Vision interviews from Breakpoint went live:
* [The Future of Solana’s Crypto Phone | with Solana Mobile's Emmett Hollyer](https://www.youtube.com/watch?v=feXEZJ38wSk)
* [Pantera: ""Why Solana Is Our Biggest Bet"" | With Cosmo Jiang and Artur Osiński](https://www.youtube.com/watch?v=u3BhTmasOew)

Listen

* Usman Saleem, founder of Oro, on  [The Index Podcast](https://x.com/theindexshow/status/2026462379731726659)
* Alex Scott interviews Brody, the founder of Palm USD, on  [Solana is Global ](https://solana.com/podcasts/solana-is-global-with-alex-scott/episodes/4da9cf95-92bd-4d8b-b954-61410cf94628)",1,2,Solana,https://reddit.com/r/solana/comments/1rhqntw/this_week_in_media_220227/
1rhlfcy,2026-03-01,2026-03-01T02:30:18+00:00,Can someone actually explain how pump.fun was built? Like technicality and why it blew up?,Why was pump fun so big and how are they exactly running this trading place so easily? ,Can someone actually explain how pump.fun was built? Like technicality and why it blew up? Why was pump fun so big and how are they exactly running this trading place so easily?,14,24,Solana,https://reddit.com/r/solana/comments/1rhlfcy/can_someone_actually_explain_how_pumpfun_was/
1rgvdcq,2026-02-28,2026-02-28T06:32:29+00:00,Need your help for my smart money finder bot!,"Hello everyone,

I’ve built a bot to find smart money wallets on Solana. Basically, the bot reads all swap transactions of a specific token and returns the wallets that pass the filters I’ve defined.

However, the issue is that I don’t have an API to read a token’s swap history (most of them are quite expensive, and the free tiers run out very quickly). Is there any website I could scrape to fetch swap history data? Or do you have any alternative suggestions?

I’m looking for the cheapest possible way to solve this.","Need your help for my smart money finder bot! Hello everyone,

I’ve built a bot to find smart money wallets on Solana. Basically, the bot reads all swap transactions of a specific token and returns the wallets that pass the filters I’ve defined.

However, the issue is that I don’t have an API to read a token’s swap history (most of them are quite expensive, and the free tiers run out very quickly). Is there any website I could scrape to fetch swap history data? Or do you have any alternative suggestions?

I’m looking for the cheapest possible way to solve this.",5,16,Solana,https://reddit.com/r/solana/comments/1rgvdcq/need_your_help_for_my_smart_money_finder_bot/
1rgoazi,2026-02-28,2026-02-28T00:43:23+00:00,"someone made a memecoin of our sheep, Nori, what do we do?","someone made a meme coin of our sheep Nori, there actually might be two, and we aren’t really sure what to do. people are reaching out asking if we have solana wallet so they can send us “creator fees” and it all feels scammy and unfortunately we are crypto illiterate. we would be really disappointed if randos get to profit off of Nori and she doesn’t get anything that could help with vet costs or feed etc. 

do we ignore and move on?  

sorry we weren’t sure what flair to use. ","someone made a memecoin of our sheep, Nori, what do we do? someone made a meme coin of our sheep Nori, there actually might be two, and we aren’t really sure what to do. people are reaching out asking if we have solana wallet so they can send us “creator fees” and it all feels scammy and unfortunately we are crypto illiterate. we would be really disappointed if randos get to profit off of Nori and she doesn’t get anything that could help with vet costs or feed etc. 

do we ignore and move on?  

sorry we weren’t sure what flair to use.",23,41,Solana,https://reddit.com/r/solana/comments/1rgoazi/someone_made_a_memecoin_of_our_sheep_nori_what_do/
1rh5kwl,2026-02-28,2026-02-28T15:34:02+00:00,What would be the most cost effective way to download mass amounts of transaction history from wallets?,"I am looking to backfill transaction history for tens of thousands of wallets, what would be the most cost effective way to obtain this data? I would imagine free RPC's would take forever.","What would be the most cost effective way to download mass amounts of transaction history from wallets? I am looking to backfill transaction history for tens of thousands of wallets, what would be the most cost effective way to obtain this data? I would imagine free RPC's would take forever.",19,22,Solana,https://reddit.com/r/solana/comments/1rh5kwl/what_would_be_the_most_cost_effective_way_to/
1rgxrvo,2026-02-28,2026-02-28T08:54:13+00:00,Unchained Podcast - How Will Solana Fare Amidst Greater Competition From Ethereum and Hyperliquid?,,Unchained Podcast - How Will Solana Fare Amidst Greater Competition From Ethereum and Hyperliquid?,4,2,Solana,https://reddit.com/r/solana/comments/1rgxrvo/unchained_podcast_how_will_solana_fare_amidst/
1rhc27k,2026-02-28,2026-02-28T19:47:53+00:00,How does phantom staking work?,"So I've been seeing this option in my wallet, looks like a good thing to do to grow Solana over time. What confuses me is the part where it gets converted to ""Psol"". Can I exchange this for Solana in the future? Or does it stay Psol. Thanks!","How does phantom staking work? So I've been seeing this option in my wallet, looks like a good thing to do to grow Solana over time. What confuses me is the part where it gets converted to ""Psol"". Can I exchange this for Solana in the future? Or does it stay Psol. Thanks!",6,11,Solana,https://reddit.com/r/solana/comments/1rhc27k/how_does_phantom_staking_work/
1rgleh6,2026-02-27,2026-02-27T22:42:51+00:00,Just got my DeFi calculator approved for the Solana dApp Store. Built it to make on-the-go math a bit easier.,"Hey everyone,

I wanted to share a quick milestone. As a software engineer and a DeFi trader, I’ve always found it frustrating to manage positions while on the move. Whether you're checking Uniswap V3 ranges or trying to estimate APY compounding, doing it on a mobile browser was hard.

That’s why I built **DeFi & Crypto Calculator (Qalc)**, and it’s now officially live on the **Solana dApp Store**.

**Why I built this:** Most DeFi apps require you to connect your wallet just to see basic math. I wanted something fast, lightweight, and **zero-friction**. Qalc doesn't require any wallet connections or personal data—it’s a pure analytical tool designed for the Seeker and Saga devices. You keep your keys safe in your **Seed Vault** while using Qalc to do the math.

**Current Features:**

* **Uniswap V3 Simulator:** Model concentrated liquidity positions and estimate fee income.
* **Impermanent Loss (IL) Calculator:** Understand your risks before you commit capital.
* **Real-Time Token Alerts:** Set custom price and percentage alerts for SOL, BTC, ETH, and other major ecosystem tokens.
* **Yield Projections:** Calculate real yield vs. inflation to see what you’re actually earning.
* **And many more...** (all optimized specifically for the Seeker/Saga form factor).

If you have a Saga or a Seeker pre-order, I’d love for you to check it out in the dApp Store and give me some honest feedback.

**What calculators are you missing in your daily routine?** 

If you find a bug or have a feature request, please let me know in the comments—I'm actively working on updates!","Just got my DeFi calculator approved for the Solana dApp Store. Built it to make on-the-go math a bit easier. Hey everyone,

I wanted to share a quick milestone. As a software engineer and a DeFi trader, I’ve always found it frustrating to manage positions while on the move. Whether you're checking Uniswap V3 ranges or trying to estimate APY compounding, doing it on a mobile browser was hard.

That’s why I built **DeFi & Crypto Calculator (Qalc)**, and it’s now officially live on the **Solana dApp Store**.

**Why I built this:** Most DeFi apps require you to connect your wallet just to see basic math. I wanted something fast, lightweight, and **zero-friction**. Qalc doesn't require any wallet connections or personal data—it’s a pure analytical tool designed for the Seeker and Saga devices. You keep your keys safe in your **Seed Vault** while using Qalc to do the math.

**Current Features:**

* **Uniswap V3 Simulator:** Model concentrated liquidity positions and estimate fee income.
* **Impermanent Loss (IL) Calculator:** Understand your risks before you commit capital.
* **Real-Time Token Alerts:** Set custom price and percentage alerts for SOL, BTC, ETH, and other major ecosystem tokens.
* **Yield Projections:** Calculate real yield vs. inflation to see what you’re actually earning.
* **And many more...** (all optimized specifically for the Seeker/Saga form factor).

If you have a Saga or a Seeker pre-order, I’d love for you to check it out in the dApp Store and give me some honest feedback.

**What calculators are you missing in your daily routine?** 

If you find a bug or have a feature request, please let me know in the comments—I'm actively working on updates!",7,3,Solana,https://reddit.com/r/solana/comments/1rgleh6/just_got_my_defi_calculator_approved_for_the/
1rgjh4m,2026-02-27,2026-02-27T21:28:01+00:00,Swapping solana to btc in phantom?,Hi this is probably a dumb question but I just swapped some solana to btc in phantom wallet about 45 mins ago and the solana was sent out of my wallet. The address it was sent to is owned by “Hashiraio Atomic Swaps Program”. Do I just need to wait?,Swapping solana to btc in phantom? Hi this is probably a dumb question but I just swapped some solana to btc in phantom wallet about 45 mins ago and the solana was sent out of my wallet. The address it was sent to is owned by “Hashiraio Atomic Swaps Program”. Do I just need to wait?,20,19,Solana,https://reddit.com/r/solana/comments/1rgjh4m/swapping_solana_to_btc_in_phantom/
1rgg4of,2026-02-27,2026-02-27T19:20:22+00:00,"SolanaMobile Introduces ""SeekerClaw"", A Full-stack AI Agent Running Natively On The Most Crypto-native Phone In The World","**Source:** [https://x.com/solanamobile/status/2027438984201429316](https://x.com/solanamobile/status/2027438984201429316)

Meet [@SeekerClaw](https://x.com/SeekerClaw)   
  
\- Run an AI agent on your Seeker in less than 1 minute  
\- Fully integrated with Solana and Jupiter  
\- Open source  
  
Available now on the Solana dApp Store!

https://preview.redd.it/2ckp4wcn73mg1.png?width=680&format=png&auto=webp&s=51adcd01b21aa3cb562d1193bc716b3900dcb0f4

More info here: [https://x.com/SeekerClaw/status/2027437063268688325](https://x.com/SeekerClaw/status/2027437063268688325)

https://preview.redd.it/5jxqvdvr73mg1.png?width=479&format=png&auto=webp&s=bdb8956d6f11e3794f8890cac58318686805b9a0","SolanaMobile Introduces ""SeekerClaw"", A Full-stack AI Agent Running Natively On The Most Crypto-native Phone In The World **Source:** [https://x.com/solanamobile/status/2027438984201429316](https://x.com/solanamobile/status/2027438984201429316)

Meet [@SeekerClaw](https://x.com/SeekerClaw)   
  
\- Run an AI agent on your Seeker in less than 1 minute  
\- Fully integrated with Solana and Jupiter  
\- Open source  
  
Available now on the Solana dApp Store!

https://preview.redd.it/2ckp4wcn73mg1.png?width=680&format=png&auto=webp&s=51adcd01b21aa3cb562d1193bc716b3900dcb0f4

More info here: [https://x.com/SeekerClaw/status/2027437063268688325](https://x.com/SeekerClaw/status/2027437063268688325)

https://preview.redd.it/5jxqvdvr73mg1.png?width=479&format=png&auto=webp&s=bdb8956d6f11e3794f8890cac58318686805b9a0",7,7,Solana,https://reddit.com/r/solana/comments/1rgg4of/solanamobile_introduces_seekerclaw_a_fullstack_ai/
1rgfupp,2026-02-27,2026-02-27T19:10:06+00:00,"US Chartered Bank SoFi Enables Solana Network Deposits For Its 13.7 Million Customers, Directly From Their Banking App","**Source:** [https://x.com/solana/status/2027435110656774446](https://x.com/solana/status/2027435110656774446)

BREAKING: US chartered bank [@SoFi](https://x.com/SoFi) enables Solana network deposits for its 13.7 million customers, directly from their banking app

https://preview.redd.it/j214w6kv53mg1.png?width=680&format=png&auto=webp&s=d84740033b8eb9fc31b0fe2c5b03e76e9ddce321

**Source:** [https://x.com/SoFi/status/2027424637630792152](https://x.com/SoFi/status/2027424637630792152)

SoFi 🤝 Solana. Simple.  
  
SoFi now supports [@Solana](https://x.com/solana) network deposits! As the first national chartered bank where individuals can buy, sell and hold crypto, we’re helping you manage your SOL right in the SoFi app. Start now!

[https://www.sofi.com/crypto/](https://www.sofi.com/crypto/)

https://preview.redd.it/e3qcc0cz53mg1.png?width=680&format=png&auto=webp&s=bbb0c58c10ed4dbb9c0842c095534c94fef689e5

","US Chartered Bank SoFi Enables Solana Network Deposits For Its 13.7 Million Customers, Directly From Their Banking App **Source:** [https://x.com/solana/status/2027435110656774446](https://x.com/solana/status/2027435110656774446)

BREAKING: US chartered bank [@SoFi](https://x.com/SoFi) enables Solana network deposits for its 13.7 million customers, directly from their banking app

https://preview.redd.it/j214w6kv53mg1.png?width=680&format=png&auto=webp&s=d84740033b8eb9fc31b0fe2c5b03e76e9ddce321

**Source:** [https://x.com/SoFi/status/2027424637630792152](https://x.com/SoFi/status/2027424637630792152)

SoFi 🤝 Solana. Simple.  
  
SoFi now supports [@Solana](https://x.com/solana) network deposits! As the first national chartered bank where individuals can buy, sell and hold crypto, we’re helping you manage your SOL right in the SoFi app. Start now!

[https://www.sofi.com/crypto/](https://www.sofi.com/crypto/)

https://preview.redd.it/e3qcc0cz53mg1.png?width=680&format=png&auto=webp&s=bbb0c58c10ed4dbb9c0842c095534c94fef689e5",10,2,Solana,https://reddit.com/r/solana/comments/1rgfupp/us_chartered_bank_sofi_enables_solana_network/
1rgceir,2026-02-27,2026-02-27T17:06:08+00:00,Hush Protocol X Space - Privacy Szn Space,,Hush Protocol X Space - Privacy Szn Space,3,1,Solana,https://reddit.com/r/solana/comments/1rgceir/hush_protocol_x_space_privacy_szn_space/
1rgbqb0,2026-02-27,2026-02-27T16:42:32+00:00,What’s the most money you’ve missed out on because you had to switch apps to paste a contract address?,"We all know the exact sequence of pain.

You’re away from your desk. You see the alpha drop on the timeline or the TG notification pops up. You know it’s a massive play if you get in right now.

Then the mobile UI Olympics begin:

• Double-tap to copy the CA.

• Swipe up to switch apps.

• Open your wallet or TG bot.

• Stare at the screen for two seconds waiting for  FaceID to work.

• Paste the CA.

• Wait for the swap route to fetch.

• Smash buy.

Transaction Failed: Slippage Exceeded.

By the time you jump back to the browser to refresh DexScreener, the God candle has already printed, the deployer wallet has taken profit, and if you buy now, you are officially just exit liquidity.

I’m a dev, and I’m absolutely sick of this workflow. I’m doing some research to build a tool that completely bypasses this specific mobile bottleneck—but before I start mapping out the architecture, I want to hear your worst war stories.

How much money have you fumbled because of this exact sequence? What specific part of your mobile setup makes you want to throw your phone at the wall?

Drop your biggest Ls and frustrations below. I want to know exactly what is broken so I can build something that actually fixes it.","What’s the most money you’ve missed out on because you had to switch apps to paste a contract address? We all know the exact sequence of pain.

You’re away from your desk. You see the alpha drop on the timeline or the TG notification pops up. You know it’s a massive play if you get in right now.

Then the mobile UI Olympics begin:

• Double-tap to copy the CA.

• Swipe up to switch apps.

• Open your wallet or TG bot.

• Stare at the screen for two seconds waiting for  FaceID to work.

• Paste the CA.

• Wait for the swap route to fetch.

• Smash buy.

Transaction Failed: Slippage Exceeded.

By the time you jump back to the browser to refresh DexScreener, the God candle has already printed, the deployer wallet has taken profit, and if you buy now, you are officially just exit liquidity.

I’m a dev, and I’m absolutely sick of this workflow. I’m doing some research to build a tool that completely bypasses this specific mobile bottleneck—but before I start mapping out the architecture, I want to hear your worst war stories.

How much money have you fumbled because of this exact sequence? What specific part of your mobile setup makes you want to throw your phone at the wall?

Drop your biggest Ls and frustrations below. I want to know exactly what is broken so I can build something that actually fixes it.",15,9,Solana,https://reddit.com/r/solana/comments/1rgbqb0/whats_the_most_money_youve_missed_out_on_because/
1rgasr6,2026-02-27,2026-02-27T16:08:16+00:00,Solana Gaming Podcast - Meme Games are the Next Era of Gaming | Play.Fun,,Solana Gaming Podcast - Meme Games are the Next Era of Gaming | Play.Fun,9,2,Solana,https://reddit.com/r/solana/comments/1rgasr6/solana_gaming_podcast_meme_games_are_the_next_era/
1rg8jop,2026-02-27,2026-02-27T14:43:57+00:00,How do I withdraw from axiom lol my,Says I have insufficient funds when it says 17 bucks is right there and I have 40 cents for gas on sol. It doesn’t let me convert or swap or any bullshi. ,How do I withdraw from axiom lol my Says I have insufficient funds when it says 17 bucks is right there and I have 40 cents for gas on sol. It doesn’t let me convert or swap or any bullshi.,4,13,Solana,https://reddit.com/r/solana/comments/1rg8jop/how_do_i_withdraw_from_axiom_lol_my/
